[     393ms] [WARNING] var __dworker_1784009629713__={};
__dworker_1784009629713__.default=function(e,t){for(var n in t){var r=t[n],o=!1;if("[object Array]"===Object.prototype.toString.call(r))for(var i=0;i<r.length;i++){var a=r[i];for(var u in a)if("customInfo"!==u){var c=a[u];switch(Object.prototype.toString.call(c)){case"[object RegExp]":o=c.test(e[u]);break;case"[object String]":o=c===e[u];break;default:o=e[u]===c}if(!o)break}if(o)return[n,a.customInfo]}}return[]};

(function M(e,t,n){e.addEventListener("message",(function(r){var o=r.data;try{var i=o.id;if("RPC"!==o.type||null==i)return;if(o.method){var a=t[o.method];null==a?e.postMessage({type:"RPC",id:i,error:"NO_SUCH_METHOD"}):Promise.resolve().then((function(){return a.apply(null,o.params)})).then((function(t){e.postMessage({type:"RPC",id:i,result:t})})).catch((function(t){e.postMessage({type:"RPC",id:i,error:""+t})}))}else{var u=n[i];if(null==u)throw Error("Unknown callback ".concat(i));delete n[i],o.error?u[1](Error(o.error)):u[0](o.result)}}catch(e){console.error("worker addEventListener error",e)}}))})(self,__dworker_1784009629713__,{}); @ https://o.alicdn.com/dawn/dawn-tracker-aliyun/index.umd.js:0
[     523ms] [ERROR] Failed to load resource: net::ERR_CONNECTION_CLOSED @ https://log.mmstat.com/eg.js?t=1784009629796:0
[     536ms] [ERROR] Failed to load resource: net::ERR_CONNECTION_CLOSED @ https://gm.mmstat.com/aliyun_com.task.node:0
[     536ms] [ERROR] Failed to load resource: net::ERR_CONNECTION_CLOSED @ https://gm.mmstat.com/aliyun_com.task.node:0
[     568ms] [ERROR] Failed to load resource: net::ERR_CONNECTION_CLOSED @ https://gm.mmstat.com/aes.1.1:0
[     568ms] [ERROR] Failed to load resource: net::ERR_CONNECTION_CLOSED @ https://gm.mmstat.com/aliyun_com.task.node:0
[     568ms] [ERROR] Failed to load resource: net::ERR_CONNECTION_CLOSED @ https://gm.mmstat.com/aes.1.1:0
[     568ms] [ERROR] Failed to load resource: net::ERR_CONNECTION_CLOSED @ https://gm.mmstat.com/aliyun_com.task.node:0
[     568ms] [ERROR] Failed to load resource: net::ERR_CONNECTION_CLOSED @ https://gm.mmstat.com/aes.1.1:0
[     569ms] [ERROR] Failed to load resource: net::ERR_CONNECTION_CLOSED @ https://gm.mmstat.com/aliyun_com.task.node:0
[     569ms] [ERROR] Failed to load resource: net::ERR_CONNECTION_CLOSED @ https://gm.mmstat.com/aes.1.1:0
[     569ms] [ERROR] Failed to load resource: net::ERR_CONNECTION_CLOSED @ https://gm.mmstat.com/aes.1.1:0
[     577ms] [ERROR] Failed to load resource: net::ERR_CONNECTION_CLOSED @ https://gm.mmstat.com/aliyun.exposure.page-exp?gmkey=EXP&gokey=%26jsver%3Daplus_std%26lver%3D8.15.25%26pver%3D0.7.12%26cache%3D301ecd8%26page_cna%3D%26_slog%3D0&cna=&_p_url=https%3A%2F%2Faccount.aliyun.com%2Flogin%2Flogin.htm%3Foauth_callback%3Dhttps%253A%252F%252Frdsnext.console.aliyun.com%252Fdetail%252Fpgm-wz9t7bv5jsk55jh1%252FmonitorAlarm%253Fspm%253D5176.28369458.0.0.36961450Jepyio%2526region%253Dcn-shenzhen%2526DedicatedHostGroupId%253D%26clearRedirectCookie%3D1%26lang%3Dzh&spm-cnt=5176.12901015-2.0.0.49fb4b84bhTQAJ&logtype=2:0
[     577ms] [ERROR] Failed to load resource: net::ERR_CONNECTION_CLOSED @ https://log.mmstat.com/v.gif?logtype=1&title=%E9%98%BF%E9%87%8C%E4%BA%91%E7%99%BB%E5%BD%95%E9%A1%B5&pre=&scr=1280x720&_p_url=https%3A%2F%2Faccount.aliyun.com%2Flogin%2Flogin.htm%3Foauth_callback%3Dhttps%253A%252F%252Frdsnext.console.aliyun.com%252Fdetail%252Fpgm-wz9t7bv5jsk55jh1%252FmonitorAlarm%253Fspm%253D5176.28369458.0.0.36961450Jepyio%2526region%253Dcn-shenzhen%2526DedicatedHostGroupId%253D%26clearRedirectCookie%3D1%26lang%3Dzh&spm-cnt=5176.12901015-2.0.0.49fb4b84bhTQAJ&category=&uidaplus=&aplus&yunid=&yunpk=&channel=&cps=&p=1&o=mac&b=chrome149&s=1280x720&w=webkit&ism=mac&cache=d79ecd7&lver=8.15.25&jsver=aplus_std&pver=0.7.12&tag=0&stag=-3&lstag=-1&_slog=0:0
[     578ms] [ERROR] Failed to load resource: net::ERR_CONNECTION_CLOSED @ https://gm.mmstat.com/aes.1.1:0
[     578ms] [ERROR] Failed to load resource: net::ERR_CONNECTION_CLOSED @ https://gm.mmstat.com/aes.1.1:0
[     660ms] [ERROR] Failed to load resource: net::ERR_CONNECTION_CLOSED @ https://gm.mmstat.com/aliyun_com.homon.homon-module:0
[     725ms] [ERROR] Failed to load resource: net::ERR_CONNECTION_CLOSED @ https://gm.mmstat.com/aliyun-account.login_register_page.pageAction:0
[     726ms] [ERROR] Failed to load resource: net::ERR_CONNECTION_CLOSED @ https://gm.mmstat.com/aliyun_com.task.node:0
[     726ms] [ERROR] Failed to load resource: net::ERR_CONNECTION_CLOSED @ https://gm.mmstat.com/aliyun_com.task.node:0
[     733ms] [ERROR] Failed to load resource: net::ERR_CONNECTION_CLOSED @ https://gm.mmstat.com/aes.1.1:0
[     770ms] [ERROR] Failed to load resource: net::ERR_CONNECTION_CLOSED @ https://gm.mmstat.com/aes.1.1:0
[     812ms] [ERROR] Failed to load resource: net::ERR_CONNECTION_CLOSED @ https://gm.mmstat.com/aliyun-account.login_register_page.pageAction:0
[     817ms] [ERROR] Failed to load resource: net::ERR_CONNECTION_CLOSED @ https://gm.mmstat.com/aes.1.1:0
[     855ms] [WARNING] var __dworker_1784009630175__={};
__dworker_1784009630175__.default=function(e,t){for(var n in t){var r=t[n],o=!1;if("[object Array]"===Object.prototype.toString.call(r))for(var i=0;i<r.length;i++){var a=r[i];for(var u in a)if("customInfo"!==u){var c=a[u];switch(Object.prototype.toString.call(c)){case"[object RegExp]":o=c.test(e[u]);break;case"[object String]":o=c===e[u];break;default:o=e[u]===c}if(!o)break}if(o)return[n,a.customInfo]}}return[]};

(function M(e,t,n){e.addEventListener("message",(function(r){var o=r.data;try{var i=o.id;if("RPC"!==o.type||null==i)return;if(o.method){var a=t[o.method];null==a?e.postMessage({type:"RPC",id:i,error:"NO_SUCH_METHOD"}):Promise.resolve().then((function(){return a.apply(null,o.params)})).then((function(t){e.postMessage({type:"RPC",id:i,result:t})})).catch((function(t){e.postMessage({type:"RPC",id:i,error:""+t})}))}else{var u=n[i];if(null==u)throw Error("Unknown callback ".concat(i));delete n[i],o.error?u[1](Error(o.error)):u[0](o.result)}}catch(e){console.error("worker addEventListener error",e)}}))})(self,__dworker_1784009630175__,{}); @ https://o.alicdn.com/dawn/dawn-tracker-aliyun/index.umd.js:0
[     866ms] [ERROR] Failed to load resource: net::ERR_CONNECTION_CLOSED @ https://log.mmstat.com/eg.js?t=1784009630160:0
[     905ms] [LOG] null @ https://g.alicdn.com/aliyun-havana/fe-account-login-reg/0.0.17/umi.js:17
[     914ms] [ERROR] Failed to load resource: net::ERR_CONNECTION_CLOSED @ https://log.mmstat.com/eg.js?t=1784009630185:0
[     926ms] [WARNING] var __dworker_1784009630246__={};
__dworker_1784009630246__.default=function(e,t){for(var n in t){var r=t[n],o=!1;if("[object Array]"===Object.prototype.toString.call(r))for(var i=0;i<r.length;i++){var a=r[i];for(var u in a)if("customInfo"!==u){var c=a[u];switch(Object.prototype.toString.call(c)){case"[object RegExp]":o=c.test(e[u]);break;case"[object String]":o=c===e[u];break;default:o=e[u]===c}if(!o)break}if(o)return[n,a.customInfo]}}return[]};

(function M(e,t,n){e.addEventListener("message",(function(r){var o=r.data;try{var i=o.id;if("RPC"!==o.type||null==i)return;if(o.method){var a=t[o.method];null==a?e.postMessage({type:"RPC",id:i,error:"NO_SUCH_METHOD"}):Promise.resolve().then((function(){return a.apply(null,o.params)})).then((function(t){e.postMessage({type:"RPC",id:i,result:t})})).catch((function(t){e.postMessage({type:"RPC",id:i,error:""+t})}))}else{var u=n[i];if(null==u)throw Error("Unknown callback ".concat(i));delete n[i],o.error?u[1](Error(o.error)):u[0](o.result)}}catch(e){console.error("worker addEventListener error",e)}}))})(self,__dworker_1784009630246__,{}); @ https://o.alicdn.com/dawn/dawn-tracker-aliyun/index.umd.js:0
[     931ms] [ERROR] Failed to load resource: net::ERR_CONNECTION_CLOSED @ https://gm.mmstat.com/aes.1.1:0
[     943ms] [WARNING] var __dworker_1784009630263__={};
__dworker_1784009630263__.default=function(e,t){for(var n in t){var r=t[n],o=!1;if("[object Array]"===Object.prototype.toString.call(r))for(var i=0;i<r.length;i++){var a=r[i];for(var u in a)if("customInfo"!==u){var c=a[u];switch(Object.prototype.toString.call(c)){case"[object RegExp]":o=c.test(e[u]);break;case"[object String]":o=c===e[u];break;default:o=e[u]===c}if(!o)break}if(o)return[n,a.customInfo]}}return[]};

(function M(e,t,n){e.addEventListener("message",(function(r){var o=r.data;try{var i=o.id;if("RPC"!==o.type||null==i)return;if(o.method){var a=t[o.method];null==a?e.postMessage({type:"RPC",id:i,error:"NO_SUCH_METHOD"}):Promise.resolve().then((function(){return a.apply(null,o.params)})).then((function(t){e.postMessage({type:"RPC",id:i,result:t})})).catch((function(t){e.postMessage({type:"RPC",id:i,error:""+t})}))}else{var u=n[i];if(null==u)throw Error("Unknown callback ".concat(i));delete n[i],o.error?u[1](Error(o.error)):u[0](o.result)}}catch(e){console.error("worker addEventListener error",e)}}))})(self,__dworker_1784009630263__,{}); @ https://o.alicdn.com/dawn/dawn-tracker-aliyun/index.umd.js:0
[    1002ms] [LOG] Tue Jul 14 2026 14:13:50 GMT+0800 (China Standard Time) @ https://g.alicdn.com/AWSC/et/1.83.41/et_f.js:1
[    1002ms] [ERROR] Failed to load resource: net::ERR_CONNECTION_CLOSED @ https://log.mmstat.com/eg.js?t=1784009630232:0
[    1022ms] [LOG] goldlogReport page_show EXP {refererHost: undefined, refererHostValid: undefined} @ https://g.alicdn.com/aliyun-havana/havana-nlogin/0.9.61/index.js:0
[    1029ms] [LOG] goldlogReport postMessage OTHER {url: https%3A%2F%2Faccount.aliyun.com%2F, isWhiteList: undefined} @ https://g.alicdn.com/aliyun-havana/havana-nlogin/0.9.61/index.js:0
[    1029ms] [LOG] goldlogReport passkey.page.view CLK undefined @ https://g.alicdn.com/aliyun-havana/havana-nlogin/0.9.61/index.js:0
[    1035ms] [LOG] null @ https://g.alicdn.com/aliyun-havana/fe-account-login-reg/0.0.17/umi.js:17
[    1055ms] [LOG] goldlogReport page_show EXP {refererHost: undefined, refererHostValid: undefined} @ https://g.alicdn.com/aliyun-havana/havana-nlogin/0.9.61/index.js:0
[    1063ms] [LOG] goldlogReport postMessage OTHER {url: https%3A%2F%2Faccount.aliyun.com%2F, isWhiteList: undefined} @ https://g.alicdn.com/aliyun-havana/havana-nlogin/0.9.61/index.js:0
[    1071ms] [ERROR] Failed to load resource: net::ERR_CONNECTION_CLOSED @ https://gm.mmstat.com/aes.1.1:0
[    1079ms] [ERROR] Failed to load resource: net::ERR_CONNECTION_CLOSED @ https://log.mmstat.com/y.gif?logtype=0&title=%E7%99%BB%E5%BD%95&pre=https%3A%2F%2Faccount.aliyun.com%2F&scr=1280x720&_p_url=https%3A%2F%2Fpassport.aliyun.com%2Fhavanaone%2Flogin%2Flogin.htm%3Flang%3Dzh_CN%26appName%3Daliyun%26appEntrance%3Daliyun_pc_sms%26styleType%3Dvertical%26bizParams%3D%26notLoadSsoView%3Dtrue%26notKeepLogin%3Dtrue%26isMobile%3Dfalse%26targetId%3Dalibaba-mobile-login-iframe%26regUrl%3Dhttps%253A%252F%252Faccount.aliyun.com%252Fregister%252Fqr_register.htm%253Foauth_callback%253Dhttps%25253A%25252F%25252Frdsnext.console.aliyun.com%25252Fdetail%25252Fpgm-wz9t7bv5jsk55jh1%25252FmonitorAlarm%25253Fspm%25253D5176.28369458.0.0.36961450Jepyio%252526region%25253Dcn-shenzhen%252526DedicatedHostGroupId%25253D%2526clearRedirectCookie%253D1%2526lang%253Dzh%26returnUrl%3Dhttps%253A%252F%252Faccount.aliyun.com%252Flogin%252Flogin_aliyun.htm%253Fft%253Dpc_pwd_m%2526oauth_callback%253Dhttps%25253A%25252F%25252Frdsnext.console.aliyun.com%25252Fdetail%25252Fpgm-wz9t7bv5jsk55jh1%25252FmonitorAlarm%25253Fspm%25253D5176.28369458.0.0.36961450Jepyio%252526region%25253Dcn-shenzhen%252526DedicatedHostGroupId%25253D%2526log_channel%253Dindep%2526log_platform%253Dpc%2526login_log_entrance%253Dofficial_new%2526register_method%253Dmobile_login2reg%2526log_biz%253Daliyun%2526login_method%253Dsms_login%2526log_entrance%253Dofficial_new%26newSmsLoginReg%3Dtrue%26cssUrl%3Dhttps%253A%252F%252Fg.alicdn.com%252Fdawn%252Faliyun-account-styles%252F0.0.1%252Flogin-embedder.css%26pageversion%3Dv2%26%26bizPassParams%3D%257B%25&spm-cnt=0.0.0.0.1c981b051gSFQo&category=&aplus&yunid=&&trid=0be3e0ac17840096300267498e965e&asid=AQAAAACe01Vq5IDXFAAAAAAUjl4J9Q+a4g==&p=1&o=mac&b=chrome149&s=1280x720&w=webkit&ism=mac&cache=b34f4e8&lver=8.15.25&jsver=aplus_std&pver=0.7.12&_pw=400&_ph=168&tag=0&stag=-3&lstag=-1&_slog=0:0
[    1080ms] [ERROR] Failed to load resource: net::ERR_CONNECTION_CLOSED @ https://gm.mmstat.com/aes.1.1:0
[    1080ms] [ERROR] Failed to load resource: net::ERR_CONNECTION_CLOSED @ https://log.mmstat.com/y.gif?logtype=0&title=%E7%99%BB%E5%BD%95&pre=https%3A%2F%2Faccount.aliyun.com%2F&scr=1280x720&_p_url=https%3A%2F%2Fpassport.aliyun.com%2Fhavanaone%2Flogin%2Flogin.htm%3Flang%3Dzh_CN%26appName%3Daliyun%26appEntrance%3Daliyun_pc_passkey%26styleType%3Dvertical%26bizParams%3D%26notLoadSsoView%3Dtrue%26notKeepLogin%3Dtrue%26isMobile%3Dfalse%26defaultView%3Dpasskey%26targetId%3Dalibaba-passkey-login-iframe%26regUrl%3Dhttps%253A%252F%252Faccount.aliyun.com%252Fregister%252Fqr_register.htm%253Foauth_callback%253Dhttps%25253A%25252F%25252Frdsnext.console.aliyun.com%25252Fdetail%25252Fpgm-wz9t7bv5jsk55jh1%25252FmonitorAlarm%25253Fspm%25253D5176.28369458.0.0.36961450Jepyio%252526region%25253Dcn-shenzhen%252526DedicatedHostGroupId%25253D%2526clearRedirectCookie%253D1%2526lang%253Dzh%26returnUrl%3Dhttps%253A%252F%252Faccount.aliyun.com%252Flogin%252Flogin_aliyun.htm%253Fft%253Dpc_pwd_m%2526oauth_callback%253Dhttps%25253A%25252F%25252Frdsnext.console.aliyun.com%25252Fdetail%25252Fpgm-wz9t7bv5jsk55jh1%25252FmonitorAlarm%25253Fspm%25253D5176.28369458.0.0.36961450Jepyio%252526region%25253Dcn-shenzhen%252526DedicatedHostGroupId%25253D%2526log_channel%253Dindep%2526log_platform%253Dpc%2526login_log_entrance%253Dofficial_new%2526log_biz%253Daliyun%2526login_method%253Dpasskey_login%2526log_entrance%253Dofficial_new%26newSmsLoginReg%3Dtrue%26cssUrl%3Dhttps%253A%252F%252Fg.alicdn.com%252Fdawn%252Faliyun-account-styles%252F0.0.1%252Flogin-embedder.css%26bizPassParams%3D%257B%2522tenantName%2522%253A%2522%2522&spm-cnt=0.0.0.0.aef41b05m7H3VZ&category=&aplus&yunid=&&trid=0be3e0ac17840096300267499e965e&asid=AQAAAACe01VqgNUFNQAAAADTdPADHexnxA==&p=1&o=mac&b=chrome149&s=1280x720&w=webkit&ism=mac&cache=403442&lver=8.15.25&jsver=aplus_std&pver=0.7.12&_pw=400&_ph=168&tag=0&stag=-3&lstag=-1&_slog=0:0
[    1089ms] [ERROR] Failed to load resource: net::ERR_CONNECTION_CLOSED @ https://s-gm.mmstat.com/arms.1.1:0
[    1089ms] [VERBOSE] [DOM] Input elements should have autocomplete attributes (suggested: "current-password"): (More info: https://goo.gl/9p2vKq) %o @ https://passport.aliyun.com/havanaone/login/login.htm?lang=zh_CN&appName=aliyun&appEntrance=aliyun_pc_pwd&styleType=vertical&bizParams=&notLoadSsoView=true&notKeepLogin=true&isMobile=false&targetId=alibaba-login-iframe&regUrl=https%3A%2F%2Faccount.aliyun.com%2Fregister%2Fqr_register.htm%3Foauth_callback%3Dhttps%253A%252F%252Frdsnext.console.aliyun.com%252Fdetail%252Fpgm-wz9t7bv5jsk55jh1%252FmonitorAlarm%253Fspm%253D5176.28369458.0.0.36961450Jepyio%2526region%253Dcn-shenzhen%2526DedicatedHostGroupId%253D%26clearRedirectCookie%3D1%26lang%3Dzh&returnUrl=https%3A%2F%2Faccount.aliyun.com%2Flogin%2Flogin_aliyun.htm%3Fft%3Dpc_pwd_m%26oauth_callback%3Dhttps%253A%252F%252Frdsnext.console.aliyun.com%252Fdetail%252Fpgm-wz9t7bv5jsk55jh1%252FmonitorAlarm%253Fspm%253D5176.28369458.0.0.36961450Jepyio%2526region%253Dcn-shenzhen%2526DedicatedHostGroupId%253D%26log_channel%3Dindep%26log_platform%3Dpc%26login_log_entrance%3Dofficial%26login_method%3Dpwd_login%26log_biz%3Daliyun&newSmsLoginReg=true&cssUrl=https%3A%2F%2Fg.alicdn.com%2Fdawn%2Faliyun-account-styles%2F0.0.1%2Flogin-embedder.css&bizPassParams=%7B%22tenantName%22%3A%22%22%7D&&rnd=0.5906919641949916:0
[    1089ms] [ERROR] Failed to load resource: net::ERR_CONNECTION_CLOSED @ https://gm.mmstat.com/aes.1.1:0
[    1089ms] [ERROR] Failed to load resource: net::ERR_CONNECTION_CLOSED @ https://s-gm.mmstat.com/arms.1.1:0
[    1089ms] [ERROR] Failed to load resource: net::ERR_CONNECTION_CLOSED @ https://s-gm.mmstat.com/arms.1.1:0
[    1098ms] [ERROR] Failed to load resource: net::ERR_CONNECTION_CLOSED @ https://log.mmstat.com/y.gif?logtype=0&title=%E7%99%BB%E5%BD%95&pre=https%3A%2F%2Faccount.aliyun.com%2F&scr=1280x720&_p_url=https%3A%2F%2Fpassport.aliyun.com%2Fhavanaone%2Flogin%2Flogin.htm%3Flang%3Dzh_CN%26appName%3Daliyun%26appEntrance%3Daliyun_pc_pwd%26styleType%3Dvertical%26bizParams%3D%26notLoadSsoView%3Dtrue%26notKeepLogin%3Dtrue%26isMobile%3Dfalse%26targetId%3Dalibaba-login-iframe%26regUrl%3Dhttps%253A%252F%252Faccount.aliyun.com%252Fregister%252Fqr_register.htm%253Foauth_callback%253Dhttps%25253A%25252F%25252Frdsnext.console.aliyun.com%25252Fdetail%25252Fpgm-wz9t7bv5jsk55jh1%25252FmonitorAlarm%25253Fspm%25253D5176.28369458.0.0.36961450Jepyio%252526region%25253Dcn-shenzhen%252526DedicatedHostGroupId%25253D%2526clearRedirectCookie%253D1%2526lang%253Dzh%26returnUrl%3Dhttps%253A%252F%252Faccount.aliyun.com%252Flogin%252Flogin_aliyun.htm%253Fft%253Dpc_pwd_m%2526oauth_callback%253Dhttps%25253A%25252F%25252Frdsnext.console.aliyun.com%25252Fdetail%25252Fpgm-wz9t7bv5jsk55jh1%25252FmonitorAlarm%25253Fspm%25253D5176.28369458.0.0.36961450Jepyio%252526region%25253Dcn-shenzhen%252526DedicatedHostGroupId%25253D%2526log_channel%253Dindep%2526log_platform%253Dpc%2526login_log_entrance%253Dofficial%2526login_method%253Dpwd_login%2526log_biz%253Daliyun%26newSmsLoginReg%3Dtrue%26cssUrl%3Dhttps%253A%252F%252Fg.alicdn.com%252Fdawn%252Faliyun-account-styles%252F0.0.1%252Flogin-embedder.css%26bizPassParams%3D%257B%2522tenantName%2522%253A%2522%2522%257D%26%26rnd%3D0.5906919641949916&spm-cnt=0.0.0.0.3bba1b05hUPPKl&category=&aplus&yunid=&&trid=0be3e0ac17840096300267497e965e&asid=AQAAAACe01VqFS0oRQAAAADMJMhMHj+YJA==&p=1&o=mac&b=chrome149&s=1280x720&w=webkit&ism=mac&cache=1f90874&lver=8.15.25&jsver=aplus_std&pver=0.7.12&_pw=400&_ph=168&tag=0&stag=-3&lstag=-1&_slog=0:0
[    1110ms] [ERROR] Failed to load resource: net::ERR_CONNECTION_CLOSED @ https://gm.mmstat.com/aes.1.1:0
[    1114ms] [ERROR] Failed to load resource: net::ERR_CONNECTION_CLOSED @ https://gm.mmstat.com/aes.1.1:0
[    1114ms] [ERROR] Failed to load resource: net::ERR_CONNECTION_CLOSED @ https://gm.mmstat.com/aes.1.1:0
[    1116ms] [ERROR] Failed to load resource: net::ERR_CONNECTION_CLOSED @ https://gm.mmstat.com/aes.1.1:0
[    1116ms] [ERROR] Failed to load resource: net::ERR_CONNECTION_CLOSED @ https://gm.mmstat.com/aes.1.1:0
[    1116ms] [ERROR] Failed to load resource: net::ERR_CONNECTION_CLOSED @ https://gm.mmstat.com/aes.1.1:0
[    1119ms] [ERROR] Failed to load resource: net::ERR_CONNECTION_CLOSED @ https://gm.mmstat.com/aes.1.1:0
[    1121ms] [ERROR] Failed to load resource: net::ERR_CONNECTION_CLOSED @ https://gm.mmstat.com/aes.1.1:0
[    1122ms] [ERROR] Failed to load resource: net::ERR_CONNECTION_CLOSED @ https://gm.mmstat.com/aes.1.1:0
[    1122ms] [ERROR] Failed to load resource: net::ERR_CONNECTION_CLOSED @ https://gm.mmstat.com/aes.1.1:0
[    1127ms] [ERROR] Failed to load resource: net::ERR_CONNECTION_CLOSED @ https://gm.mmstat.com/aes.1.1:0
[    1155ms] [LOG] Tue Jul 14 2026 14:13:50 GMT+0800 (China Standard Time) @ https://g.alicdn.com/AWSC/et/1.83.41/et_f.js:1
[    1175ms] [LOG] Tue Jul 14 2026 14:13:50 GMT+0800 (China Standard Time) @ https://g.alicdn.com/AWSC/et/1.83.41/et_f.js:1
[    1224ms] [ERROR] Permissions policy violation: accelerometer is not allowed in this document. @ https://g.alicdn.com/AWSC/fireyejs/1.231.69/fireyejs.js:0
[    1224ms] [WARNING] The deviceorientation events are blocked by permissions policy. See https://github.com/w3c/webappsec-permissions-policy/blob/master/features.md#sensor-features @ https://g.alicdn.com/AWSC/fireyejs/1.231.69/fireyejs.js:0
[    1231ms] [ERROR] Permissions policy violation: accelerometer is not allowed in this document. @ https://g.alicdn.com/AWSC/fireyejs/1.231.69/fireyejs.js:0
[    1232ms] [WARNING] The deviceorientation events are blocked by permissions policy. See https://github.com/w3c/webappsec-permissions-policy/blob/master/features.md#sensor-features @ https://g.alicdn.com/AWSC/fireyejs/1.231.69/fireyejs.js:0
[    1238ms] [ERROR] Permissions policy violation: accelerometer is not allowed in this document. @ https://g.alicdn.com/AWSC/fireyejs/1.231.69/fireyejs.js:0
[    1238ms] [WARNING] The deviceorientation events are blocked by permissions policy. See https://github.com/w3c/webappsec-permissions-policy/blob/master/features.md#sensor-features @ https://g.alicdn.com/AWSC/fireyejs/1.231.69/fireyejs.js:0
[    1435ms] [ERROR] Failed to load resource: net::ERR_CONNECTION_CLOSED @ https://s-gm.mmstat.com/arms.1.1:0
[    1435ms] [ERROR] Failed to load resource: net::ERR_CONNECTION_CLOSED @ https://gm.mmstat.com/aes.1.1:0
[    1435ms] [ERROR] Failed to load resource: net::ERR_CONNECTION_CLOSED @ https://s-gm.mmstat.com/arms.1.2:0
[    1479ms] [ERROR] Failed to load resource: net::ERR_CONNECTION_CLOSED @ https://s-gm.mmstat.com/arms.1.1:0
[    1479ms] [ERROR] Failed to load resource: net::ERR_CONNECTION_CLOSED @ https://s-gm.mmstat.com/arms.1.2:0
[    1480ms] [ERROR] Failed to load resource: net::ERR_CONNECTION_CLOSED @ https://gm.mmstat.com/aes.1.1:0
[    1480ms] [ERROR] Failed to load resource: net::ERR_CONNECTION_CLOSED @ https://gm.mmstat.com/aes.1.1:0
[    1571ms] [ERROR] Failed to load resource: net::ERR_CONNECTION_CLOSED @ https://log.mmstat.com/eg.js?t=1784009630885:0
[    1658ms] [LOG] Tue Jul 14 2026 14:13:50 GMT+0800 (China Standard Time) @ https://g.alicdn.com/AWSC/et/1.83.41/et_f.js:1
[    1730ms] [LOG] goldlogReport postMessage OTHER {url: https%3A%2F%2Faccount.aliyun.com%2F, isWhiteList: undefined} @ https://g.alicdn.com/aliyun-havana/havana-nlogin/0.9.61/index.js:0
[    1731ms] [LOG] resize {action: resizeIframe, height: 168, width: 400} @ https://g.alicdn.com/aliyun-havana/havana-nlogin/0.9.61/index.js:0
[    1731ms] [LOG] goldlogReport postMessage OTHER {url: https%3A%2F%2Faccount.aliyun.com%2F, isWhiteList: undefined} @ https://g.alicdn.com/aliyun-havana/havana-nlogin/0.9.61/index.js:0
[    1765ms] [LOG] goldlogReport postMessage OTHER {url: https%3A%2F%2Faccount.aliyun.com%2F, isWhiteList: undefined} @ https://g.alicdn.com/aliyun-havana/havana-nlogin/0.9.61/index.js:0
[    1765ms] [LOG] resize {action: resizeIframe, height: 168, width: 400} @ https://g.alicdn.com/aliyun-havana/havana-nlogin/0.9.61/index.js:0
[    1765ms] [LOG] goldlogReport postMessage OTHER {url: https%3A%2F%2Faccount.aliyun.com%2F, isWhiteList: undefined} @ https://g.alicdn.com/aliyun-havana/havana-nlogin/0.9.61/index.js:0
[    2023ms] [ERROR] Failed to load resource: net::ERR_CONNECTION_CLOSED @ https://gm.mmstat.com/aliyun-account.login_register_page.pageAction:0
[    2023ms] [ERROR] Failed to load resource: net::ERR_CONNECTION_CLOSED @ https://gm.mmstat.com/aes.1.1:0
[    2079ms] [ERROR] Failed to load resource: net::ERR_CONNECTION_CLOSED @ https://log.mmstat.com/eg.js?t=1784009631386:0
[    2080ms] [ERROR] Failed to load resource: net::ERR_CONNECTION_CLOSED @ https://log.mmstat.com/eg.js?t=1784009631389:0
[    2086ms] [ERROR] Failed to load resource: net::ERR_CONNECTION_CLOSED @ https://s-gm.mmstat.com/arms.1.1:0
[    2097ms] [ERROR] Failed to load resource: net::ERR_CONNECTION_CLOSED @ https://log.mmstat.com/eg.js?t=1784009631412:0
[    2102ms] [ERROR] Failed to load resource: net::ERR_CONNECTION_CLOSED @ https://s-gm.mmstat.com/arms.1.1:0
[    3216ms] [ERROR] Failed to load resource: net::ERR_CONNECTION_CLOSED @ https://gm.mmstat.com/aliyun-account.login_register_page.pageAction:0
[    3216ms] [ERROR] Failed to load resource: net::ERR_CONNECTION_CLOSED @ https://gm.mmstat.com/aes.1.1:0
[    3659ms] [ERROR] Failed to load resource: net::ERR_CONNECTION_CLOSED @ https://gm.mmstat.com/aliyun_com.homon.tracker-event:0
[    4051ms] [ERROR] Failed to load resource: net::ERR_CONNECTION_CLOSED @ https://gm.mmstat.com/aes.1.1:0
[    4384ms] [ERROR] Failed to load resource: net::ERR_CONNECTION_CLOSED @ https://gm.mmstat.com/aliyun-account.login_register_page.pageAction:0
[    4386ms] [ERROR] Failed to load resource: net::ERR_CONNECTION_CLOSED @ https://gm.mmstat.com/aes.1.1:0
[    4431ms] [ERROR] Failed to load resource: net::ERR_CONNECTION_CLOSED @ https://gm.mmstat.com/aes.1.1:0
[    4478ms] [ERROR] Failed to load resource: net::ERR_CONNECTION_CLOSED @ https://gm.mmstat.com/aes.1.1:0
[    4484ms] [ERROR] Failed to load resource: net::ERR_CONNECTION_CLOSED @ https://gm.mmstat.com/aes.1.1:0
[    5497ms] [ERROR] Failed to load resource: net::ERR_CONNECTION_CLOSED @ https://gm.mmstat.com/aliyun-account.login_register_page.pageAction:0
[    5497ms] [ERROR] Failed to load resource: net::ERR_CONNECTION_CLOSED @ https://gm.mmstat.com/aes.1.1:0
[    6593ms] [ERROR] Failed to load resource: net::ERR_CONNECTION_CLOSED @ https://gm.mmstat.com/aliyun-account.login_register_page.pageAction:0
[    6595ms] [ERROR] Failed to load resource: net::ERR_CONNECTION_CLOSED @ https://gm.mmstat.com/aes.1.1:0
[    7746ms] [ERROR] Failed to load resource: net::ERR_CONNECTION_CLOSED @ https://gm.mmstat.com/aliyun-account.login_register_page.pageAction:0
[    7747ms] [ERROR] Failed to load resource: net::ERR_CONNECTION_CLOSED @ https://gm.mmstat.com/aes.1.1:0
[    8884ms] [ERROR] Failed to load resource: net::ERR_CONNECTION_CLOSED @ https://gm.mmstat.com/aliyun-account.login_register_page.pageAction:0
[    8886ms] [ERROR] Failed to load resource: net::ERR_CONNECTION_CLOSED @ https://gm.mmstat.com/aes.1.1:0
[   10021ms] [ERROR] Failed to load resource: net::ERR_CONNECTION_CLOSED @ https://gm.mmstat.com/aliyun-account.login_register_page.pageAction:0
[   10023ms] [ERROR] Failed to load resource: net::ERR_CONNECTION_CLOSED @ https://gm.mmstat.com/aes.1.1:0
[   11168ms] [ERROR] Failed to load resource: net::ERR_CONNECTION_CLOSED @ https://gm.mmstat.com/aliyun-account.login_register_page.pageAction:0
[   11173ms] [ERROR] Failed to load resource: net::ERR_CONNECTION_CLOSED @ https://gm.mmstat.com/aes.1.1:0
[   12282ms] [ERROR] Failed to load resource: net::ERR_CONNECTION_CLOSED @ https://gm.mmstat.com/aliyun-account.login_register_page.pageAction:0
[   12284ms] [ERROR] Failed to load resource: net::ERR_CONNECTION_CLOSED @ https://gm.mmstat.com/aes.1.1:0
[   13383ms] [ERROR] Failed to load resource: net::ERR_CONNECTION_CLOSED @ https://gm.mmstat.com/aliyun-account.login_register_page.pageAction:0
[   13385ms] [ERROR] Failed to load resource: net::ERR_CONNECTION_CLOSED @ https://gm.mmstat.com/aes.1.1:0
[   14507ms] [ERROR] Failed to load resource: net::ERR_CONNECTION_CLOSED @ https://gm.mmstat.com/aliyun-account.login_register_page.pageAction:0
[   14507ms] [ERROR] Failed to load resource: net::ERR_CONNECTION_CLOSED @ https://gm.mmstat.com/aes.1.1:0
[   15643ms] [ERROR] Failed to load resource: net::ERR_CONNECTION_CLOSED @ https://gm.mmstat.com/aliyun-account.login_register_page.pageAction:0
[   15643ms] [ERROR] Failed to load resource: net::ERR_CONNECTION_CLOSED @ https://gm.mmstat.com/aes.1.1:0
[   16747ms] [ERROR] Failed to load resource: net::ERR_CONNECTION_CLOSED @ https://gm.mmstat.com/aliyun-account.login_register_page.pageAction:0
[   16747ms] [ERROR] Failed to load resource: net::ERR_CONNECTION_CLOSED @ https://gm.mmstat.com/aes.1.1:0
[   17898ms] [ERROR] Failed to load resource: net::ERR_CONNECTION_CLOSED @ https://gm.mmstat.com/aliyun-account.login_register_page.pageAction:0
[   17898ms] [ERROR] Failed to load resource: net::ERR_CONNECTION_CLOSED @ https://gm.mmstat.com/aes.1.1:0
[   19030ms] [ERROR] Failed to load resource: net::ERR_CONNECTION_CLOSED @ https://gm.mmstat.com/aliyun-account.login_register_page.pageAction:0
[   19031ms] [ERROR] Failed to load resource: net::ERR_CONNECTION_CLOSED @ https://gm.mmstat.com/aes.1.1:0
[   20157ms] [ERROR] Failed to load resource: net::ERR_CONNECTION_CLOSED @ https://gm.mmstat.com/aliyun-account.login_register_page.pageAction:0
[   20158ms] [ERROR] Failed to load resource: net::ERR_CONNECTION_CLOSED @ https://gm.mmstat.com/aes.1.1:0
[   21261ms] [ERROR] Failed to load resource: net::ERR_CONNECTION_CLOSED @ https://gm.mmstat.com/aliyun-account.login_register_page.pageAction:0
[   21262ms] [ERROR] Failed to load resource: net::ERR_CONNECTION_CLOSED @ https://gm.mmstat.com/aes.1.1:0
[   22384ms] [ERROR] Failed to load resource: net::ERR_CONNECTION_CLOSED @ https://gm.mmstat.com/aliyun-account.login_register_page.pageAction:0
[   22385ms] [ERROR] Failed to load resource: net::ERR_CONNECTION_CLOSED @ https://gm.mmstat.com/aes.1.1:0
[   23506ms] [ERROR] Failed to load resource: net::ERR_CONNECTION_CLOSED @ https://gm.mmstat.com/aliyun-account.login_register_page.pageAction:0
[   23507ms] [ERROR] Failed to load resource: net::ERR_CONNECTION_CLOSED @ https://gm.mmstat.com/aes.1.1:0
[   24612ms] [ERROR] Failed to load resource: net::ERR_CONNECTION_CLOSED @ https://gm.mmstat.com/aliyun-account.login_register_page.pageAction:0
[   24612ms] [ERROR] Failed to load resource: net::ERR_CONNECTION_CLOSED @ https://gm.mmstat.com/aes.1.1:0
[   25755ms] [ERROR] Failed to load resource: net::ERR_CONNECTION_CLOSED @ https://gm.mmstat.com/aliyun-account.login_register_page.pageAction:0
[   25756ms] [ERROR] Failed to load resource: net::ERR_CONNECTION_CLOSED @ https://gm.mmstat.com/aes.1.1:0
[   26908ms] [ERROR] Failed to load resource: net::ERR_CONNECTION_CLOSED @ https://gm.mmstat.com/aliyun-account.login_register_page.pageAction:0
[   26908ms] [ERROR] Failed to load resource: net::ERR_CONNECTION_CLOSED @ https://gm.mmstat.com/aes.1.1:0
[   28036ms] [ERROR] Failed to load resource: net::ERR_CONNECTION_CLOSED @ https://gm.mmstat.com/aliyun-account.login_register_page.pageAction:0
[   28036ms] [ERROR] Failed to load resource: net::ERR_CONNECTION_CLOSED @ https://gm.mmstat.com/aes.1.1:0
[   29161ms] [ERROR] Failed to load resource: net::ERR_CONNECTION_CLOSED @ https://gm.mmstat.com/aliyun-account.login_register_page.pageAction:0
[   29161ms] [ERROR] Failed to load resource: net::ERR_CONNECTION_CLOSED @ https://gm.mmstat.com/aes.1.1:0
[   30271ms] [ERROR] Failed to load resource: net::ERR_CONNECTION_CLOSED @ https://gm.mmstat.com/aliyun-account.login_register_page.pageAction:0
[   30271ms] [ERROR] Failed to load resource: net::ERR_CONNECTION_CLOSED @ https://gm.mmstat.com/aes.1.1:0
[   30660ms] [ERROR] Failed to load resource: net::ERR_CONNECTION_CLOSED @ https://gm.mmstat.com/aliyun_com.homon.tracker-event:0
[   31392ms] [ERROR] Failed to load resource: net::ERR_CONNECTION_CLOSED @ https://gm.mmstat.com/aliyun-account.login_register_page.pageAction:0
[   31394ms] [ERROR] Failed to load resource: net::ERR_CONNECTION_CLOSED @ https://gm.mmstat.com/aes.1.1:0
[   32564ms] [ERROR] Failed to load resource: net::ERR_CONNECTION_CLOSED @ https://gm.mmstat.com/aliyun-account.login_register_page.pageAction:0
[   32564ms] [ERROR] Failed to load resource: net::ERR_CONNECTION_CLOSED @ https://gm.mmstat.com/aes.1.1:0
[   33701ms] [ERROR] Failed to load resource: net::ERR_CONNECTION_CLOSED @ https://gm.mmstat.com/aliyun-account.login_register_page.pageAction:0
[   33701ms] [ERROR] Failed to load resource: net::ERR_CONNECTION_CLOSED @ https://gm.mmstat.com/aes.1.1:0
[   34802ms] [ERROR] Failed to load resource: net::ERR_CONNECTION_CLOSED @ https://gm.mmstat.com/aliyun-account.login_register_page.pageAction:0
[   34802ms] [ERROR] Failed to load resource: net::ERR_CONNECTION_CLOSED @ https://gm.mmstat.com/aes.1.1:0
[   35913ms] [ERROR] Failed to load resource: net::ERR_CONNECTION_CLOSED @ https://gm.mmstat.com/aliyun-account.login_register_page.pageAction:0
[   35913ms] [ERROR] Failed to load resource: net::ERR_CONNECTION_CLOSED @ https://gm.mmstat.com/aes.1.1:0
[   37030ms] [ERROR] Failed to load resource: net::ERR_CONNECTION_CLOSED @ https://gm.mmstat.com/aliyun-account.login_register_page.pageAction:0
[   37030ms] [ERROR] Failed to load resource: net::ERR_CONNECTION_CLOSED @ https://gm.mmstat.com/aes.1.1:0
[   38153ms] [ERROR] Failed to load resource: net::ERR_CONNECTION_CLOSED @ https://gm.mmstat.com/aliyun-account.login_register_page.pageAction:0
[   38153ms] [ERROR] Failed to load resource: net::ERR_CONNECTION_CLOSED @ https://gm.mmstat.com/aes.1.1:0
[   39280ms] [ERROR] Failed to load resource: net::ERR_CONNECTION_CLOSED @ https://gm.mmstat.com/aliyun-account.login_register_page.pageAction:0
[   39280ms] [ERROR] Failed to load resource: net::ERR_CONNECTION_CLOSED @ https://gm.mmstat.com/aes.1.1:0
[   40432ms] [ERROR] Failed to load resource: net::ERR_CONNECTION_CLOSED @ https://gm.mmstat.com/aliyun-account.login_register_page.pageAction:0
[   40433ms] [ERROR] Failed to load resource: net::ERR_CONNECTION_CLOSED @ https://gm.mmstat.com/aes.1.1:0
[   41575ms] [ERROR] Failed to load resource: net::ERR_CONNECTION_CLOSED @ https://gm.mmstat.com/aliyun-account.login_register_page.pageAction:0
[   41576ms] [ERROR] Failed to load resource: net::ERR_CONNECTION_CLOSED @ https://gm.mmstat.com/aes.1.1:0
[   42687ms] [ERROR] Failed to load resource: net::ERR_CONNECTION_CLOSED @ https://gm.mmstat.com/aliyun-account.login_register_page.pageAction:0
[   42687ms] [ERROR] Failed to load resource: net::ERR_CONNECTION_CLOSED @ https://gm.mmstat.com/aes.1.1:0
[   43814ms] [ERROR] Failed to load resource: net::ERR_CONNECTION_CLOSED @ https://gm.mmstat.com/aliyun-account.login_register_page.pageAction:0
[   43814ms] [ERROR] Failed to load resource: net::ERR_CONNECTION_CLOSED @ https://gm.mmstat.com/aes.1.1:0
[   44930ms] [ERROR] Failed to load resource: net::ERR_CONNECTION_CLOSED @ https://gm.mmstat.com/aliyun-account.login_register_page.pageAction:0
[   44930ms] [ERROR] Failed to load resource: net::ERR_CONNECTION_CLOSED @ https://gm.mmstat.com/aes.1.1:0
[   46039ms] [ERROR] Failed to load resource: net::ERR_CONNECTION_CLOSED @ https://gm.mmstat.com/aliyun-account.login_register_page.pageAction:0
[   46039ms] [ERROR] Failed to load resource: net::ERR_CONNECTION_CLOSED @ https://gm.mmstat.com/aes.1.1:0
[   47143ms] [ERROR] Failed to load resource: net::ERR_CONNECTION_CLOSED @ https://gm.mmstat.com/aliyun-account.login_register_page.pageAction:0
[   47144ms] [ERROR] Failed to load resource: net::ERR_CONNECTION_CLOSED @ https://gm.mmstat.com/aes.1.1:0
[   48298ms] [ERROR] Failed to load resource: net::ERR_CONNECTION_CLOSED @ https://gm.mmstat.com/aliyun-account.login_register_page.pageAction:0
[   48298ms] [ERROR] Failed to load resource: net::ERR_CONNECTION_CLOSED @ https://gm.mmstat.com/aes.1.1:0
[   49442ms] [ERROR] Failed to load resource: net::ERR_CONNECTION_CLOSED @ https://gm.mmstat.com/aliyun-account.login_register_page.pageAction:0
[   49442ms] [ERROR] Failed to load resource: net::ERR_CONNECTION_CLOSED @ https://gm.mmstat.com/aes.1.1:0
[   50547ms] [ERROR] Failed to load resource: net::ERR_CONNECTION_CLOSED @ https://gm.mmstat.com/aliyun-account.login_register_page.pageAction:0
[   50548ms] [ERROR] Failed to load resource: net::ERR_CONNECTION_CLOSED @ https://gm.mmstat.com/aes.1.1:0
[   51651ms] [ERROR] Failed to load resource: net::ERR_CONNECTION_CLOSED @ https://gm.mmstat.com/aliyun-account.login_register_page.pageAction:0
[   51651ms] [ERROR] Failed to load resource: net::ERR_CONNECTION_CLOSED @ https://gm.mmstat.com/aes.1.1:0
[   52753ms] [ERROR] Failed to load resource: net::ERR_CONNECTION_CLOSED @ https://gm.mmstat.com/aliyun-account.login_register_page.pageAction:0
[   52753ms] [ERROR] Failed to load resource: net::ERR_CONNECTION_CLOSED @ https://gm.mmstat.com/aes.1.1:0
[   53861ms] [ERROR] Failed to load resource: net::ERR_CONNECTION_CLOSED @ https://gm.mmstat.com/aliyun-account.login_register_page.pageAction:0
[   53861ms] [ERROR] Failed to load resource: net::ERR_CONNECTION_CLOSED @ https://gm.mmstat.com/aes.1.1:0
[   54995ms] [ERROR] Failed to load resource: net::ERR_CONNECTION_CLOSED @ https://gm.mmstat.com/aliyun-account.login_register_page.pageAction:0
[   54996ms] [ERROR] Failed to load resource: net::ERR_CONNECTION_CLOSED @ https://gm.mmstat.com/aes.1.1:0
[   56163ms] [ERROR] Failed to load resource: net::ERR_CONNECTION_CLOSED @ https://gm.mmstat.com/aliyun-account.login_register_page.pageAction:0
[   56163ms] [ERROR] Failed to load resource: net::ERR_CONNECTION_CLOSED @ https://gm.mmstat.com/aes.1.1:0
[   57302ms] [ERROR] Failed to load resource: net::ERR_CONNECTION_CLOSED @ https://gm.mmstat.com/aliyun-account.login_register_page.pageAction:0
[   57302ms] [ERROR] Failed to load resource: net::ERR_CONNECTION_CLOSED @ https://gm.mmstat.com/aes.1.1:0
[   58441ms] [ERROR] Failed to load resource: net::ERR_CONNECTION_CLOSED @ https://gm.mmstat.com/aliyun-account.login_register_page.pageAction:0
[   58441ms] [ERROR] Failed to load resource: net::ERR_CONNECTION_CLOSED @ https://gm.mmstat.com/aes.1.1:0
[   59554ms] [ERROR] Failed to load resource: net::ERR_CONNECTION_CLOSED @ https://gm.mmstat.com/aliyun-account.login_register_page.pageAction:0
[   59555ms] [ERROR] Failed to load resource: net::ERR_CONNECTION_CLOSED @ https://gm.mmstat.com/aes.1.1:0
[   60669ms] [ERROR] Failed to load resource: net::ERR_CONNECTION_CLOSED @ https://gm.mmstat.com/aliyun-account.login_register_page.pageAction:0
[   60669ms] [ERROR] Failed to load resource: net::ERR_CONNECTION_CLOSED @ https://gm.mmstat.com/aes.1.1:0
[   61789ms] [ERROR] Failed to load resource: net::ERR_CONNECTION_CLOSED @ https://gm.mmstat.com/aliyun-account.login_register_page.pageAction:0
[   61789ms] [ERROR] Failed to load resource: net::ERR_CONNECTION_CLOSED @ https://gm.mmstat.com/aes.1.1:0
[   62976ms] [ERROR] Failed to load resource: net::ERR_CONNECTION_CLOSED @ https://gm.mmstat.com/aliyun-account.login_register_page.pageAction:0
[   62977ms] [ERROR] Failed to load resource: net::ERR_CONNECTION_CLOSED @ https://gm.mmstat.com/aes.1.1:0
[   64143ms] [ERROR] Failed to load resource: net::ERR_CONNECTION_CLOSED @ https://gm.mmstat.com/aliyun-account.login_register_page.pageAction:0
[   64143ms] [ERROR] Failed to load resource: net::ERR_CONNECTION_CLOSED @ https://gm.mmstat.com/aes.1.1:0
[   65253ms] [ERROR] Failed to load resource: net::ERR_CONNECTION_CLOSED @ https://gm.mmstat.com/aliyun-account.login_register_page.pageAction:0
[   65253ms] [ERROR] Failed to load resource: net::ERR_CONNECTION_CLOSED @ https://gm.mmstat.com/aes.1.1:0
[   66371ms] [ERROR] Failed to load resource: net::ERR_CONNECTION_CLOSED @ https://gm.mmstat.com/aliyun-account.login_register_page.pageAction:0
[   66371ms] [ERROR] Failed to load resource: net::ERR_CONNECTION_CLOSED @ https://gm.mmstat.com/aes.1.1:0
[   67493ms] [ERROR] Failed to load resource: net::ERR_CONNECTION_CLOSED @ https://gm.mmstat.com/aliyun-account.login_register_page.pageAction:0
[   67493ms] [ERROR] Failed to load resource: net::ERR_CONNECTION_CLOSED @ https://gm.mmstat.com/aes.1.1:0
[   68620ms] [ERROR] Failed to load resource: net::ERR_CONNECTION_CLOSED @ https://gm.mmstat.com/aliyun-account.login_register_page.pageAction:0
[   68620ms] [ERROR] Failed to load resource: net::ERR_CONNECTION_CLOSED @ https://gm.mmstat.com/aes.1.1:0
[   69796ms] [ERROR] Failed to load resource: net::ERR_CONNECTION_CLOSED @ https://gm.mmstat.com/aliyun-account.login_register_page.pageAction:0
[   69798ms] [ERROR] Failed to load resource: net::ERR_CONNECTION_CLOSED @ https://gm.mmstat.com/aes.1.1:0
[   70927ms] [ERROR] Failed to load resource: net::ERR_CONNECTION_CLOSED @ https://gm.mmstat.com/aliyun-account.login_register_page.pageAction:0
[   70927ms] [ERROR] Failed to load resource: net::ERR_CONNECTION_CLOSED @ https://gm.mmstat.com/aes.1.1:0
[   72055ms] [ERROR] Failed to load resource: net::ERR_CONNECTION_CLOSED @ https://gm.mmstat.com/aliyun-account.login_register_page.pageAction:0
[   72055ms] [ERROR] Failed to load resource: net::ERR_CONNECTION_CLOSED @ https://gm.mmstat.com/aes.1.1:0
[   73167ms] [ERROR] Failed to load resource: net::ERR_CONNECTION_CLOSED @ https://gm.mmstat.com/aliyun-account.login_register_page.pageAction:0
[   73167ms] [ERROR] Failed to load resource: net::ERR_CONNECTION_CLOSED @ https://gm.mmstat.com/aes.1.1:0
[   74275ms] [ERROR] Failed to load resource: net::ERR_CONNECTION_CLOSED @ https://gm.mmstat.com/aliyun-account.login_register_page.pageAction:0
[   74279ms] [ERROR] Failed to load resource: net::ERR_CONNECTION_CLOSED @ https://gm.mmstat.com/aes.1.1:0
[   75396ms] [ERROR] Failed to load resource: net::ERR_CONNECTION_CLOSED @ https://gm.mmstat.com/aliyun-account.login_register_page.pageAction:0
[   75396ms] [ERROR] Failed to load resource: net::ERR_CONNECTION_CLOSED @ https://gm.mmstat.com/aes.1.1:0
[   76511ms] [ERROR] Failed to load resource: net::ERR_CONNECTION_CLOSED @ https://gm.mmstat.com/aliyun-account.login_register_page.pageAction:0
[   76512ms] [ERROR] Failed to load resource: net::ERR_CONNECTION_CLOSED @ https://gm.mmstat.com/aes.1.1:0
[   77654ms] [ERROR] Failed to load resource: net::ERR_CONNECTION_CLOSED @ https://gm.mmstat.com/aliyun-account.login_register_page.pageAction:0
[   77654ms] [ERROR] Failed to load resource: net::ERR_CONNECTION_CLOSED @ https://gm.mmstat.com/aes.1.1:0
[   78802ms] [ERROR] Failed to load resource: net::ERR_CONNECTION_CLOSED @ https://gm.mmstat.com/aliyun-account.login_register_page.pageAction:0
[   78802ms] [ERROR] Failed to load resource: net::ERR_CONNECTION_CLOSED @ https://gm.mmstat.com/aes.1.1:0
[   79907ms] [ERROR] Failed to load resource: net::ERR_CONNECTION_CLOSED @ https://gm.mmstat.com/aliyun-account.login_register_page.pageAction:0
[   79907ms] [ERROR] Failed to load resource: net::ERR_CONNECTION_CLOSED @ https://gm.mmstat.com/aes.1.1:0
[   81014ms] [ERROR] Failed to load resource: net::ERR_CONNECTION_CLOSED @ https://gm.mmstat.com/aliyun-account.login_register_page.pageAction:0
[   81015ms] [ERROR] Failed to load resource: net::ERR_CONNECTION_CLOSED @ https://gm.mmstat.com/aes.1.1:0
[   82130ms] [ERROR] Failed to load resource: net::ERR_CONNECTION_CLOSED @ https://gm.mmstat.com/aliyun-account.login_register_page.pageAction:0
[   82130ms] [ERROR] Failed to load resource: net::ERR_CONNECTION_CLOSED @ https://gm.mmstat.com/aes.1.1:0
[   83238ms] [ERROR] Failed to load resource: net::ERR_CONNECTION_CLOSED @ https://gm.mmstat.com/aliyun-account.login_register_page.pageAction:0
[   83239ms] [ERROR] Failed to load resource: net::ERR_CONNECTION_CLOSED @ https://gm.mmstat.com/aes.1.1:0
[   84353ms] [ERROR] Failed to load resource: net::ERR_CONNECTION_CLOSED @ https://gm.mmstat.com/aliyun-account.login_register_page.pageAction:0
[   84353ms] [ERROR] Failed to load resource: net::ERR_CONNECTION_CLOSED @ https://gm.mmstat.com/aes.1.1:0
[   85524ms] [ERROR] Failed to load resource: net::ERR_CONNECTION_CLOSED @ https://gm.mmstat.com/aliyun-account.login_register_page.pageAction:0
[   85524ms] [ERROR] Failed to load resource: net::ERR_CONNECTION_CLOSED @ https://gm.mmstat.com/aes.1.1:0
[   86662ms] [ERROR] Failed to load resource: net::ERR_CONNECTION_CLOSED @ https://gm.mmstat.com/aliyun-account.login_register_page.pageAction:0
[   86663ms] [ERROR] Failed to load resource: net::ERR_CONNECTION_CLOSED @ https://gm.mmstat.com/aes.1.1:0
[   87767ms] [ERROR] Failed to load resource: net::ERR_CONNECTION_CLOSED @ https://gm.mmstat.com/aliyun-account.login_register_page.pageAction:0
[   87768ms] [ERROR] Failed to load resource: net::ERR_CONNECTION_CLOSED @ https://gm.mmstat.com/aes.1.1:0
[   88894ms] [ERROR] Failed to load resource: net::ERR_CONNECTION_CLOSED @ https://gm.mmstat.com/aliyun-account.login_register_page.pageAction:0
[   88894ms] [ERROR] Failed to load resource: net::ERR_CONNECTION_CLOSED @ https://gm.mmstat.com/aes.1.1:0
[   90003ms] [ERROR] Failed to load resource: net::ERR_CONNECTION_CLOSED @ https://gm.mmstat.com/aliyun-account.login_register_page.pageAction:0
[   90003ms] [ERROR] Failed to load resource: net::ERR_CONNECTION_CLOSED @ https://gm.mmstat.com/aes.1.1:0
[   91125ms] [ERROR] Failed to load resource: net::ERR_CONNECTION_CLOSED @ https://gm.mmstat.com/aliyun-account.login_register_page.pageAction:0
[   91125ms] [ERROR] Failed to load resource: net::ERR_CONNECTION_CLOSED @ https://gm.mmstat.com/aes.1.1:0
[   92337ms] [ERROR] Failed to load resource: net::ERR_CONNECTION_CLOSED @ https://gm.mmstat.com/aliyun-account.login_register_page.pageAction:0
[   92337ms] [ERROR] Failed to load resource: net::ERR_CONNECTION_CLOSED @ https://gm.mmstat.com/aes.1.1:0
[   93486ms] [ERROR] Failed to load resource: net::ERR_CONNECTION_CLOSED @ https://gm.mmstat.com/aliyun-account.login_register_page.pageAction:0
[   93486ms] [ERROR] Failed to load resource: net::ERR_CONNECTION_CLOSED @ https://gm.mmstat.com/aes.1.1:0
[   94589ms] [ERROR] Failed to load resource: net::ERR_CONNECTION_CLOSED @ https://gm.mmstat.com/aliyun-account.login_register_page.pageAction:0
[   94589ms] [ERROR] Failed to load resource: net::ERR_CONNECTION_CLOSED @ https://gm.mmstat.com/aes.1.1:0
[   95702ms] [ERROR] Failed to load resource: net::ERR_CONNECTION_CLOSED @ https://gm.mmstat.com/aliyun-account.login_register_page.pageAction:0
[   95703ms] [ERROR] Failed to load resource: net::ERR_CONNECTION_CLOSED @ https://gm.mmstat.com/aes.1.1:0
[   96805ms] [ERROR] Failed to load resource: net::ERR_CONNECTION_CLOSED @ https://gm.mmstat.com/aliyun-account.login_register_page.pageAction:0
[   96807ms] [ERROR] Failed to load resource: net::ERR_CONNECTION_CLOSED @ https://gm.mmstat.com/aes.1.1:0
[   97926ms] [ERROR] Failed to load resource: net::ERR_CONNECTION_CLOSED @ https://gm.mmstat.com/aliyun-account.login_register_page.pageAction:0
[   97926ms] [ERROR] Failed to load resource: net::ERR_CONNECTION_CLOSED @ https://gm.mmstat.com/aes.1.1:0
[   99050ms] [ERROR] Failed to load resource: net::ERR_CONNECTION_CLOSED @ https://gm.mmstat.com/aliyun-account.login_register_page.pageAction:0
[   99050ms] [ERROR] Failed to load resource: net::ERR_CONNECTION_CLOSED @ https://gm.mmstat.com/aes.1.1:0
[  100209ms] [ERROR] Failed to load resource: net::ERR_CONNECTION_CLOSED @ https://gm.mmstat.com/aliyun-account.login_register_page.pageAction:0
[  100209ms] [ERROR] Failed to load resource: net::ERR_CONNECTION_CLOSED @ https://gm.mmstat.com/aes.1.1:0
[  101350ms] [ERROR] Failed to load resource: net::ERR_CONNECTION_CLOSED @ https://gm.mmstat.com/aliyun-account.login_register_page.pageAction:0
[  101350ms] [ERROR] Failed to load resource: net::ERR_CONNECTION_CLOSED @ https://gm.mmstat.com/aes.1.1:0
[  102460ms] [ERROR] Failed to load resource: net::ERR_CONNECTION_CLOSED @ https://gm.mmstat.com/aliyun-account.login_register_page.pageAction:0
[  102460ms] [ERROR] Failed to load resource: net::ERR_CONNECTION_CLOSED @ https://gm.mmstat.com/aes.1.1:0
[  103573ms] [ERROR] Failed to load resource: net::ERR_CONNECTION_CLOSED @ https://gm.mmstat.com/aliyun-account.login_register_page.pageAction:0
[  103573ms] [ERROR] Failed to load resource: net::ERR_CONNECTION_CLOSED @ https://gm.mmstat.com/aes.1.1:0
[  104700ms] [ERROR] Failed to load resource: net::ERR_CONNECTION_CLOSED @ https://gm.mmstat.com/aliyun-account.login_register_page.pageAction:0
[  104700ms] [ERROR] Failed to load resource: net::ERR_CONNECTION_CLOSED @ https://gm.mmstat.com/aes.1.1:0
[  105814ms] [ERROR] Failed to load resource: net::ERR_CONNECTION_CLOSED @ https://gm.mmstat.com/aliyun-account.login_register_page.pageAction:0
[  105814ms] [ERROR] Failed to load resource: net::ERR_CONNECTION_CLOSED @ https://gm.mmstat.com/aes.1.1:0
[  106926ms] [ERROR] Failed to load resource: net::ERR_CONNECTION_CLOSED @ https://gm.mmstat.com/aliyun-account.login_register_page.pageAction:0
[  106926ms] [ERROR] Failed to load resource: net::ERR_CONNECTION_CLOSED @ https://gm.mmstat.com/aes.1.1:0
[  108075ms] [ERROR] Failed to load resource: net::ERR_CONNECTION_CLOSED @ https://gm.mmstat.com/aliyun-account.login_register_page.pageAction:0
[  108075ms] [ERROR] Failed to load resource: net::ERR_CONNECTION_CLOSED @ https://gm.mmstat.com/aes.1.1:0
[  109212ms] [ERROR] Failed to load resource: net::ERR_CONNECTION_CLOSED @ https://gm.mmstat.com/aliyun-account.login_register_page.pageAction:0
[  109212ms] [ERROR] Failed to load resource: net::ERR_CONNECTION_CLOSED @ https://gm.mmstat.com/aes.1.1:0
[  110326ms] [ERROR] Failed to load resource: net::ERR_CONNECTION_CLOSED @ https://gm.mmstat.com/aliyun-account.login_register_page.pageAction:0
[  110326ms] [ERROR] Failed to load resource: net::ERR_CONNECTION_CLOSED @ https://gm.mmstat.com/aes.1.1:0
[  111459ms] [ERROR] Failed to load resource: net::ERR_CONNECTION_CLOSED @ https://gm.mmstat.com/aliyun-account.login_register_page.pageAction:0
[  111459ms] [ERROR] Failed to load resource: net::ERR_CONNECTION_CLOSED @ https://gm.mmstat.com/aes.1.1:0
[  112583ms] [ERROR] Failed to load resource: net::ERR_CONNECTION_CLOSED @ https://gm.mmstat.com/aliyun-account.login_register_page.pageAction:0
[  112583ms] [ERROR] Failed to load resource: net::ERR_CONNECTION_CLOSED @ https://gm.mmstat.com/aes.1.1:0
[  113711ms] [ERROR] Failed to load resource: net::ERR_CONNECTION_CLOSED @ https://gm.mmstat.com/aliyun-account.login_register_page.pageAction:0
[  113712ms] [ERROR] Failed to load resource: net::ERR_CONNECTION_CLOSED @ https://gm.mmstat.com/aes.1.1:0
[  114894ms] [ERROR] Failed to load resource: net::ERR_CONNECTION_CLOSED @ https://gm.mmstat.com/aliyun-account.login_register_page.pageAction:0
[  114894ms] [ERROR] Failed to load resource: net::ERR_CONNECTION_CLOSED @ https://gm.mmstat.com/aes.1.1:0
[  116043ms] [ERROR] Failed to load resource: net::ERR_CONNECTION_CLOSED @ https://gm.mmstat.com/aliyun-account.login_register_page.pageAction:0
[  116043ms] [ERROR] Failed to load resource: net::ERR_CONNECTION_CLOSED @ https://gm.mmstat.com/aes.1.1:0
[  117138ms] [ERROR] Failed to load resource: net::ERR_CONNECTION_CLOSED @ https://gm.mmstat.com/aliyun-account.login_register_page.pageAction:0
[  117138ms] [ERROR] Failed to load resource: net::ERR_CONNECTION_CLOSED @ https://gm.mmstat.com/aes.1.1:0
[  118240ms] [ERROR] Failed to load resource: net::ERR_CONNECTION_CLOSED @ https://gm.mmstat.com/aliyun-account.login_register_page.pageAction:0
[  118240ms] [ERROR] Failed to load resource: net::ERR_CONNECTION_CLOSED @ https://gm.mmstat.com/aes.1.1:0
[  119353ms] [ERROR] Failed to load resource: net::ERR_CONNECTION_CLOSED @ https://gm.mmstat.com/aliyun-account.login_register_page.pageAction:0
[  119353ms] [ERROR] Failed to load resource: net::ERR_CONNECTION_CLOSED @ https://gm.mmstat.com/aes.1.1:0
[  120458ms] [ERROR] Failed to load resource: net::ERR_CONNECTION_CLOSED @ https://gm.mmstat.com/aliyun-account.login_register_page.pageAction:0
[  120459ms] [ERROR] Failed to load resource: net::ERR_CONNECTION_CLOSED @ https://gm.mmstat.com/aes.1.1:0
[  121579ms] [ERROR] Failed to load resource: net::ERR_CONNECTION_CLOSED @ https://gm.mmstat.com/aliyun-account.login_register_page.pageAction:0
[  121579ms] [ERROR] Failed to load resource: net::ERR_CONNECTION_CLOSED @ https://gm.mmstat.com/aes.1.1:0
[  122748ms] [ERROR] Failed to load resource: net::ERR_CONNECTION_CLOSED @ https://gm.mmstat.com/aliyun-account.login_register_page.pageAction:0
[  122748ms] [ERROR] Failed to load resource: net::ERR_CONNECTION_CLOSED @ https://gm.mmstat.com/aes.1.1:0
[  123888ms] [ERROR] Failed to load resource: net::ERR_CONNECTION_CLOSED @ https://gm.mmstat.com/aliyun-account.login_register_page.pageAction:0
[  123889ms] [ERROR] Failed to load resource: net::ERR_CONNECTION_CLOSED @ https://gm.mmstat.com/aes.1.1:0
[  124999ms] [ERROR] Failed to load resource: net::ERR_CONNECTION_CLOSED @ https://gm.mmstat.com/aliyun-account.login_register_page.pageAction:0
[  124999ms] [ERROR] Failed to load resource: net::ERR_CONNECTION_CLOSED @ https://gm.mmstat.com/aes.1.1:0
[  126120ms] [ERROR] Failed to load resource: net::ERR_CONNECTION_CLOSED @ https://gm.mmstat.com/aliyun-account.login_register_page.pageAction:0
[  126120ms] [ERROR] Failed to load resource: net::ERR_CONNECTION_CLOSED @ https://gm.mmstat.com/aes.1.1:0
[  127253ms] [ERROR] Failed to load resource: net::ERR_CONNECTION_CLOSED @ https://gm.mmstat.com/aliyun-account.login_register_page.pageAction:0
[  127253ms] [ERROR] Failed to load resource: net::ERR_CONNECTION_CLOSED @ https://gm.mmstat.com/aes.1.1:0
[  128375ms] [ERROR] Failed to load resource: net::ERR_CONNECTION_CLOSED @ https://gm.mmstat.com/aliyun-account.login_register_page.pageAction:0
[  128376ms] [ERROR] Failed to load resource: net::ERR_CONNECTION_CLOSED @ https://gm.mmstat.com/aes.1.1:0
[  129568ms] [ERROR] Failed to load resource: net::ERR_CONNECTION_CLOSED @ https://gm.mmstat.com/aliyun-account.login_register_page.pageAction:0
[  129568ms] [ERROR] Failed to load resource: net::ERR_CONNECTION_CLOSED @ https://gm.mmstat.com/aes.1.1:0
[  130705ms] [ERROR] Failed to load resource: net::ERR_CONNECTION_CLOSED @ https://gm.mmstat.com/aliyun-account.login_register_page.pageAction:0
[  130706ms] [ERROR] Failed to load resource: net::ERR_CONNECTION_CLOSED @ https://gm.mmstat.com/aes.1.1:0
[  131823ms] [ERROR] Failed to load resource: net::ERR_CONNECTION_CLOSED @ https://gm.mmstat.com/aliyun-account.login_register_page.pageAction:0
[  131823ms] [ERROR] Failed to load resource: net::ERR_CONNECTION_CLOSED @ https://gm.mmstat.com/aes.1.1:0
[  132937ms] [ERROR] Failed to load resource: net::ERR_CONNECTION_CLOSED @ https://gm.mmstat.com/aliyun-account.login_register_page.pageAction:0
[  132938ms] [ERROR] Failed to load resource: net::ERR_CONNECTION_CLOSED @ https://gm.mmstat.com/aes.1.1:0
[  134071ms] [ERROR] Failed to load resource: net::ERR_CONNECTION_CLOSED @ https://gm.mmstat.com/aliyun-account.login_register_page.pageAction:0
[  134071ms] [ERROR] Failed to load resource: net::ERR_CONNECTION_CLOSED @ https://gm.mmstat.com/aes.1.1:0
[  135181ms] [ERROR] Failed to load resource: net::ERR_CONNECTION_CLOSED @ https://gm.mmstat.com/aliyun-account.login_register_page.pageAction:0
[  135181ms] [ERROR] Failed to load resource: net::ERR_CONNECTION_CLOSED @ https://gm.mmstat.com/aes.1.1:0
[  136374ms] [ERROR] Failed to load resource: net::ERR_CONNECTION_CLOSED @ https://gm.mmstat.com/aliyun-account.login_register_page.pageAction:0
[  136374ms] [ERROR] Failed to load resource: net::ERR_CONNECTION_CLOSED @ https://gm.mmstat.com/aes.1.1:0
[  137533ms] [ERROR] Failed to load resource: net::ERR_CONNECTION_CLOSED @ https://gm.mmstat.com/aliyun-account.login_register_page.pageAction:0
[  137533ms] [ERROR] Failed to load resource: net::ERR_CONNECTION_CLOSED @ https://gm.mmstat.com/aes.1.1:0
[  138663ms] [ERROR] Failed to load resource: net::ERR_CONNECTION_CLOSED @ https://gm.mmstat.com/aliyun-account.login_register_page.pageAction:0
[  138664ms] [ERROR] Failed to load resource: net::ERR_CONNECTION_CLOSED @ https://gm.mmstat.com/aes.1.1:0
[  139778ms] [ERROR] Failed to load resource: net::ERR_CONNECTION_CLOSED @ https://gm.mmstat.com/aliyun-account.login_register_page.pageAction:0
[  139778ms] [ERROR] Failed to load resource: net::ERR_CONNECTION_CLOSED @ https://gm.mmstat.com/aes.1.1:0
[  140896ms] [ERROR] Failed to load resource: net::ERR_CONNECTION_CLOSED @ https://gm.mmstat.com/aliyun-account.login_register_page.pageAction:0
[  140896ms] [ERROR] Failed to load resource: net::ERR_CONNECTION_CLOSED @ https://gm.mmstat.com/aes.1.1:0
[  142016ms] [ERROR] Failed to load resource: net::ERR_CONNECTION_CLOSED @ https://gm.mmstat.com/aliyun-account.login_register_page.pageAction:0
[  142016ms] [ERROR] Failed to load resource: net::ERR_CONNECTION_CLOSED @ https://gm.mmstat.com/aes.1.1:0
[  143196ms] [ERROR] Failed to load resource: net::ERR_CONNECTION_CLOSED @ https://gm.mmstat.com/aliyun-account.login_register_page.pageAction:0
[  143196ms] [ERROR] Failed to load resource: net::ERR_CONNECTION_CLOSED @ https://gm.mmstat.com/aes.1.1:0
[  144343ms] [ERROR] Failed to load resource: net::ERR_CONNECTION_CLOSED @ https://gm.mmstat.com/aliyun-account.login_register_page.pageAction:0
[  144343ms] [ERROR] Failed to load resource: net::ERR_CONNECTION_CLOSED @ https://gm.mmstat.com/aes.1.1:0
[  145456ms] [ERROR] Failed to load resource: net::ERR_CONNECTION_CLOSED @ https://gm.mmstat.com/aliyun-account.login_register_page.pageAction:0
[  145456ms] [ERROR] Failed to load resource: net::ERR_CONNECTION_CLOSED @ https://gm.mmstat.com/aes.1.1:0
[  146561ms] [ERROR] Failed to load resource: net::ERR_CONNECTION_CLOSED @ https://gm.mmstat.com/aliyun-account.login_register_page.pageAction:0
[  146561ms] [ERROR] Failed to load resource: net::ERR_CONNECTION_CLOSED @ https://gm.mmstat.com/aes.1.1:0
[  147685ms] [ERROR] Failed to load resource: net::ERR_CONNECTION_CLOSED @ https://gm.mmstat.com/aliyun-account.login_register_page.pageAction:0
[  147686ms] [ERROR] Failed to load resource: net::ERR_CONNECTION_CLOSED @ https://gm.mmstat.com/aes.1.1:0
[  148789ms] [ERROR] Failed to load resource: net::ERR_CONNECTION_CLOSED @ https://gm.mmstat.com/aliyun-account.login_register_page.pageAction:0
[  148789ms] [ERROR] Failed to load resource: net::ERR_CONNECTION_CLOSED @ https://gm.mmstat.com/aes.1.1:0
[  149904ms] [ERROR] Failed to load resource: net::ERR_CONNECTION_CLOSED @ https://gm.mmstat.com/aliyun-account.login_register_page.pageAction:0
[  149904ms] [ERROR] Failed to load resource: net::ERR_CONNECTION_CLOSED @ https://gm.mmstat.com/aes.1.1:0
[  151068ms] [ERROR] Failed to load resource: net::ERR_CONNECTION_CLOSED @ https://gm.mmstat.com/aliyun-account.login_register_page.pageAction:0
[  151068ms] [ERROR] Failed to load resource: net::ERR_CONNECTION_CLOSED @ https://gm.mmstat.com/aes.1.1:0
[  152209ms] [ERROR] Failed to load resource: net::ERR_CONNECTION_CLOSED @ https://gm.mmstat.com/aliyun-account.login_register_page.pageAction:0
[  152209ms] [ERROR] Failed to load resource: net::ERR_CONNECTION_CLOSED @ https://gm.mmstat.com/aes.1.1:0
[  153330ms] [ERROR] Failed to load resource: net::ERR_CONNECTION_CLOSED @ https://gm.mmstat.com/aliyun-account.login_register_page.pageAction:0
[  153331ms] [ERROR] Failed to load resource: net::ERR_CONNECTION_CLOSED @ https://gm.mmstat.com/aes.1.1:0
[  154444ms] [ERROR] Failed to load resource: net::ERR_CONNECTION_CLOSED @ https://gm.mmstat.com/aliyun-account.login_register_page.pageAction:0
[  154444ms] [ERROR] Failed to load resource: net::ERR_CONNECTION_CLOSED @ https://gm.mmstat.com/aes.1.1:0
[  155557ms] [ERROR] Failed to load resource: net::ERR_CONNECTION_CLOSED @ https://gm.mmstat.com/aliyun-account.login_register_page.pageAction:0
[  155558ms] [ERROR] Failed to load resource: net::ERR_CONNECTION_CLOSED @ https://gm.mmstat.com/aes.1.1:0
[  156664ms] [ERROR] Failed to load resource: net::ERR_CONNECTION_CLOSED @ https://gm.mmstat.com/aliyun-account.login_register_page.pageAction:0
[  156664ms] [ERROR] Failed to load resource: net::ERR_CONNECTION_CLOSED @ https://gm.mmstat.com/aes.1.1:0
[  157872ms] [ERROR] Failed to load resource: net::ERR_CONNECTION_CLOSED @ https://gm.mmstat.com/aliyun-account.login_register_page.pageAction:0
[  157873ms] [ERROR] Failed to load resource: net::ERR_CONNECTION_CLOSED @ https://gm.mmstat.com/aes.1.1:0
[  159049ms] [ERROR] Failed to load resource: net::ERR_CONNECTION_CLOSED @ https://gm.mmstat.com/aliyun-account.login_register_page.pageAction:0
[  159049ms] [ERROR] Failed to load resource: net::ERR_CONNECTION_CLOSED @ https://gm.mmstat.com/aes.1.1:0
[  160162ms] [ERROR] Failed to load resource: net::ERR_CONNECTION_CLOSED @ https://gm.mmstat.com/aliyun-account.login_register_page.pageAction:0
[  160162ms] [ERROR] Failed to load resource: net::ERR_CONNECTION_CLOSED @ https://gm.mmstat.com/aes.1.1:0
[  161288ms] [ERROR] Failed to load resource: net::ERR_CONNECTION_CLOSED @ https://gm.mmstat.com/aliyun-account.login_register_page.pageAction:0
[  161288ms] [ERROR] Failed to load resource: net::ERR_CONNECTION_CLOSED @ https://gm.mmstat.com/aes.1.1:0
[  162421ms] [ERROR] Failed to load resource: net::ERR_CONNECTION_CLOSED @ https://gm.mmstat.com/aliyun-account.login_register_page.pageAction:0
[  162421ms] [ERROR] Failed to load resource: net::ERR_CONNECTION_CLOSED @ https://gm.mmstat.com/aes.1.1:0
[  163529ms] [ERROR] Failed to load resource: net::ERR_CONNECTION_CLOSED @ https://gm.mmstat.com/aliyun-account.login_register_page.pageAction:0
[  163529ms] [ERROR] Failed to load resource: net::ERR_CONNECTION_CLOSED @ https://gm.mmstat.com/aes.1.1:0
[  164692ms] [ERROR] Failed to load resource: net::ERR_CONNECTION_CLOSED @ https://gm.mmstat.com/aliyun-account.login_register_page.pageAction:0
[  164692ms] [ERROR] Failed to load resource: net::ERR_CONNECTION_CLOSED @ https://gm.mmstat.com/aes.1.1:0
[  165851ms] [ERROR] Failed to load resource: net::ERR_CONNECTION_CLOSED @ https://gm.mmstat.com/aliyun-account.login_register_page.pageAction:0
[  165851ms] [ERROR] Failed to load resource: net::ERR_CONNECTION_CLOSED @ https://gm.mmstat.com/aes.1.1:0
[  166965ms] [ERROR] Failed to load resource: net::ERR_CONNECTION_CLOSED @ https://gm.mmstat.com/aliyun-account.login_register_page.pageAction:0
[  166965ms] [ERROR] Failed to load resource: net::ERR_CONNECTION_CLOSED @ https://gm.mmstat.com/aes.1.1:0
[  168076ms] [ERROR] Failed to load resource: net::ERR_CONNECTION_CLOSED @ https://gm.mmstat.com/aliyun-account.login_register_page.pageAction:0
[  168076ms] [ERROR] Failed to load resource: net::ERR_CONNECTION_CLOSED @ https://gm.mmstat.com/aes.1.1:0
[  169193ms] [ERROR] Failed to load resource: net::ERR_CONNECTION_CLOSED @ https://gm.mmstat.com/aliyun-account.login_register_page.pageAction:0
[  169194ms] [ERROR] Failed to load resource: net::ERR_CONNECTION_CLOSED @ https://gm.mmstat.com/aes.1.1:0
[  170300ms] [ERROR] Failed to load resource: net::ERR_CONNECTION_CLOSED @ https://gm.mmstat.com/aliyun-account.login_register_page.pageAction:0
[  170300ms] [ERROR] Failed to load resource: net::ERR_CONNECTION_CLOSED @ https://gm.mmstat.com/aes.1.1:0
[  171412ms] [ERROR] Failed to load resource: net::ERR_CONNECTION_CLOSED @ https://gm.mmstat.com/aliyun-account.login_register_page.pageAction:0
[  171412ms] [ERROR] Failed to load resource: net::ERR_CONNECTION_CLOSED @ https://gm.mmstat.com/aes.1.1:0
[  172562ms] [ERROR] Failed to load resource: net::ERR_CONNECTION_CLOSED @ https://gm.mmstat.com/aliyun-account.login_register_page.pageAction:0
[  172562ms] [ERROR] Failed to load resource: net::ERR_CONNECTION_CLOSED @ https://gm.mmstat.com/aes.1.1:0
[  173703ms] [ERROR] Failed to load resource: net::ERR_CONNECTION_CLOSED @ https://gm.mmstat.com/aliyun-account.login_register_page.pageAction:0
[  173704ms] [ERROR] Failed to load resource: net::ERR_CONNECTION_CLOSED @ https://gm.mmstat.com/aes.1.1:0
[  174836ms] [ERROR] Failed to load resource: net::ERR_CONNECTION_CLOSED @ https://gm.mmstat.com/aliyun-account.login_register_page.pageAction:0
[  174836ms] [ERROR] Failed to load resource: net::ERR_CONNECTION_CLOSED @ https://gm.mmstat.com/aes.1.1:0
[  175962ms] [ERROR] Failed to load resource: net::ERR_CONNECTION_CLOSED @ https://gm.mmstat.com/aliyun-account.login_register_page.pageAction:0
[  175962ms] [ERROR] Failed to load resource: net::ERR_CONNECTION_CLOSED @ https://gm.mmstat.com/aes.1.1:0
[  177090ms] [ERROR] Failed to load resource: net::ERR_CONNECTION_CLOSED @ https://gm.mmstat.com/aliyun-account.login_register_page.pageAction:0
[  177090ms] [ERROR] Failed to load resource: net::ERR_CONNECTION_CLOSED @ https://gm.mmstat.com/aes.1.1:0
[  178189ms] [ERROR] Failed to load resource: net::ERR_CONNECTION_CLOSED @ https://gm.mmstat.com/aliyun-account.login_register_page.pageAction:0
[  178190ms] [ERROR] Failed to load resource: net::ERR_CONNECTION_CLOSED @ https://gm.mmstat.com/aes.1.1:0
[  179367ms] [ERROR] Failed to load resource: net::ERR_CONNECTION_CLOSED @ https://gm.mmstat.com/aliyun-account.login_register_page.pageAction:0
[  179367ms] [ERROR] Failed to load resource: net::ERR_CONNECTION_CLOSED @ https://gm.mmstat.com/aes.1.1:0
[  180526ms] [ERROR] Failed to load resource: net::ERR_CONNECTION_CLOSED @ https://gm.mmstat.com/aliyun-account.login_register_page.pageAction:0
[  180526ms] [ERROR] Failed to load resource: net::ERR_CONNECTION_CLOSED @ https://gm.mmstat.com/aes.1.1:0
[  181636ms] [ERROR] Failed to load resource: net::ERR_CONNECTION_CLOSED @ https://gm.mmstat.com/aliyun-account.login_register_page.pageAction:0
[  181636ms] [ERROR] Failed to load resource: net::ERR_CONNECTION_CLOSED @ https://gm.mmstat.com/aes.1.1:0
[  182759ms] [ERROR] Failed to load resource: net::ERR_CONNECTION_CLOSED @ https://gm.mmstat.com/aliyun-account.login_register_page.pageAction:0
[  182760ms] [ERROR] Failed to load resource: net::ERR_CONNECTION_CLOSED @ https://gm.mmstat.com/aes.1.1:0
[  183871ms] [ERROR] Failed to load resource: net::ERR_CONNECTION_CLOSED @ https://gm.mmstat.com/aliyun-account.login_register_page.pageAction:0
[  183872ms] [ERROR] Failed to load resource: net::ERR_CONNECTION_CLOSED @ https://gm.mmstat.com/aes.1.1:0
[  184987ms] [ERROR] Failed to load resource: net::ERR_CONNECTION_CLOSED @ https://gm.mmstat.com/aliyun-account.login_register_page.pageAction:0
[  184987ms] [ERROR] Failed to load resource: net::ERR_CONNECTION_CLOSED @ https://gm.mmstat.com/aes.1.1:0
[  186190ms] [ERROR] Failed to load resource: net::ERR_CONNECTION_CLOSED @ https://gm.mmstat.com/aliyun-account.login_register_page.pageAction:0
[  186191ms] [ERROR] Failed to load resource: net::ERR_CONNECTION_CLOSED @ https://gm.mmstat.com/aes.1.1:0
[  187326ms] [ERROR] Failed to load resource: net::ERR_CONNECTION_CLOSED @ https://gm.mmstat.com/aliyun-account.login_register_page.pageAction:0
[  187326ms] [ERROR] Failed to load resource: net::ERR_CONNECTION_CLOSED @ https://gm.mmstat.com/aes.1.1:0
[  188452ms] [ERROR] Failed to load resource: net::ERR_CONNECTION_CLOSED @ https://gm.mmstat.com/aliyun-account.login_register_page.pageAction:0
[  188452ms] [ERROR] Failed to load resource: net::ERR_CONNECTION_CLOSED @ https://gm.mmstat.com/aes.1.1:0
[  189586ms] [ERROR] Failed to load resource: net::ERR_CONNECTION_CLOSED @ https://gm.mmstat.com/aliyun-account.login_register_page.pageAction:0
[  189586ms] [ERROR] Failed to load resource: net::ERR_CONNECTION_CLOSED @ https://gm.mmstat.com/aes.1.1:0
[  190717ms] [ERROR] Failed to load resource: net::ERR_CONNECTION_CLOSED @ https://gm.mmstat.com/aliyun-account.login_register_page.pageAction:0
[  190718ms] [ERROR] Failed to load resource: net::ERR_CONNECTION_CLOSED @ https://gm.mmstat.com/aes.1.1:0
[  191826ms] [ERROR] Failed to load resource: net::ERR_CONNECTION_CLOSED @ https://gm.mmstat.com/aliyun-account.login_register_page.pageAction:0
[  191826ms] [ERROR] Failed to load resource: net::ERR_CONNECTION_CLOSED @ https://gm.mmstat.com/aes.1.1:0
[  193004ms] [ERROR] Failed to load resource: net::ERR_CONNECTION_CLOSED @ https://gm.mmstat.com/aliyun-account.login_register_page.pageAction:0
[  193006ms] [ERROR] Failed to load resource: net::ERR_CONNECTION_CLOSED @ https://gm.mmstat.com/aes.1.1:0
[  194171ms] [ERROR] Failed to load resource: net::ERR_CONNECTION_CLOSED @ https://gm.mmstat.com/aliyun-account.login_register_page.pageAction:0
[  194171ms] [ERROR] Failed to load resource: net::ERR_CONNECTION_CLOSED @ https://gm.mmstat.com/aes.1.1:0
[  195291ms] [ERROR] Failed to load resource: net::ERR_CONNECTION_CLOSED @ https://gm.mmstat.com/aliyun-account.login_register_page.pageAction:0
[  195292ms] [ERROR] Failed to load resource: net::ERR_CONNECTION_CLOSED @ https://gm.mmstat.com/aes.1.1:0
[  196410ms] [ERROR] Failed to load resource: net::ERR_CONNECTION_CLOSED @ https://gm.mmstat.com/aliyun-account.login_register_page.pageAction:0
[  196412ms] [ERROR] Failed to load resource: net::ERR_CONNECTION_CLOSED @ https://gm.mmstat.com/aes.1.1:0
[  197523ms] [ERROR] Failed to load resource: net::ERR_CONNECTION_CLOSED @ https://gm.mmstat.com/aliyun-account.login_register_page.pageAction:0
[  197524ms] [ERROR] Failed to load resource: net::ERR_CONNECTION_CLOSED @ https://gm.mmstat.com/aes.1.1:0
[  198652ms] [ERROR] Failed to load resource: net::ERR_CONNECTION_CLOSED @ https://gm.mmstat.com/aliyun-account.login_register_page.pageAction:0
[  198652ms] [ERROR] Failed to load resource: net::ERR_CONNECTION_CLOSED @ https://gm.mmstat.com/aes.1.1:0
[  199820ms] [ERROR] Failed to load resource: net::ERR_CONNECTION_CLOSED @ https://gm.mmstat.com/aliyun-account.login_register_page.pageAction:0
[  199821ms] [ERROR] Failed to load resource: net::ERR_CONNECTION_CLOSED @ https://gm.mmstat.com/aes.1.1:0
[  200955ms] [ERROR] Failed to load resource: net::ERR_CONNECTION_CLOSED @ https://gm.mmstat.com/aliyun-account.login_register_page.pageAction:0
[  200955ms] [ERROR] Failed to load resource: net::ERR_CONNECTION_CLOSED @ https://gm.mmstat.com/aes.1.1:0
[  202068ms] [ERROR] Failed to load resource: net::ERR_CONNECTION_CLOSED @ https://gm.mmstat.com/aliyun-account.login_register_page.pageAction:0
[  202068ms] [ERROR] Failed to load resource: net::ERR_CONNECTION_CLOSED @ https://gm.mmstat.com/aes.1.1:0
[  203174ms] [ERROR] Failed to load resource: net::ERR_CONNECTION_CLOSED @ https://gm.mmstat.com/aliyun-account.login_register_page.pageAction:0
[  203174ms] [ERROR] Failed to load resource: net::ERR_CONNECTION_CLOSED @ https://gm.mmstat.com/aes.1.1:0
[  204299ms] [ERROR] Failed to load resource: net::ERR_CONNECTION_CLOSED @ https://gm.mmstat.com/aliyun-account.login_register_page.pageAction:0
[  204299ms] [ERROR] Failed to load resource: net::ERR_CONNECTION_CLOSED @ https://gm.mmstat.com/aes.1.1:0
[  205412ms] [ERROR] Failed to load resource: net::ERR_CONNECTION_CLOSED @ https://gm.mmstat.com/aliyun-account.login_register_page.pageAction:0
[  205412ms] [ERROR] Failed to load resource: net::ERR_CONNECTION_CLOSED @ https://gm.mmstat.com/aes.1.1:0
[  206518ms] [ERROR] Failed to load resource: net::ERR_CONNECTION_CLOSED @ https://gm.mmstat.com/aliyun-account.login_register_page.pageAction:0
[  206518ms] [ERROR] Failed to load resource: net::ERR_CONNECTION_CLOSED @ https://gm.mmstat.com/aes.1.1:0
[  207679ms] [ERROR] Failed to load resource: net::ERR_CONNECTION_CLOSED @ https://gm.mmstat.com/aliyun-account.login_register_page.pageAction:0
[  207679ms] [ERROR] Failed to load resource: net::ERR_CONNECTION_CLOSED @ https://gm.mmstat.com/aes.1.1:0
[  208834ms] [ERROR] Failed to load resource: net::ERR_CONNECTION_CLOSED @ https://gm.mmstat.com/aliyun-account.login_register_page.pageAction:0
[  208835ms] [ERROR] Failed to load resource: net::ERR_CONNECTION_CLOSED @ https://gm.mmstat.com/aes.1.1:0
[  209962ms] [ERROR] Failed to load resource: net::ERR_CONNECTION_CLOSED @ https://gm.mmstat.com/aliyun-account.login_register_page.pageAction:0
[  209962ms] [ERROR] Failed to load resource: net::ERR_CONNECTION_CLOSED @ https://gm.mmstat.com/aes.1.1:0
[  211079ms] [ERROR] Failed to load resource: net::ERR_CONNECTION_CLOSED @ https://gm.mmstat.com/aliyun-account.login_register_page.pageAction:0
[  211080ms] [ERROR] Failed to load resource: net::ERR_CONNECTION_CLOSED @ https://gm.mmstat.com/aes.1.1:0
[  212199ms] [ERROR] Failed to load resource: net::ERR_CONNECTION_CLOSED @ https://gm.mmstat.com/aliyun-account.login_register_page.pageAction:0
[  212199ms] [ERROR] Failed to load resource: net::ERR_CONNECTION_CLOSED @ https://gm.mmstat.com/aes.1.1:0
[  213330ms] [ERROR] Failed to load resource: net::ERR_CONNECTION_CLOSED @ https://gm.mmstat.com/aliyun-account.login_register_page.pageAction:0
[  213330ms] [ERROR] Failed to load resource: net::ERR_CONNECTION_CLOSED @ https://gm.mmstat.com/aes.1.1:0
[  214498ms] [ERROR] Failed to load resource: net::ERR_CONNECTION_CLOSED @ https://gm.mmstat.com/aliyun-account.login_register_page.pageAction:0
[  214500ms] [ERROR] Failed to load resource: net::ERR_CONNECTION_CLOSED @ https://gm.mmstat.com/aes.1.1:0
[  215651ms] [ERROR] Failed to load resource: net::ERR_CONNECTION_CLOSED @ https://gm.mmstat.com/aliyun-account.login_register_page.pageAction:0
[  215653ms] [ERROR] Failed to load resource: net::ERR_CONNECTION_CLOSED @ https://gm.mmstat.com/aes.1.1:0
[  216765ms] [ERROR] Failed to load resource: net::ERR_CONNECTION_CLOSED @ https://gm.mmstat.com/aliyun-account.login_register_page.pageAction:0
[  216765ms] [ERROR] Failed to load resource: net::ERR_CONNECTION_CLOSED @ https://gm.mmstat.com/aes.1.1:0
[  217886ms] [ERROR] Failed to load resource: net::ERR_CONNECTION_CLOSED @ https://gm.mmstat.com/aliyun-account.login_register_page.pageAction:0
[  217887ms] [ERROR] Failed to load resource: net::ERR_CONNECTION_CLOSED @ https://gm.mmstat.com/aes.1.1:0
[  219018ms] [ERROR] Failed to load resource: net::ERR_CONNECTION_CLOSED @ https://gm.mmstat.com/aliyun-account.login_register_page.pageAction:0
[  219021ms] [ERROR] Failed to load resource: net::ERR_CONNECTION_CLOSED @ https://gm.mmstat.com/aes.1.1:0
[  220149ms] [ERROR] Failed to load resource: net::ERR_CONNECTION_CLOSED @ https://gm.mmstat.com/aliyun-account.login_register_page.pageAction:0
[  220150ms] [ERROR] Failed to load resource: net::ERR_CONNECTION_CLOSED @ https://gm.mmstat.com/aes.1.1:0
[  221317ms] [ERROR] Failed to load resource: net::ERR_CONNECTION_CLOSED @ https://gm.mmstat.com/aliyun-account.login_register_page.pageAction:0
[  221317ms] [ERROR] Failed to load resource: net::ERR_CONNECTION_CLOSED @ https://gm.mmstat.com/aes.1.1:0
[  222466ms] [ERROR] Failed to load resource: net::ERR_CONNECTION_CLOSED @ https://gm.mmstat.com/aliyun-account.login_register_page.pageAction:0
[  222466ms] [ERROR] Failed to load resource: net::ERR_CONNECTION_CLOSED @ https://gm.mmstat.com/aes.1.1:0
[  223592ms] [ERROR] Failed to load resource: net::ERR_CONNECTION_CLOSED @ https://gm.mmstat.com/aliyun-account.login_register_page.pageAction:0
[  223592ms] [ERROR] Failed to load resource: net::ERR_CONNECTION_CLOSED @ https://gm.mmstat.com/aes.1.1:0
[  224696ms] [ERROR] Failed to load resource: net::ERR_CONNECTION_CLOSED @ https://gm.mmstat.com/aliyun-account.login_register_page.pageAction:0
[  224696ms] [ERROR] Failed to load resource: net::ERR_CONNECTION_CLOSED @ https://gm.mmstat.com/aes.1.1:0
[  225807ms] [ERROR] Failed to load resource: net::ERR_CONNECTION_CLOSED @ https://gm.mmstat.com/aliyun-account.login_register_page.pageAction:0
[  225808ms] [ERROR] Failed to load resource: net::ERR_CONNECTION_CLOSED @ https://gm.mmstat.com/aes.1.1:0
[  226923ms] [ERROR] Failed to load resource: net::ERR_CONNECTION_CLOSED @ https://gm.mmstat.com/aliyun-account.login_register_page.pageAction:0
[  226923ms] [ERROR] Failed to load resource: net::ERR_CONNECTION_CLOSED @ https://gm.mmstat.com/aes.1.1:0
[  228031ms] [ERROR] Failed to load resource: net::ERR_CONNECTION_CLOSED @ https://gm.mmstat.com/aliyun-account.login_register_page.pageAction:0
[  228032ms] [ERROR] Failed to load resource: net::ERR_CONNECTION_CLOSED @ https://gm.mmstat.com/aes.1.1:0
[  229189ms] [ERROR] Failed to load resource: net::ERR_CONNECTION_CLOSED @ https://gm.mmstat.com/aliyun-account.login_register_page.pageAction:0
[  229190ms] [ERROR] Failed to load resource: net::ERR_CONNECTION_CLOSED @ https://gm.mmstat.com/aes.1.1:0
[  230333ms] [ERROR] Failed to load resource: net::ERR_CONNECTION_CLOSED @ https://gm.mmstat.com/aliyun-account.login_register_page.pageAction:0
[  230334ms] [ERROR] Failed to load resource: net::ERR_CONNECTION_CLOSED @ https://gm.mmstat.com/aes.1.1:0
[  231457ms] [ERROR] Failed to load resource: net::ERR_CONNECTION_CLOSED @ https://gm.mmstat.com/aliyun-account.login_register_page.pageAction:0
[  231457ms] [ERROR] Failed to load resource: net::ERR_CONNECTION_CLOSED @ https://gm.mmstat.com/aes.1.1:0
[  232576ms] [ERROR] Failed to load resource: net::ERR_CONNECTION_CLOSED @ https://gm.mmstat.com/aliyun-account.login_register_page.pageAction:0
[  232576ms] [ERROR] Failed to load resource: net::ERR_CONNECTION_CLOSED @ https://gm.mmstat.com/aes.1.1:0
[  233705ms] [ERROR] Failed to load resource: net::ERR_CONNECTION_CLOSED @ https://gm.mmstat.com/aliyun-account.login_register_page.pageAction:0
[  233706ms] [ERROR] Failed to load resource: net::ERR_CONNECTION_CLOSED @ https://gm.mmstat.com/aes.1.1:0
[  234821ms] [ERROR] Failed to load resource: net::ERR_CONNECTION_CLOSED @ https://gm.mmstat.com/aliyun-account.login_register_page.pageAction:0
[  234821ms] [ERROR] Failed to load resource: net::ERR_CONNECTION_CLOSED @ https://gm.mmstat.com/aes.1.1:0
[  235990ms] [ERROR] Failed to load resource: net::ERR_CONNECTION_CLOSED @ https://gm.mmstat.com/aliyun-account.login_register_page.pageAction:0
[  235990ms] [ERROR] Failed to load resource: net::ERR_CONNECTION_CLOSED @ https://gm.mmstat.com/aes.1.1:0
[  237155ms] [ERROR] Failed to load resource: net::ERR_CONNECTION_CLOSED @ https://gm.mmstat.com/aliyun-account.login_register_page.pageAction:0
[  237156ms] [ERROR] Failed to load resource: net::ERR_CONNECTION_CLOSED @ https://gm.mmstat.com/aes.1.1:0
[  238259ms] [ERROR] Failed to load resource: net::ERR_CONNECTION_CLOSED @ https://gm.mmstat.com/aliyun-account.login_register_page.pageAction:0
[  238259ms] [ERROR] Failed to load resource: net::ERR_CONNECTION_CLOSED @ https://gm.mmstat.com/aes.1.1:0
[  239384ms] [ERROR] Failed to load resource: net::ERR_CONNECTION_CLOSED @ https://gm.mmstat.com/aliyun-account.login_register_page.pageAction:0
[  239384ms] [ERROR] Failed to load resource: net::ERR_CONNECTION_CLOSED @ https://gm.mmstat.com/aes.1.1:0
[  240518ms] [ERROR] Failed to load resource: net::ERR_CONNECTION_CLOSED @ https://gm.mmstat.com/aliyun-account.login_register_page.pageAction:0
[  240518ms] [ERROR] Failed to load resource: net::ERR_CONNECTION_CLOSED @ https://gm.mmstat.com/aes.1.1:0
[  241626ms] [ERROR] Failed to load resource: net::ERR_CONNECTION_CLOSED @ https://gm.mmstat.com/aliyun-account.login_register_page.pageAction:0
[  241626ms] [ERROR] Failed to load resource: net::ERR_CONNECTION_CLOSED @ https://gm.mmstat.com/aes.1.1:0
[  242814ms] [ERROR] Failed to load resource: net::ERR_CONNECTION_CLOSED @ https://gm.mmstat.com/aliyun-account.login_register_page.pageAction:0
[  242814ms] [ERROR] Failed to load resource: net::ERR_CONNECTION_CLOSED @ https://gm.mmstat.com/aes.1.1:0
[  243951ms] [ERROR] Failed to load resource: net::ERR_CONNECTION_CLOSED @ https://gm.mmstat.com/aliyun-account.login_register_page.pageAction:0
[  243952ms] [ERROR] Failed to load resource: net::ERR_CONNECTION_CLOSED @ https://gm.mmstat.com/aes.1.1:0
[  245054ms] [ERROR] Failed to load resource: net::ERR_CONNECTION_CLOSED @ https://gm.mmstat.com/aliyun-account.login_register_page.pageAction:0
[  245054ms] [ERROR] Failed to load resource: net::ERR_CONNECTION_CLOSED @ https://gm.mmstat.com/aes.1.1:0
[  246165ms] [ERROR] Failed to load resource: net::ERR_CONNECTION_CLOSED @ https://gm.mmstat.com/aliyun-account.login_register_page.pageAction:0
[  246165ms] [ERROR] Failed to load resource: net::ERR_CONNECTION_CLOSED @ https://gm.mmstat.com/aes.1.1:0
[  247283ms] [ERROR] Failed to load resource: net::ERR_CONNECTION_CLOSED @ https://gm.mmstat.com/aliyun-account.login_register_page.pageAction:0
[  247283ms] [ERROR] Failed to load resource: net::ERR_CONNECTION_CLOSED @ https://gm.mmstat.com/aes.1.1:0
[  248394ms] [ERROR] Failed to load resource: net::ERR_CONNECTION_CLOSED @ https://gm.mmstat.com/aliyun-account.login_register_page.pageAction:0
[  248394ms] [ERROR] Failed to load resource: net::ERR_CONNECTION_CLOSED @ https://gm.mmstat.com/aes.1.1:0
[  249523ms] [ERROR] Failed to load resource: net::ERR_CONNECTION_CLOSED @ https://gm.mmstat.com/aliyun-account.login_register_page.pageAction:0
[  249523ms] [ERROR] Failed to load resource: net::ERR_CONNECTION_CLOSED @ https://gm.mmstat.com/aes.1.1:0
[  250674ms] [ERROR] Failed to load resource: net::ERR_CONNECTION_CLOSED @ https://gm.mmstat.com/aliyun-account.login_register_page.pageAction:0
[  250674ms] [ERROR] Failed to load resource: net::ERR_CONNECTION_CLOSED @ https://gm.mmstat.com/aes.1.1:0
[  251822ms] [ERROR] Failed to load resource: net::ERR_CONNECTION_CLOSED @ https://gm.mmstat.com/aliyun-account.login_register_page.pageAction:0
[  251822ms] [ERROR] Failed to load resource: net::ERR_CONNECTION_CLOSED @ https://gm.mmstat.com/aes.1.1:0
[  252927ms] [ERROR] Failed to load resource: net::ERR_CONNECTION_CLOSED @ https://gm.mmstat.com/aliyun-account.login_register_page.pageAction:0
[  252933ms] [ERROR] Failed to load resource: net::ERR_CONNECTION_CLOSED @ https://gm.mmstat.com/aes.1.1:0
[  254050ms] [ERROR] Failed to load resource: net::ERR_CONNECTION_CLOSED @ https://gm.mmstat.com/aliyun-account.login_register_page.pageAction:0
[  254050ms] [ERROR] Failed to load resource: net::ERR_CONNECTION_CLOSED @ https://gm.mmstat.com/aes.1.1:0
[  255182ms] [ERROR] Failed to load resource: net::ERR_CONNECTION_CLOSED @ https://gm.mmstat.com/aliyun-account.login_register_page.pageAction:0
[  255183ms] [ERROR] Failed to load resource: net::ERR_CONNECTION_CLOSED @ https://gm.mmstat.com/aes.1.1:0
[  256301ms] [ERROR] Failed to load resource: net::ERR_CONNECTION_CLOSED @ https://gm.mmstat.com/aliyun-account.login_register_page.pageAction:0
[  256301ms] [ERROR] Failed to load resource: net::ERR_CONNECTION_CLOSED @ https://gm.mmstat.com/aes.1.1:0
[  257657ms] [ERROR] Failed to load resource: net::ERR_CONNECTION_CLOSED @ https://gm.mmstat.com/aliyun-account.login_register_page.pageAction:0
[  257658ms] [ERROR] Failed to load resource: net::ERR_CONNECTION_CLOSED @ https://gm.mmstat.com/aliyun-account.login_register_page.pageAction:0
[  257658ms] [ERROR] Failed to load resource: net::ERR_CONNECTION_CLOSED @ https://gm.mmstat.com/aliyun-account.login_register_page.pageAction:0
[  257687ms] [ERROR] Failed to load resource: net::ERR_CONNECTION_CLOSED @ https://gm.mmstat.com/aliyun_com.homon.tracker-event:0
[  257687ms] [ERROR] Failed to load resource: net::ERR_CONNECTION_CLOSED @ https://gm.mmstat.com/aes.1.1:0
[  257690ms] [ERROR] Failed to load resource: net::ERR_CONNECTION_CLOSED @ https://gm.mmstat.com/aes.1.1:0
[  257690ms] [ERROR] Failed to load resource: net::ERR_CONNECTION_CLOSED @ https://gm.mmstat.com/aes.1.1:0
[  257690ms] [ERROR] Failed to load resource: net::ERR_CONNECTION_CLOSED @ https://gm.mmstat.com/aes.1.1:0
[  258683ms] [ERROR] Failed to load resource: net::ERR_CONNECTION_CLOSED @ https://log.mmstat.com/eg.js:0
[  258707ms] [LOG] %c [APLUS] -- APLUS INIT SUCCESS background:#3B82FE; padding: 4px; padding-right: 8px; border-radius: 4px; color: #fff; @ :1
[  258711ms] [ERROR] Failed to load resource: net::ERR_CONNECTION_CLOSED @ https://log.mmstat.com/eg.js:0
[  258749ms] [LOG] Tue Jul 14 2026 14:18:08 GMT+0800 (China Standard Time) @ https://uaction.alicdn.com/AWSC/uab/1.140.0/collina.js:4
[  259218ms] [WARNING] [@alicloud/alfa-react] @ali/alfa-cloud-rds-widget-rds-copilot-reconmmend 重复加载，请检查你的代码。请在函数组件中使用 useAlfaApp 或 useAlfaWidget 方法。 @ https://g.alicdn.com/aliyun/rds-console-next/0.19.55/rds.b34318ae58f5c5134f5b.js:1
[  259250ms] [ERROR] Failed to load resource: net::ERR_CONNECTION_CLOSED @ https://log.mmstat.com/eg.js:0
[  259300ms] [ERROR] Failed to load resource: net::ERR_CONNECTION_CLOSED @ https://log.mmstat.com/v.gif:0
[  259471ms] [ERROR] Failed to load resource: net::ERR_CONNECTION_CLOSED @ https://log.mmstat.com/eg.js:0
[  259628ms] [ERROR] Failed to load resource: net::ERR_CONNECTION_CLOSED @ https://d-gm.mmstat.com/aes.1.1:0
[  260251ms] [ERROR] Failed to load resource: net::ERR_CONNECTION_CLOSED @ https://log.mmstat.com/eg.js:0
[  260266ms] [WARNING] [aes-autolog] pid(sea5oy) 已被载入，请勿重复载入 @ https://g.alicdn.com/aes/??tracker/3.3.9/index.js,tracker-plugin-pv/3.0.6/index.js,tracker-plugin-event/3.0.0/index.js,tracker-plugin-autolog/3.0.11/index.js,tracker-plugin-jserror/3.0.2/index.js,tracker-plugin-api/3.0.3/index.js,tracker-plugin-resourceError/3.0.1/index.js,tracker-plugin-animFluency/3.0.0/index.js,tracker-plugin-emogine/3.0.5/index.js:0
[  260272ms] [ERROR] Failed to load resource: net::ERR_CONNECTION_CLOSED @ https://log.mmstat.com/eg.js:0
[  260438ms] [ERROR] Failed to load resource: net::ERR_CONNECTION_CLOSED @ https://d-gm.mmstat.com/aes.1.1:0
[  260438ms] [ERROR] Failed to load resource: net::ERR_CONNECTION_CLOSED @ https://d-gm.mmstat.com/cloud_console_rds.19908494.70080aa7:0
[  260438ms] [ERROR] Failed to load resource: net::ERR_CONNECTION_CLOSED @ https://d-gm.mmstat.com/aes.1.1:0
[  260438ms] [ERROR] Failed to load resource: net::ERR_CONNECTION_CLOSED @ https://d-gm.mmstat.com/aes.1.1:0
[  260438ms] [ERROR] Failed to load resource: net::ERR_CONNECTION_CLOSED @ https://d-gm.mmstat.com/aes.1.1:0
[  260484ms] [ERROR] Failed to load resource: net::ERR_CONNECTION_CLOSED @ https://log.mmstat.com/eg.js:0
[  260497ms] [LOG] i {id: clouddba, key: clouddba, text: Object, isVisible: , children: Array(5)} @ https://g.alicdn.com/aliyun/rds-console-next/0.19.55/rds.401931b3d11cc9f284fe.js:1
[  260522ms] [LOG] i {id: clouddba, key: clouddba, text: Object, isVisible: , children: Array(5)} @ https://g.alicdn.com/aliyun/rds-console-next/0.19.55/rds.401931b3d11cc9f284fe.js:1
[  260541ms] [LOG] i {id: clouddba, key: clouddba, text: Object, isVisible: , children: Array(5)} @ https://g.alicdn.com/aliyun/rds-console-next/0.19.55/rds.401931b3d11cc9f284fe.js:1
[  260559ms] [LOG] i {id: clouddba, key: clouddba, text: Object, isVisible: , children: Array(5)} @ https://g.alicdn.com/aliyun/rds-console-next/0.19.55/rds.401931b3d11cc9f284fe.js:1
[  260636ms] [LOG] 开始获取实例 pgm-wz9t7bv5jsk55jh1 的异常事件 @ https://g.alicdn.com/alfa/rds-copilot-reconmmend/0.0.28/index.js:172
[  260688ms] [ERROR] Failed to load resource: net::ERR_CONNECTION_CLOSED @ https://log.mmstat.com/eg.js:0
[  260744ms] [ERROR] Failed to load resource: net::ERR_CONNECTION_CLOSED @ https://d-gm.mmstat.com/cloud_console_rds.19908494.4ba15240:0
[  260745ms] [LOG] API响应结果： {TotalCount: 0, RequestId: 019F5F46-98F4-52F3-859A-0CD157BB7D27, PageCount: 0, PageSize: 50, PageNumber: 1} @ https://g.alicdn.com/alfa/rds-copilot-reconmmend/0.0.28/index.js:172
[  260745ms] [LOG] 获取到事件数据：共0条事件 [] @ https://g.alicdn.com/alfa/rds-copilot-reconmmend/0.0.28/index.js:172
[  260745ms] [LOG] 处理后的异常事件： [] @ https://g.alicdn.com/alfa/rds-copilot-reconmmend/0.0.28/index.js:172
[  260792ms] [WARNING] Deprecation warning: moment().subtract(period, number) is deprecated. Please use moment().subtract(number, period). See http://momentjs.com/guides/#/warnings/add-inverted-param/ for more info. @ @ali/widget-rds-clouddb-task-progress@0.1.12:4
[  260793ms] [LOG] params {DBInstanceId: pgm-wz9t7bv5jsk55jh1, status: Default, RegionId: cn-shenzhen, instanceType: Primary, StartTime: 2026-07-07T14:18Z} @ @ali/widget-rds-clouddb-task-progress@0.1.12:322
[  260803ms] [ERROR] Failed to load resource: net::ERR_CONNECTION_CLOSED @ https://log.mmstat.com/eg.js:0
[  261056ms] [ERROR] Failed to load resource: net::ERR_CONNECTION_CLOSED @ https://log.mmstat.com/eg.js:0
[  261077ms] [ERROR] Failed to load resource: net::ERR_CONNECTION_CLOSED @ https://d-gm.mmstat.com/cloud_console_rds.19908494.1ff42d30:0
[  261090ms] [ERROR] Failed to load resource: net::ERR_CONNECTION_CLOSED @ https://d-gm.mmstat.com/aes.1.1:0
[  261090ms] [ERROR] Failed to load resource: net::ERR_CONNECTION_CLOSED @ https://d-gm.mmstat.com/aes.1.1:0
[  261432ms] [LOG] customInvocationTrigger 为 true , 由外部自定定义微浏览器唤起逻辑 {appProps: Object, name: ali-alfa-aliyun-one-service-widget-chat, unmountSelf: , emitter: i, __appInfo__: Object} @ https://g.alicdn.com/aliyun-com/alfa-aliyun-one-service-widget-chat/1.51.1/index.js:156
[  261432ms] [LOG] containerInner JSHandle@node @ https://g.alicdn.com/aliyun-com/alfa-aliyun-one-service-widget-chat/1.51.1/index.js:156
[  261436ms] [LOG] [ChatAPIClient] 全局 Client 实例已创建并放入状态机注册表 @ https://g.alicdn.com/aliyun-com/alfa-aliyun-one-service-widget-chat/1.51.1/index.js:156
[  261498ms] [LOG] customInvocationTrigger 为 true , 由外部自定定义微浏览器唤起逻辑 {appProps: Object, name: ali-alfa-aliyun-one-service-widget-chat, unmountSelf: , emitter: i, __appInfo__: Object} @ https://g.alicdn.com/aliyun-com/alfa-aliyun-one-service-widget-chat/1.51.1/index.js:156
[  262036ms] [ERROR] Failed to load resource: net::ERR_CONNECTION_CLOSED @ https://log.mmstat.com/eg.js:0
[  262036ms] [ERROR] Failed to load resource: net::ERR_CONNECTION_CLOSED @ https://d-gm.mmstat.com/cloud_console_rds.19908494.10b88e28:0
[  262461ms] [ERROR] Failed to load resource: net::ERR_CONNECTION_CLOSED @ https://log.mmstat.com/eg.js:0
[  262473ms] [ERROR] Failed to load resource: net::ERR_CONNECTION_CLOSED @ https://d-gm.mmstat.com/cloud_console_rds.19908494.13824cfb:0
[  262490ms] [ERROR] Failed to load resource: net::ERR_CONNECTION_CLOSED @ https://d-gm.mmstat.com/aes.1.1?gmkey=EXP&gokey=uidaplus%3D1048726631550559%26spm-url%3D5176.28369458.0.0.36961450Jepyio%26spm-pre%3D%26spm-cnt%3D5176.19908494.0.0.52d91450cxuUDN%26_f_t%3Dfalse%26pid%3Dsea5oy%26sdk_version%3D3.3.9%26pv_id%3DpUUUohEN5GRKLJm3Eo0k%26timezone_offset%3D-480%26title%3DRDS%25E7%25AE%25A1%25E7%2590%2586%25E6%258E%25A7%25E5%2588%25B6%25E5%258F%25B0%26spm_a%3D5176%26spm_b%3D19908494%26dpi%3D1%26sr%3D1280x720%26platform%3Dweb%26language%3Den-US%26user_type%3D6%26env%3Dprod%26uid%3D1048726631550559%26username%3D1048726631550559%26downlink%3D10%26net_type%3D4g%26origin_url%3Dhttps%253A%252F%252Frdsnext.console.aliyun.com%252Fdetail%252Fpgm-wz9t7bv5jsk55jh1%252FmonitorAlarm%253Fspm%253D5176.28369458.0.0.36961450Jepyio%2526region%253Dcn-shenzhen%2526DedicatedHostGroupId%253D%26msg%3Durl%253Dhttps%25253A%25252F%25252Fo.alicdn.com%25252Faliyun-skuld%25252Flatest-assets%25252Fversion.json%2526method%253DGET%2526success%253Dtrue%2526status%253D200%2526duration%253D92%2526rtype%253Dfetch%2526ts%253D1784009889954%2526type%253Dapi%257Curl%253D%25252F%25252Fxconsole-open.cn-shanghai.log.aliyuncs.com%25252Flogstores%25252Fprod%25252Ftrack%2526method%253DPOST%2526success%253Dtrue%2526status%253D200%2526duration%253D287%2526body%253D%25257B%252522__topic__%252522%25253A%252522xconsole-open-package-resource-meta%252522%25252C%252522__logs__%252522%25253A%25255B%25257B%252522__topic__%252522%25253A%252522xconsole-open-package-resource-meta%252522%25252C%252522GROUP%252522%25253A%252522LOG%252522%25252C%252522TIME%252522%25253A%2525221784009889668%252522%25252C%252522OS%252522%25253A%252522MacOS%252522%25252C%252522OS_VERSION%252522%25253A%25252210.15.7%252522%25252C%252522BROWSER%252522%25253A%252522HeadlessChrome%252522%25252C%252522BROWSER_VERSION%252522%25253A%252522149.0.0.0%252522%25252C%252522LOCATION_HOST%252522%25253A%252522rdsnext.console.aliyun.com%252522%25252C%252522LOCATION_PATHNAME%252522%25253A%252522%25252Fdetail%25252Fpgm-wz9t7bv5jsk55jh1%25252FmonitorAlarm%252522%25252C%252522LOCATION_SEARCH%252522%25253A%252522region%25253Dcn-shenzhen%252526DedicatedHostGroupId%25253D%252522%25252C%252522RESOLUTION_SCREEN%252522%25253A%2525221280x720%252522%25252C%252522RESOLUTION_BROWSER%252522%25253A%2525221280x720%252522%25252C%252522SPM_A%252522%25253A%2525225176%252522%25252C%252522SPM_B%252522%25253A%25252219908494%252522%25252C%252522IN_IFRAME%252522%25253A%252522false%252522%25252C%252522REFERRER%252522%25253A%252522https%25253A%25252F%25252Faccount.aliyun.com%25252F%252522%25252C%252522APP_ID%252522%25253A%252522rdsnext%252522%25252C%252522channel%252522%25253A%252522OFFICIAL%252522%25252C%252522locale%252522%25253A%252522zh-CN%252522%25252C%252522uid%252522%25253A%2525221048726631550559%252522%25252C%252522uidMain%252522%25253A%2525221048726631550559%252522%25252C%252522eventId%252522%25253A%252522xconsole-open-package-resource-meta.fetchMetaDataSource%252522%25252C%252522TOPIC%252522%25253A%252522xconsole-open-package-resource-meta%252522%25257D%25255D%25257D%2526headers%253D%25257B%252522Content-Type%252522%25253A%252522application%25252Fjson%252522%25252C%252522x-log-apiversion%252522%25253A%2525220.6.0%252522%25252C%252522x-log-bodyrawsize%252522%25253A799%25257D%2526rtype%253Dfetch%2526ts%253D1784009890003%2526type%253Dapi%257Curl%253D%25252F%25252Fxconsole-open.cn-shanghai.log.aliyuncs.com%25252Flogstores%25252Fprod%25252Ftrack%2526method%253DPOST%2526success%253Dtrue%2526status%253D200%2526duration%253D286%2526body%253D%25257B%252522__topic__%252522%25253A%252522xconsole-open-package-resource-meta%252522%25252C%252522__logs__%252522%25253A%25255B%25257B%252522__topic__%252522%25253A%252522xconsole-open-package-resource-meta%252522%25252C%252522GROUP%252522%25253A%252522LOG%252522%25252C%252522TIME%252522%25253A%2525221784009889669%252522%25252C%252522OS%252522%25253A%252522MacOS%252522%25252C%252522OS_VERSION%252522%25253A%25252210.15.7%252522%25252C%252522BROWSER%252522%25253A%252522HeadlessChrome%252522%25252C%252522BROWSER_VERSION%252522%25253A%252522149.0.0.0%252522%25252C%252522LOCATION_HOST%252522%25253A%252522rdsnext.console.aliyun.com%252522%25252C%252522LOCATION_PATHNAME%252522%25253A%252522%25252Fdetail%25252Fpgm-wz9t7bv5jsk55jh1%25252FmonitorAlarm%252522%25252C%252522LOCATION_SEARCH%252522%25253A%252522region%25253Dcn-shenzhen%252526DedicatedHostGroupId%25253D%252522%25252C%252522RESOLUTION_SCREEN%252522%25253A%2525221280x720%252522%25252C%252522RESOLUTION_BROWSER%252522%25253A%2525221280x720%252522%25252C%252522SPM_A%252522%25253A%2525225176%252522%25252C%252522SPM_B%252522%25253A%25252219908494%252522%25252C%252522IN_IFRAME%252522%25253A%252522false%252522%25252C%252522REFERRER%252522%25253A%252522https%25253A%25252F%25252Faccount.aliyun.com%25252F%252522%25252C%252522APP_ID%252522%25253A%252522rdsnext%252522%25252C%252522channel%252522%25253A%252522OFFICIAL%252522%25252C%252522locale%252522%25253A%252522zh-CN%252522%25252C%252522uid%252522%25253A%2525221048726631550559%252522%25252C%252522uidMain%252522%25253A%2525221048726631550559%252522%25252C%252522eventId%252522%25253A%252522xconsole-open-package-resource-meta.fetchMetaDataSource%252522%25252C%252522TOPIC%252522%25253A%252522xconsole-open-package-resource-meta%252522%25257D%25255D%25257D%2526headers%253D%25257B%252522Content-Type%252522%25253A%252522application%25252Fjson%252522%25252C%252522x-log-apiversion%252522%25253A%2525220.6.0%252522%25252C%252522x-log-bodyrawsize%252522%25253A799%25257D%2526rtype%253Dfetch%2526ts%253D1784009890003%2526type%253Dapi%257Curl%253Dhttps%25253A%25252F%25252Ffecs.console.aliyun.com%25252Fapi%25252Fconsole-base%25252Fproduct%25252Frecent%25252Flist%2526method%253DGET%2526success%253Dtrue%2526status%253D200%2526code%253D200%2526duration%253D206%2526trace_id%253D0bc3b4b117840098897951644e11fc%2526headers%253D%25257B%25257D%2526rtype%253Dfetch%2526ts%253D1784009890060%2526type%253Dapi%257Curl%253Dhttps%25253A%25252F%25252Ffecs.console.aliyun.com%25252Fapi%25252Fconsole-base%25252Fproduct%25252Ffavorite%25252Flist%2526method%253DGET%2526success%253Dtrue%2526status%253D200%2526code%253D200%2526duration%253D206%2526trace_id%253D0bc3b4b117840098897951643e11fc%2526headers%253D%25257B%25257D%2526rtype%253Dfetch%2526ts%253D1784009890061%2526type%253Dapi%257Curl%253Dhttps%25253A%25252F%25252Ffecs.console.aliyun.com%25252Fapi%25252Fpage_share%25252Fstatus%2526method%253DGET%2526success%253Dtrue%2526status%253D200%2526code%253D200%2526duration%253D205%2526trace_id%253D0bc3b4b117840098897961648e11fc%2526headers%253D%25257B%25257D%2526rtype%253Dfetch%2526ts%253D1784009890061%2526type%253Dapi%257Curl%253Dhttps%25253A%25252F%25252Ffecs.console.aliyun.com%25252Fapi%25252Fconsole-base%25252Faccount%25252Fcheck_labels%2526method%253DGET%2526success%253Dtrue%2526status%253D200%2526code%253D200%2526duration%253D256%2526trace_id%253D0bc3b4b117840098897481639e11fc%2526params%253DappKey%25253Dfecs%2526rtype%253Dfetch%2526ts%253D1784009890061%2526type%253Dapi%257Curl%253Dhttps%25253A%25252F%25252Ffecs.console.aliyun.com%25252Fdata%25252Fapi.json%2526method%253DPOST%2526success%253Dtrue%2526status%253D200%2526code%253D200%2526duration%253D254%2526trace_id%253D0bc3b4b117840098897961647e11fc%2526params%253D_fetcher_%25253Dnotifications__ReadNotifications%2526body%253Dproduct%25253Dnotifications%252526action%25253DReadNotifications%252526params%25253D%2525257B%25252522PageSize%25252522%2525253A10%2525257D%252526collina%25253D140%25252523q0uoW3BBzzWbeQo2%2525252BbNuKtN8s9De8IC8ryA9VlCsWblfIijcs69L7NgtzrwQDALUmZzllp1zzX7H8iN%2525252FvbzxO3cy93hqzFzb22U3lpcTziOImI5YqLzKrD1RrfyxvbbmH28%2525252BlpYazDziVWfdOT8I1wba7X53xEZmIggNskuwuqM75RhThaITGjEdGIZrxXuXbQLsmkSeQzU5WgiEdQdTjlCPqkei9R3wYSOdBq0XMw055Eje4olR7u8HogeCnB4M5EFi7sxuSqdlkRioEPxk2uWo7Cvc%2525252FDHjTCFaroCxRqyOvObw0ePLrdZ4sKjilAFne95x%2525252FF3osVxxypGVglxQUWZKE3zGtIgK1B4VUc%2525252FvKnpHzA0gaCxT4%2525252F8fSqYlqpJ2cf228ztZMDwnDByjgR89nhgSnhL54qLvMcqH3jRrKNs9h8dWZLkbhFwrfWq%2525252Bej3bYI%2525252B%2525252B%2525252BvVtHzpdpe6I5GzU4Ghl2lDQZ5nV3reqXQuNfAmgb6TJpotl2MuIYVjvFlRuuZHhsVdXlYSBRydaZ32mq%2525252BXuEj4MYPvg0RRl5aeV9IPf7%2525252B4TV90%2525252BwOrLO5OT5lcBMgQGw4MltPGMc3YW7btBa3YVf%2525252B5yt%2525252FpSAvRRyGI1eVrMCtqqw3%2525252BPwRYzATwaN6SQ8vkOAjcSj%2525252FkCRflG5LtSNqmlOaN0KipMy3WsFpfLYuPl6k8EzyyigqctyMOc3Ih00ULCrIGnAHH7yy3%2525252BEF2fcRVIo2uTYZN0JpV%2525252BUBbFP1CHHifzJPCPH8FcPUHrWTSHaqA78jXa%2525252FtqtlaYBd9cipfGKpgu%2525253D%252526umid%25253DY29b3ca4c152f1edb542c34bd8848d7a8%252526sec_token%25253D%2526headers%253D%25257B%252522Content-Type%252522%25253A%252522application%25252Fx-www-form-urlencoded%252522%25257D%2526rtype%253Dfetch%2526ts%253D1784009890096%2526type%253Dapi%257Curl%253Dhttps%25253A%25252F%25252Fpage.aliyun.com%25252Fmy%25252Fbenefit%25252FqueryUserReport%2526method%253DGET%2526success%253Dtrue%2526status%253D200%2526duration%253D306%2526params%253DbehaviorType%25253Dview_benefit_page%2526rtype%253Dfetch%2526ts%253D1784009890096%2526type%253Dapi%257Curl%253Dhttps%25253A%25252F%25252Fpage.aliyun.com%25252Fdelivery%25252Fplan%25252Flist%2526method%253DPOST%2526success%253Dtrue%2526msg%253Dsuccess%2526status%253D200%2526code%253D200%2526duration%253D329%2526params%253DresourceId%25253D4197%25252C3697%2526body%253DadPlanQueryParam%25253D%2525257B%25252522adZone%25252522%2525253A%2525257B%25252522positionList%25252522%2525253A%2525255B%2525257B%25252522positionId%25252522%2525253A%252525224197%25252522%2525257D%2525252C%2525257B%25252522positionId%25252522%2525253A%252525223697%25252522%2525257D%2525255D%2525257D%2525252C%25252522requestId%25252522%2525253A%25252522q5wan_H3DeAP8m8hR5nFs%25252522%2525252C%25252522referrer%25252522%2525253A%25252522https%2525253A%2525252F%2525252Frdsnext.console.aliyun.com%2525252Fdetail%2525252Fpgm-wz9t7bv5jsk55jh1%2525252FmonitorAlarm%2525253Fspm%2525253D5176.28369458.0.0.36961450Jepyio%25252526region%2525253Dcn-shenzhen%25252526DedicatedHostGroupId%2525253D%25252522%2525252C%25252522returnAll%25252522%2525253Afalse%2525257D%2526headers%253D%25257B%252522Content-Type%252522%25253A%252522application%25252Fx-www-form-urlencoded%252522%25252C%252522Referer%252522%25253A%252522https%25253A%25252F%25252Frdsnext.console.aliyun.com%25252Fdetail%25252Fpgm-wz9t7bv5jsk55jh1%25252FmonitorAlarm%25253Fspm%25253D5176.28369458.0.0.36961450Jepyio%252526region%25253Dcn-shenzhen%252526DedicatedHostGroupId%25253D%252522%25257D%2526rtype%253Dfetch%2526ts%253D1784009890096%2526type%253Dapi%257Curl%253D%25252Fdata%25252Fapi.json%2526method%253DPOST%2526success%253Dtrue%2526status%253D200%2526code%253D200%2526duration%253D243%2526trace_id%253D0a06dff517840098898125338e59a0%2526params%253D_fetcher_%25253DResourceCenter__GetResourceCenterServiceStatus%2526body%253Dproduct%25253DResourceCenter%252526action%25253DGetResourceCenterServiceStatus%252526collina%25253D140%25252523qNMoW3j5zzWSaQo2%2525252BbNuKtN8s9De8IC8ryA9VlCsWblfIijcs69L7NgtzrwQDALUHx4Mlp1zzX7H8iN%2525252FvbzxGHNxath%2525252Fzzrb22U3l61KJD2jV8EtqzHFmiDod6txDL1OD1AUepuzzPzYVXlqlVfdOT8I1wba7X53xEZmIggNskuwuqM75RhThaITGjEdGIZrxXuXYbLJhkSeQzU5WgiEdQdTjlCPqkei9R3wYSOdBq0XMw055Eje4olR7u8HogeCnB4M5EFi7sxuSqdlkRioEPxk2uWo7Cvc%2525252FDHjTCFaroCxRqyOvObw0ePLrdZ4sKjilAFne95x%2525252FF3osVxxypGVglxQUWZKE3zGtIgK1B4VUc%2525252FvKnpHzA0gaCxT4%2525252F8fSqYlqpJ2cf228ztZMDwnDByjgR89nhgSnhL54qLvMcqH3jRrKNs9h8dWZLkbhFwrfWq%2525252Bej3bYVd4Pz1iiX2SMv16uE7r78XMXXsd54EvLOCYuIGED9vpgf8MPJNUodnEuH9Cn0vtC1aAw9cLVpgyN3xtl%2525252FhRW%2525252FjrVgIJ5LmWZluBnT7jiLTWCv7KB%2525252Bx19o0h%2525252F%2525252BdyqVeXbQ8aK6VT%2525252Fsy%2525252FpyjgVTFb0ycuD6wMyi6SD1q7XOvJo2PJbzoEFu0L2aqj2uQZI%2525252FJtxAdN6p717G3yRzeDO7jcQideuh8qW1UVA0bSVTDDt85PW53hcYChfT6%2525252Bb59O%2525252FsiuExhcR8gDCK6lEfjSiFRZhXH4oKuHbo4fDely0hpSn2NhQ2amcZ5Xs7%2525252F3rdZA9%2525252BMRNAlS0iqQLX9ON6sqLXOUnWu%2525253D%252526umid%25253DY29b3ca4c152f1edb542c34bd8848d7a8%252526sec_token%25253DeIrlFmLDgToEOzMPbhI438%2526headers%253D%25257B%252522Content-Type%252522%25253A%252522application%25252Fx-www-form-urlencoded%252522%25257D%2526rtype%253Dfetch%2526ts%253D1784009890108%2526type%253Dapi%257Curl%253D%25252Fdata%25252Fapi.json%2526method%253DPOST%2526success%253Dtrue%2526status%253D200%2526code%253D200%2526duration%253D237%2526trace_id%253D0a06dff517840098898175340e59a0%2526params%253D_fetcher_%25253Dnotifications__ReadMessageList%2526body%253Dproduct%25253Dnotifications%252526action%25253DReadMessageList%252526params%25253D%2525257B%25252522ClassId%25252522%2525253A0%2525252C%25252522Status%25252522%2525253A0%2525252C%25252522Page%25252522%2525253A1%2525252C%25252522PageSize%25252522%2525253A1%2525252C%25252522Loc%25252522%2525253A%25252522nav%25252522%2525257D%252526collina%25253D140%25252523qOzof3jTzzWvqzo2%2525252BbNuKtN8s9De8IC8ryA9VlCsWblfIijcs69L7NgtzrwQDALUFx3olp1zzX7H8iN%2525252Fvbzx7KPLOth%2525252Fzzrb22U3l61LJD2jV8EtqzHFmiDod6txDL1OD1AUeIrLgPSiVXE%2525252FtFzz2Pzexj4%2525252BONdOHaU%2525252BWFuMP1Jgh74vdvnpHTwqgKYOJKws5qXSZzwnc22DjtW93uz3sfg1u5ux%2525252FcpeMvJpXjwWAN9Hxwl903d9suuUpWQ6Ujl%2525252BIbg6A5UE6%2525252BuM2jhzCLnitg0XFTMb%2525252FInrQYeG5vQI0JdMHizeQwC9jLY2d9pfIZxfWho0Otefx6juFCMoFh2QFRBqXg6Qu3SMWsEFKCXJENcE16ivGEihPbdRJYyQ%2525252FolTyLnNpl7B8xyDD%2525252BbnftzyiQ0GwJUuaZkgGxk8uWlIR6xvIVw0Zo77HqTifMP%2525252FOKMdidrlV3wVXKOQhRlXsL48YJ0NftTbkOGNS9L18Zf1nUkyogqEXtKgsMpSqTqv1e7ziTNxhmrEp6XnYWKosoalzNvU5Nns%2525252BmtVPbfH8tDWfPHhO%2525252B04Q4s6eRAuip7uJoHubrNfxCGLGigc4ALusoZd%2525252Bbl6%2525252BVyGMLhn%2525252B03cECAE6EbAz8F8SBqmQH5YOOnKoe%2525252FHbynFvmLC%2525252FXQaF38WP4WgQOUSfmrRb533Btn%2525252BgjoyODgQ8CMhhU9szIpOaLweISFSynp3WXGEc%2525252Bnc6VujHC%2525252F8pFLTGJZ1fcLaAzhHNydDIYg%2525252B3Gb715ICM4l3ELwsh%2525252Fn7BFeIXWikGS5F%2525252BXmuyJNIddu%2525252BZFF3NpekraAYQF%2525253D%2525253D%252526umid%25253DY29b3ca4c152f1edb542c34bd8848d7a8%252526sec_token%25253DeIrlFmLDgToEOzMPbhI438%2526headers%253D%25257B%252522Content-Type%252522%25253A%252522application%25252Fx-www-form-urlencoded%252522%25257D%2526rtype%253Dfetch%2526ts%253D1784009890109%2526type%253Dapi%257Curl%253Dhttps%25253A%25252F%25252Ffecs.console.aliyun.com%25252Fapi%25252Fconsole-base%25252Fproduct%25252Frecent%25252Fadd%2526method%253DPOST%2526success%253Dtrue%2526status%253D200%2526code%253D200%2526duration%253D259%2526trace_id%253D0bc3b4b117840098897961645e11fc%2526body%253DproductIds%25253Drds%252526collina%25253D140%25252523qvOoFtBwzzWGgzo2%2525252BbNuKtN8s9De8IC8ryA9VlCsWblfIijcs69L7NgtzrwQDALULQOOlp1zzX7H8iN%2525252FvbzxzLjmO6h%2525252Fzzrb22U3l61%2525252BJD2jV8EtqzHFmiDod6txDzrb2XMvl6TxzofdOT8I1wba7X53xEZmIggNskuwuqM75RhThaITGjEdGIZrxXuXYQLvpKSeQzU5WgiEdQdTjlCPqkei9R3wYSOdBq0XMw055Eje4olR7u8HogeCnB4M5EFi7sxuSqdlkRioEPxk2uWo7Cvc%2525252FDHjTCFaroCxRqyOvObw0ePLrdZ4sKjilAFne95x%2525252FF3osVxxypGVglxQUWZKE3zGtIgK1B4VUc%2525252FvKnpHzA0gaCxT4%2525252F8fSqYlqpJ2cf228ztZMDwnDByjgR89nhgSnhL54qLvMcqH3jRrKNs9h8dWZLkbhFwrfWq%2525252Bej3bYVpY76KWQL8RxAaSoZ2zUknERVp0L8BJIe6m0%2525252BUBDYsrhjAAQkhFrs11zt8Nad%2525252B64%2525252FwBfbrQzcmFPM7obwq23N94XxaoE0AP%2525252BhQQ5bAcfPKMj4YFx8lNMl%2525252F5hW4PsDCE84j2hFJewqLmd3mLajPEkM7Q3t2KPkd1GkOYnCuQZ9f5dJJoYwP5R7zR4hix8sT75DgdduNGzDwmfkTAJpIDkStCBTWCGyARounwqDbPqwmel298Q%2525252FAQ6MOa1PwmoGXs2bP85z4PtsEhMID9A62nxBMNmFnIeOGBcVB8EirP1DlxXUKDr5oPt5H1Ru7WJpD4zL81VWJ%2525252F1z7RC6AAL7dBKF%2525253D%2525253D%252526umid%25253DY29b3ca4c152f1edb542c34bd8848d7a8%252526sec_token%25253D%2526headers%253D%25257B%252522Content-Type%252522%25253A%252522application%25252Fx-www-form-urlencoded%252522%25257D%2526rtype%253Dfetch%2526ts%253D1784009890109%2526type%253Dapi%257Curl%253Dhttps%25253A%25252F%25252Ffecs.console.aliyun.com%25252Fdata%25252Fapi.json%2526method%253DPOST%2526success%253Dtrue%2526status%253D200%2526code%253D200%2526duration%253D259%2526trace_id%253D0bc3b4b117840098897961646e11fc%2526params%253D_fetcher_%25253DWorkorder__RecognizeCustomerType%2526body%253Dproduct%25253DWorkorder%252526action%25253DRecognizeCustomerType%252526params%25253D%2525257B%2525257D%252526collina%25253D140%25252523q02oZ6BqzzWhbzo2%2525252BbNuKtN8s9De8IC8ryA9VlCsWblfIijcs69L7NgtzrwQDALUmzaQlp1zzX7H8iN%2525252Fvbzx9o0496h%2525252Fzzrb22U3l613JD2jV8EtqzHFmiDod6txDL1O2XU%2525252BllfzzDrb3FwVEHmijDapVrMn3rNmgkYEG5R5hPJdvJENamEy7%2525252BC0LrFdi5Ixz0qoYWCzoBd4kn%2525252BCzC57ttLhhwcySeBaPbApYRVZjBnn37fT4t0pE2O4gAutsgWn3DcNQd8Z1C%2525252FG0r432n1i5%2525252BKpquRT2975tDOF3udyYwIqIxjBA2SFArkQGantAz%2525252Fwvrd6zMK8%2525252Brcwl04gunoR3rh%2525252BMoyUmThisk4XRku1qMOxwBk9unQ6gLPZh7tYUTbRFbV2xenFLXuLNA76vHS%2525252FJkF%2525252Fsvr610%2525252FFR1Oe9SFYY8vJ2A3rvYopxXZZ31EAOUoa%2525252BKYcRl2ywxAcnzae9UJOy2ofaSE1JVBtgyNPaFL0FmRHQzlRyGuCGSsoH4yL8sqY0MF1oTO7aR460QTJHMf7SdUEl7hXKD5rBlO8dAvUwxB0mResBBXG1TgCvw5jO0afb9RPkOixGc5nQEY6%2525252FjxGev%2525252B5BBSEMgfZbG9xAECtYitpWR4Trle6OcR6yEiHtnYD%2525252FqoWKS5jaIeK5pHRg3LTLXkE2d7AAdAsPO2xUea712DwpZU3y1PnQqrkJSn74cxmICFFww88ONDNvOloC%2525252BpTb83Ltgkfw4fGqVA2nakJx0gpwSDNnqp70s3JEdprNQiKiYM6%2525252FRn8y1UDZOfaWQGfeuEy%252526umid%25253DY29b3ca4c152f1edb542c34bd8848d7a8%252526sec_token%25253D%2526headers%253D%25257B%252522Content-Type%252522%25253A%252522application%25252Fx-www-form-urlencoded%252522%25257D%2526rtype%253Dfetch%2526ts%253D1784009890109%2526type%253Dapi%257Curl%253Dhttps%25253A%25252F%25252Fusercenter2.aliyun.com%25252Fapi%25252Faccount%25252FqueryMyTodo.json%2526method%253DGET%2526success%253Dtrue%2526msg%253Dsuccessful%2526status%253D200%2526code%253D200%2526duration%253D324%2526rtype%253Dfetch%2526ts%253D1784009890110%2526type%253Dapi%257Curl%253Dhttps%25253A%25252F%25252Fg.alicdn.com%25252Faliyun-skuld%25252Fraidho-config%25252F0.3.50%25252Fresource-meta.json%2526method%253DGET%2526success%253Dtrue%2526status%253D200%2526duration%253D71%2526rtype%253Dfetch%2526ts%253D1784009890112%2526type%253Dapi%257Curl%253D%25252Fdata%25252Fv2%25252FmultiApi.json%2526method%253DPOST%2526success%253Dtrue%2526status%253D200%2526code%253D200%2526duration%253D297%2526trace_id%253D0a06dff517840098898145339e59a0%2526params%253D_fetcher_%25253DBssOpenAPI-V3__GetFundAccountAvailableAmount~GetOrderCountInfo~DescribeCoupon~QueryFreetierInstanceInfo%2526body%253Dproduct%25253DBssOpenAPI-V3%252526actions%25253D%2525255B%2525257B%25252522action%25252522%2525253A%25252522GetFundAccountAvailableAmount%25252522%2525252C%25252522params%25252522%2525253A%2525257B%2525257D%2525257D%2525252C%2525257B%25252522action%25252522%2525253A%25252522GetOrderCountInfo%25252522%2525252C%25252522params%25252522%2525253A%2525257B%25252522Month%25252522%2525253A%25252522202607%25252522%2525257D%2525257D%2525252C%2525257B%25252522action%25252522%2525253A%25252522DescribeCoupon%25252522%2525252C%25252522params%25252522%2525253A%2525257B%25252522CurrentPage%25252522%2525253A1%2525252C%25252522PageSize%25252522%2525253A10%2525252C%25252522Status%25252522%2525253A%25252522AVAILABLE%25252522%2525257D%2525257D%2525252C%2525257B%25252522action%25252522%2525253A%25252522QueryFreetierInstanceInfo%25252522%2525252C%25252522params%25252522%2525253A%2525257B%25252522TrialStatus%25252522%2525253A%25252522inTrial%25252522%2525252C%25252522CurrentPage%25252522%2525253A1%2525252C%25252522PageSize%25252522%2525253A100%2525257D%2525257D%2525255D%252526collina%25253D140%25252523qNSoA3jezzWhtQo2%2525252BbNuKtN8s9De8IC8ryA9VlCsWblfIijcs69L7NgtzrwQDALUH5crlp1zzX7H8iN%2525252FvbzxvHNc7ph%2525252Fzzrb22U3l612JD2jV8EtqzHFmiDod6txDL1OD1AUeIrLzPziVP%2525252F%2525252FlQrz3FwVEHmijDapVrMn3rNmgkYEG5R5hPJdvJENamEy7%2525252BC0LrFdi5I3z0ZmYWCzoBd4kn%2525252BCzC57ttLhhwcySeBaPbApYRVZjBnn37fT4t0pE2O4gAutsgWn3DcNQd8Z1C%2525252FG0r432n1i5%2525252BKpquRT2975tDOF3udyYwIqIxjBA2SFArkQGantAz%2525252Fwvrd6zMK8%2525252Brcwl04gunoR3rh%2525252BMoyUmThisk4XRku1qMOxwBk9unQ6gLPZh7tYUTbRFbV2xenFLXuLNA76vHS%2525252FJkF%2525252Fsvr610%2525252FFR1Oe9SFYY8vJ2A3rvYopxXZZ31EAOUoa2J1VnMyCoo50KDwzmQ8OFTpz0%2525252FiBxa8gUax3fMZmi9rk6dH1KEy7jprazVNPfvRppZdko%2525252FeWRuiZOCVgFhJP%2525252B2wy2uI4tIGHb0OmGMViwFDNO40t1JcYu%2525252FSJeNcm70pMNTZ0eOzDyU2qjx0%2525252B3UhIRvWa1K4Mf4xAYN3zfH4IxuqqM3ePJnP80yFU8JQchlRiQj3a9JX9bfGkfTLoHAfkbfIfzhiuNaOEJZ12N%2525252FdrF20yYIdpO%2525252BXSIsMFWJ2Emcwh5KhthdmN7XQyKANGnyrNuxciWtsjTMzabZsF3KoUliWkmE2P%2525252Bgh6BE%2525252FOgbZLyuu8Lw4A4txlw6Co1xMac53wwxcJBtX5jCT71af%2525253D%252526umid%25253DY29b3ca4c152f1edb542c34bd8848d7a8%252526sec_token%25253DeIrlFmLDgToEOzMPbhI438%2526headers%253D%25257B%252522Content-Type%252522%25253A%252522application%25252Fx-www-form-urlencoded%252522%25257D%2526rtype%253Dfetch%2526ts%253D1784009890130%2526type%253Dapi%257Curl%253D%25252F%25252Fg.alicdn.com%25252Faliyun-metas%25252Fresource-assets%25252F1.1.14%25252Fresource-meta.json%2526method%253DGET%2526success%253Dtrue%2526status%253D200%2526duration%253D217%2526rtype%253Dfetch%2526ts%253D1784009890378%2526type%253Dapi%257Curl%253D%25252F%25252Fg.alicdn.com%25252Faliyun-metas%25252Fresource-assets%25252F1.1.14%25252Fresource-type-map.json%2526method%253DGET%2526success%253Dtrue%2526status%253D200%2526duration%253D218%2526rtype%253Dfetch%2526ts%253D1784009890391%2526type%253Dapi%257Curl%253D%25252F%25252Fg.alicdn.com%25252Faliyun-metas%25252Fresource-assets%25252F1.1.14%25252Fnamespace-code-map.json%2526method%253DGET%2526success%253Dtrue%2526status%253D200%2526duration%253D219%2526rtype%253Dfetch%2526ts%253D1784009890392%2526type%253Dapi%257Curl%253D%25252F%25252Fg.alicdn.com%25252Faliyun-metas%25252Fresource-assets%25252F1.1.14%25252Fresource-id-translation.json%2526method%253DGET%2526success%253Dtrue%2526status%253D200%2526duration%253D219%2526rtype%253Dfetch%2526ts%253D1784009890393%2526type%253Dapi%257Curl%253D%25252Fdata%25252Fcall.json%2526method%253DPOST%2526success%253Dtrue%2526status%253D200%2526code%253D200%2526duration%253D584%2526trace_id%253D0a06dff517840098897965337e59a0%2526params%253D_fetcher_%25253Done-console-app-home__GetConsoleByCommodity%2526body%253Dproduct%25253Done-console-app-home%252526action%25253DGetConsoleByCommodity%252526collina%25253D140%25252523qvboF6BfzzWh3zo2%2525252BbNuKtN8s9De8IC8ryA9VlCsWblfIijcs69L7NgtzrwQDALULxo7lp1zzX7H8iN%2525252FvbzxILIDaph%2525252Fzzrb22U3l61cJD2jV8EtqzHFmiDod6%2525252FwzzrbKOU3lp1exj4%2525252BONdOHaU%2525252BWFuMP1Jgh74vdvnpHTwqgKYOJKws5qXSZzwnc2rDRPg93uz3sfg1u5ux%2525252FcpeMvJpXjwWAN9Hxwl903d9suuUpWQ6Ujl%2525252BIbg6A5UE6%2525252BuM2jhzCLnitg0XFTMb%2525252FInrQYeG5vQI0JdMHizeQwC9jLY2d9pfIZxfWho0Otefx6juFCMoFh2QFRBqXg6Qu3SMWsEFKCXJENcE16ivGEihPbdRJYyQ%2525252FolTyLnNpl7B8xyDD%2525252BbnftzyiQ0GwJUuaZkgGxk8uWlIR6xvIVw0Zo77HqTifMP%2525252FOKMdidrlV3wVXK9tWnrRm4ksxIzGI4u7rVQZUrQy7orgHqDXu3cJQLowFS8E7Iu%2525252F4fuy3hlmUataysFt4ns%2525252B7y6t8BpNXevRlLP3fa%2525252BqstlHrnuLa9st8yNMMHID2X%2525252BSq7O87f94nSrrAzmMg8xZbDgU1XCrQN%2525252F9aGN0lW%2525252BJMGpfvaLzEbOJGbn9q2i3sfnz4NOF4HDXHRbJeyU%2525252FdOi4dfG6DQotc%2525252BwuqiX%2525252B2%2525252F4DMUOooA8u%2525252F289aLsCmOy1Zeu8TVTizASEsOUJRlXMcWfqhga3sNy%2525252BMpqR7g3QYlaWxblTn7CGLGrt5g6V%2525252FcAQH6ZhB7cBqaZkMnQA8YelmdLp9z37Sg%2525252FHn%2525252FVXJkR5Faf%2525253D%252526umid%25253DY29b3ca4c152f1edb542c34bd8848d7a8%252526sec_token%25253DeIrlFmLDgToEOzMPbhI438%2526headers%253D%25257B%252522Content-Type%252522%25253A%252522application%25252Fx-www-form-urlencoded%252522%25257D%2526rtype%253Dfetch%2526ts%253D1784009890396%2526type%253Dapi%257Curl%253D%25252Fdata%25252Fv2%25252FmultiApi.json%2526method%253DPOST%2526success%253Dtrue%2526status%253D200%2526code%253D200%2526duration%253D200%2526trace_id%253D0a06dff517840098901795388e59a0%2526params%253D_fetcher_%25253DResourceCenter__ListResourceTypes~GetResourceCounts%2526body%253Dproduct%25253DResourceCenter%252526actions%25253D%2525255B%2525257B%25252522action%25252522%2525253A%25252522ListResourceTypes%25252522%2525252C%25252522params%25252522%2525253A%2525257B%25252522AcceptLanguage%25252522%2525253A%25252522zh-CN%25252522%2525252C%25252522Query.1%25252522%2525253A%25252522ResourceType%25252522%2525252C%25252522Query.2%25252522%2525253A%25252522ProductName%25252522%2525252C%25252522Query.3%25252522%2525253A%25252522ResourceTypeName%25252522%2525257D%2525257D%2525252C%2525257B%25252522action%25252522%2525253A%25252522GetResourceCounts%25252522%2525252C%25252522params%25252522%2525253A%2525257B%25252522GroupByKey%25252522%2525253A%25252522ResourceType%25252522%2525257D%2525257D%2525255D%252526collina%25253D140%252525236vzoCpeWzzWhCQo2%2525252BbNuKtN8s9De8IC8ryA9VlCsWblfIijcs69L7NgtzrwQDALUPZo4lp1zzX7H8iN%2525252FvbzxO3cy93hqzFzb22U3lsaTziOImI5YqLzKrD1RrfyxvbbmHnGlHDn6DqT7ZSMxD7um%2525252BI94CQMtzFzi2Duvl61z3FwVEHmijDapVrMn3rNmgkYEG5R5hPJdvJENamEy7%2525252BC0LrFdi5Ixz0u2hECzoBd4kn%2525252BCzC57ttLhhwcySeBaPbApYRVZjBnn37fT4t0pE2O4gAutsgWn3DcNQd8Z1C%2525252FG0r432n1i5%2525252BKpquRT2975tDOF3udyYwIqIxjBA2SFArkQGantAz%2525252Fwvrd6zMK8%2525252Brcwl04gunoR3rh%2525252BMoyUmThisk4XRku1qMOxwBk9unQ6gLPZh7tYUTbRFbV2xenFLXuLNA76vHS%2525252FJkF%2525252Fsvr610%2525252FFR1Oe9SFYY8vJ2A3rvYopxXZZ31EAO8ze5WU3ZiU9AWo3WKrqxttAfizrYkfsCq%2525252BMPh4Ii8GZfNLcZjD13l%2525252Fk5RtrwspMiAhmZans7MRioaToBtHIqVUp9jYtYcrHrTHwcYT2M6xw6S1pvuBZI8NJxun86yV2F%2525252BZrnPQw2gLRPpmsc9dRk5vr6trFPaAeKnegkE0il5y8CTuShoIn7HoXv0wgkAOb%2525252F95Qy5BkF%2525252B63gEoQ6W7rykP4T3H%2525252FkOr73lFxeVRPtQ09GmDyl9Z%2525252BtGfUXO111MyGV0AMvfN4AVA%2525252FeYCWe2u3C6A00IrL3M%2525252BUC60EO%2525252Bp24FiRjmzkAvMCsPVCN2MZzYkOmr8QHWhhA1SjrPsb66nB0jPXxTjy%252526umid%25253DY29b3ca4c152f1edb542c34bd8848d7a8%252526sec_token%25253DeIrlFmLDgToEOzMPbhI438%2526headers%253D%25257B%252522Content-Type%252522%25253A%252522application%25252Fx-www-form-urlencoded%252522%25257D%2526rtype%253Dfetch%2526ts%253D1784009890397%2526type%253Dapi%257Curl%253Dhttps%25253A%25252F%25252Ffecs.console.aliyun.com%25252Fdata%25252Fcustom.json%2526method%253DPOST%2526success%253Dtrue%2526msg%253DSUCCEED%2526status%253D200%2526code%253D200%2526duration%253D246%2526trace_id%253D0bc3b4b117840098901541691e11fc%2526params%253D_fetcher_%25253Docca-myalicloud__GetUserRecentProductList%2526body%253Dproduct%25253Docca-myalicloud%252526action%25253DGetUserRecentProductList%252526collina%25253D140%25252523CaFoC3MVzzW0mzo2%2525252BbNuKtN8s9De8IC8ryA9VlCsWblfIijcs69L7NgtzrwQDALUW5tolp1zzX7H8iN%2525252Fvbzx428d7th%2525252Fzzrb22U3l61WJD2jV8EtqzHFmiDod6txDL1OD1AUeIrLgPvJiSlfDbNlHEHnipgqzHOb228%2525252B3FwVEHmijDapVrMn3rNmgkYEG5R5hPJdvJENamEy7%2525252BC0LrFdi5Ixz0ehYWCzoBd4kn%2525252BCzC57ttLhhwcySeBaPbApYRVZjBnn37fT4t0pE2O4gAutsgWn3DcNQd8Z1C%2525252FG0r432n1i5%2525252BKpquRT2975tDOF3udyYwIqIxjBA2SFArkQGantAz%2525252Fwvrd6zMK8%2525252Brcwl04gunoR3rh%2525252BMoyUmThisk4XRku1qMOxwBk9unQ6gLPZh7tYUTbRFbV2xenFLXuLNA76vHS%2525252FJkF%2525252Fsvr610%2525252FFR1Oe9SFYY8vJ2A3rvYopxXZZ31EAOUoaKy0Tcksj18Z0dk9mJK%2525252BZGfRAR087gKVparGn8z3hvIDE84SXLwCcYUhTSTd0DPqVUDu6nBNsKY7VEAB2J1t4xsNcZb0DztznY22qunmrlRQG5dMigi7V9zMkXTXixtbLlRk30alipxN8OMFtsfwOXQGxn%2525252Bp6g7vOP%2525252BeQqIKyiwpvtFm61PjFo5JKsq7visNdr3XBhCHhOHiCZ3uGBc8Bt%2525252BfUwI11vMPgSZdvROjfjvLUg1EgfBOpDXGfy2mR4nPTu8nz2WaPhsm%2525252FRx87CRv6X8De1eD8EqOPgkhss1mW7KfnPZ%2525252Ft5W63Go4Na2cyDy1R6OphvgqybkFMXc6O2zrOmZ1d%252526umid%25253DY29b3ca4c152f1edb542c34bd8848d7a8%252526sec_token%25253D%2526headers%253D%25257B%252522Content-Type%252522%25253A%252522application%25252Fx-www-form-urlencoded%252522%25257D%2526rtype%253Dfetch%2526ts%253D1784009890410%2526type%253Dapi%257Curl%253D%25252F%25252Fxconsole-open.cn-shanghai.log.aliyuncs.com%25252Flogstores%25252Fprod%25252Ftrack%2526method%253DPOST%2526success%253Dtrue%2526status%253D200%2526duration%253D276%2526body%253D%25257B%252522__topic__%252522%25253A%252522xconsole-open-package-resource-meta%252522%25252C%252522__logs__%252522%25253A%25255B%25257B%252522__topic__%252522%25253A%252522xconsole-open-package-resource-meta%252522%25252C%252522GROUP%252522%25253A%252522LOG%252522%25252C%252522TIME%252522%25253A%2525221784009890405%252522%25252C%252522OS%252522%25253A%252522MacOS%252522%25252C%252522OS_VERSION%252522%25253A%25252210.15.7%252522%25252C%252522BROWSER%252522%25253A%252522HeadlessChrome%252522%25252C%252522BROWSER_VERSION%252522%25253A%252522149.0.0.0%252522%25252C%252522LOCATION_HOST%252522%25253A%252522rdsnext.console.aliyun.com%252522%25252C%252522LOCATION_PATHNAME%252522%25253A%252522%25252Fdetail%25252Fpgm-wz9t7bv5jsk55jh1%25252FmonitorAlarm%252522%25252C%252522LOCATION_SEARCH%252522%25253A%252522region%25253Dcn-shenzhen%252526DedicatedHostGroupId%25253D%252522%25252C%252522RESOLUTION_SCREEN%252522%25253A%2525221280x720%252522%25252C%252522RESOLUTION_BROWSER%252522%25253A%2525221280x720%252522%25252C%252522SPM_A%252522%25253A%2525225176%252522%25252C%252522SPM_B%252522%25253A%25252219908494%252522%25252C%252522IN_IFRAME%252522%25253A%252522false%252522%25252C%252522REFERRER%252522%25253A%252522https%25253A%25252F%25252Faccount.aliyun.com%25252F%252522%25252C%252522APP_ID%252522%25253A%252522rdsnext%252522%25252C%252522channel%252522%25253A%252522OFFICIAL%252522%25252C%252522locale%252522%25253A%252522zh-CN%252522%25252C%252522uid%252522%25253A%2525221048726631550559%252522%25252C%252522uidMain%252522%25253A%2525221048726631550559%252522%25252C%252522eventId%252522%25253A%252522xconsole-open-package-resource-meta.getURL%252522%25252C%252522c1%252522%25253A%252522resourcesList%252522%25252C%252522c2%252522%25253A%252522ACS%25253A%25253AECS%25253A%25253ASecurityGroup%252522%25252C%252522status%252522%25253A%252522UserError%252522%25252C%252522TOPIC%252522%25253A%252522xconsole-open-package-resource-meta%252522%25257D%25255D%25257D%2526headers%253D%25257B%252522Content-Type%252522%25253A%252522application%25252Fjson%252522%25252C%252522x-log-apiversion%252522%25253A%2525220.6.0%252522%25252C%252522x-log-bodyrawsize%252522%25253A859%25257D%2526rtype%253Dfetch%2526ts%253D1784009890830%2526type%253Dapi%257Curl%253Dhttps%25253A%25252F%25252Ffecs.console.aliyun.com%25252Fapi%25252Fconsole-base%25252Fproduct%25252Ffavorite%25252Flist%2526method%253DGET%2526success%253Dtrue%2526status%253D200%2526code%253D200%2526duration%253D271%2526trace_id%253D0bc3b4b117840098905121730e11fc%2526headers%253D%25257B%25257D%2526rtype%253Dfetch%2526ts%253D1784009891357%2526type%253Dapi%257Curl%253Dhttps%25253A%25252F%25252Ffecs.console.aliyun.com%25252Fapi%25252Fconsole-base%25252Fcookie%25252Fgovern%2526method%253DPOST%2526success%253Dtrue%2526status%253D200%2526code%253D200%2526duration%253D250%2526trace_id%253D0bc3b4b117840098905121731e11fc%2526body%253Dcollina%25253D140%25252523ZVMout6OzzWI0zo2%2525252BbNuKtN8s9De8IC8ryA9VlCsWblfIijcs69L7NgtzrwQDALUf5Qslp1zzX7H8iN%2525252FvbzxroK496h%2525252Fzzrb22U3l61CJD2jV8EtqzHFmiDod6txDL1OD1AUeIrLgPvJiSlfDbNlHEHnZuTtr%2525252BLoNRY%2525252Fl61zaIzbV2Qexj4%2525252BONdOHaU%2525252BWFuMP1Jgh74vdvnpHTwqgKYOJKws5qXSZzwnc2%2525252BDRcJ93uz3sfg1u5ux%2525252FcpeMvJpXjwWAN9Hxwl903d9suuUpWQ6Ujl%2525252BIbg6A5UE6%2525252BuM2jhzCLnitg0XFTMb%2525252FInrQYeG5vQI0JdMHizeQwC9jLY2d9pfIZxfWho0Otefx6juFCMoFh2QFRBqXg6Qu3SMWsEFKCXJENcE16ivGEihPbdRJYyQ%2525252FolTyLnNpl7B8xyDD%2525252BbnftzyiQ0GwJUuaZkgGxk8uWlIR6xvIVw0Zo77HqTifMP%2525252FOKMdidrlV3wVXKOlIRq2HoT7%2525252B1sPdNq3Pnjj723flttowRxTc36a6yptLl%2525252FYefYn8PzGK6mLeVXqQ438%2525252B4nksYuAFT6pFCBB8zVNaAuvu5GqVx4fLLaWBDXLBuUp%2525252BtF1TcdVGVxT6GIyXZlAR7rJRwVN1a0NH7D%2525252F82QieLIirxAS8o5wrOJuGXRebbd7jbWNzZCqk5pSPvE3b7BZtlcTZSQ4qtKAoCNsQzjL8yhHrmpmsl0dSc93vNIxNNSytrIYKGG6HVYm6PS7br2vXmpLqcHL3MaRmyxXcCEpjxy01YxxWriDmf%2525252FSxrA3Gobf82So4OCas6ZM7wntOB7JbkY1fGfDNEC8%2525252F4Aml3pmpte6%252526umid%25253DY29b3ca4c152f1edb542c34bd8848d7a8%252526sec_token%25253D%2526headers%253D%25257B%252522Content-Type%252522%25253A%252522application%25252Fx-www-form-urlencoded%252522%25257D%2526rtype%253Dfetch%2526ts%253D1784009891357%2526type%253Dapi%26cache%3D61961ac%26jsver%3Daplus.js%26lver%3D1.13.27%26customSdkId%3D%26platformType%3Dpc%26device_model%3DMacintosh%26os%3DMac%20OS%20X%26os_version%3D10.15.7%26o%3Dmac%26w%3Dwebkit%26s%3D1280x720%26scr%3D1280x720%26m%3D%26ism%3Dmac%26p%3D1%26b%3Dchrome149%26tag%3D0%26stag%3D-2%26lstag%3D-1%26_g_encode%3Dutf-8&cna=&spm-cnt=5176.19908494.0.0.52d91450cxuUDN&spm-url=5176.28369458.0.0.36961450Jepyio&_gr_uid_=1048726631550559&uidaplus=1048726631550559&logtype=2&scr=1280x720&_p_url=https%3A%2F%2Frdsnext.console.aliyun.com%2Fdetail%2Fpgm-wz9t7bv5jsk55jh1%2FmonitorAlarm%3Fspm%3D5176.28369458.0.0.36961450Jepyio%26region%3Dcn-shenzhen%26DedicatedHostGroupId%3D:0
[  262632ms] [ERROR] Failed to load resource: net::ERR_CONNECTION_CLOSED @ https://log.mmstat.com/eg.js:0
[  262632ms] [WARNING] [APLUS] -- 日志上报失败，注意，要切成动态网络啦! @ :2
[  262633ms] [ERROR] Failed to load resource: net::ERR_CONNECTION_CLOSED @ https://d-gm.mmstat.com/aes.1.1:0
[  262633ms] [ERROR] Failed to load resource: net::ERR_CONNECTION_CLOSED @ https://d-gm.mmstat.com/cloud_console_rds.19908494.25c7c426:0
[  262633ms] [ERROR] Failed to load resource: net::ERR_CONNECTION_CLOSED @ https://d-gm.mmstat.com/aes.1.1:0
[  262639ms] [ERROR] Framing 'https://xstore.insights.1688.com/' violates the following Content Security Policy directive: "frame-src 'self' *.aliyun.com gaic.alicdn.com g.alicdn.com *.alibabacloud.com". The request has been blocked.
 @ https://g.alicdn.com/:0
[  262660ms] [ERROR] Failed to load resource: net::ERR_CONNECTION_CLOSED @ https://log.mmstat.com/eg.js:0
[  262727ms] [ERROR] Failed to load resource: net::ERR_CONNECTION_CLOSED @ https://d-gm.mmstat.com/aliyun_com.homon.homon-module:0
[  262784ms] [ERROR] Failed to load resource: net::ERR_CONNECTION_CLOSED @ https://d-gm.mmstat.com/aes.1.1:0
[  262784ms] [ERROR] Failed to load resource: net::ERR_CONNECTION_CLOSED @ https://d-gm.mmstat.com/cloud_console_rds.19908494.4a5496a2:0
[  262812ms] [ERROR] Failed to load resource: net::ERR_CONNECTION_CLOSED @ https://d-gm.mmstat.com/aes.1.1:0
[  262816ms] [ERROR] Failed to load resource: net::ERR_CONNECTION_CLOSED @ https://d-gm.mmstat.com/cloud_console_rds.19908494.4755ef8:0
[  262816ms] [ERROR] Failed to load resource: net::ERR_CONNECTION_CLOSED @ https://d-gm.mmstat.com/aes.1.1:0
[  262816ms] [ERROR] Failed to load resource: net::ERR_CONNECTION_CLOSED @ https://d-gm.mmstat.com/aes.1.1:0
[  262817ms] [ERROR] Failed to load resource: net::ERR_CONNECTION_CLOSED @ https://log.mmstat.com/eg.js:0
[  262824ms] [ERROR] Failed to load resource: net::ERR_CONNECTION_CLOSED @ https://log.mmstat.com/eg.js:0
[  262829ms] [ERROR] Failed to load resource: net::ERR_CONNECTION_CLOSED @ https://log.mmstat.com/eg.js:0
[  262848ms] [ERROR] Failed to load resource: net::ERR_CONNECTION_CLOSED @ https://d-gm.mmstat.com/aes.1.1:0
[  262849ms] [ERROR] Failed to load resource: net::ERR_CONNECTION_CLOSED @ https://d-gm.mmstat.com/aes.1.1:0
[  262853ms] [ERROR] Failed to load resource: net::ERR_CONNECTION_CLOSED @ https://d-gm.mmstat.com/aliyun_com.homon.homon-module:0
[  262870ms] [ERROR] Permissions policy violation: accelerometer is not allowed in this document. @ https://af.alicdn.com/AWSC/uab/1.140.0/collina.js:1
[  262870ms] [WARNING] The deviceorientation events are blocked by permissions policy. See https://github.com/w3c/webappsec-permissions-policy/blob/master/features.md#sensor-features @ https://af.alicdn.com/AWSC/uab/1.140.0/collina.js:1
[  262871ms] [LOG] Tue Jul 14 2026 14:18:12 GMT+0800 (China Standard Time) @ https://af.alicdn.com/AWSC/uab/1.140.0/collina.js:4
[  262898ms] [ERROR] Failed to load resource: net::ERR_CONNECTION_CLOSED @ https://d-gm.mmstat.com/aes.1.1:0
[  262899ms] [ERROR] Failed to load resource: net::ERR_CONNECTION_CLOSED @ https://d-gm.mmstat.com/aes.1.1:0
[  262900ms] [ERROR] Failed to load resource: net::ERR_CONNECTION_CLOSED @ https://log.mmstat.com/eg.js:0
[  262903ms] [ERROR] Failed to load resource: net::ERR_CONNECTION_CLOSED @ https://log.mmstat.com/eg.js:0
[  262924ms] [LOG] %c [APLUS] -- APLUS INIT SUCCESS background:#3B82FE; padding: 4px; padding-right: 8px; border-radius: 4px; color: #fff; @ :1
[  262934ms] [ERROR] Failed to load resource: net::ERR_CONNECTION_CLOSED @ https://log.mmstat.com/eg.js:0
[  262937ms] [ERROR] Failed to load resource: net::ERR_CONNECTION_CLOSED @ https://d-gm.mmstat.com/aes.1.1:0
[  262938ms] [ERROR] Failed to load resource: net::ERR_CONNECTION_CLOSED @ https://d-gm.mmstat.com/aes.1.1:0
[  262967ms] [ERROR] Failed to load resource: net::ERR_CONNECTION_CLOSED @ https://log.mmstat.com/eg.js:0
[  263004ms] [ERROR] Failed to load resource: net::ERR_CONNECTION_CLOSED @ https://d-gm.mmstat.com/aes.1.1:0
[  263004ms] [ERROR] Failed to load resource: net::ERR_CONNECTION_CLOSED @ https://d-gm.mmstat.com/aes.1.1:0
[  263025ms] [ERROR] Failed to load resource: net::ERR_CONNECTION_CLOSED @ https://log.mmstat.com/eg.js:0
[  263042ms] [WARNING] There are multiple versions of G2. Version 3.3.4's reference is 'window.G2_3' @ https://gw.alipayobjects.com/os/lib/antv/g2/3.3.4/dist/g2.min.js:0
[  263064ms] [ERROR] Failed to load resource: net::ERR_CONNECTION_CLOSED @ https://d-gm.mmstat.com/aes.1.1:0
[  263064ms] [ERROR] Failed to load resource: net::ERR_CONNECTION_CLOSED @ https://d-gm.mmstat.com/aes.1.1:0
[  263064ms] [ERROR] Failed to load resource: net::ERR_CONNECTION_CLOSED @ https://d-gm.mmstat.com/aliyun_com.homon.homon-module:0
[  263122ms] [WARNING] Unsatisfied version 1.0.1-alpha from das of shared singleton module @ali/wind-console-track (required =1.0.1-alpha.2) @ https://g.alicdn.com/AliDBPaaS/sailorstar/2.25.86/index.js:0
[  263123ms] [WARNING] Unsatisfied version 3.0.3 from das of shared singleton module @ali/aes-tracker-plugin-event (required =3.0.0) @ https://g.alicdn.com/AliDBPaaS/sailorstar/2.25.86/index.js:0
[  263123ms] [WARNING] Unsatisfied version 0.4.0-rc.1 from das of shared singleton module dva (required =2.6.0-beta.20) @ https://g.alicdn.com/AliDBPaaS/sailorstar/2.25.86/index.js:0
[  263123ms] [WARNING] Unsatisfied version 3.3.18 from das of shared singleton module @ali/aes-tracker (required =3.3.9) @ https://g.alicdn.com/AliDBPaaS/sailorstar/2.25.86/index.js:0
[  263123ms] [WARNING] Unsatisfied version 3.0.4 from das of shared singleton module @ali/aes-tracker-plugin-jserror (required =3.0.3) @ https://g.alicdn.com/AliDBPaaS/sailorstar/2.25.86/index.js:0
[  263123ms] [WARNING] Unsatisfied version 3.0.7 from das of shared singleton module @ali/aes-tracker-plugin-pv (required =3.0.6) @ https://g.alicdn.com/AliDBPaaS/sailorstar/2.25.86/index.js:0
[  263123ms] [WARNING] Unsatisfied version 3.0.17 from das of shared singleton module @ali/aes-tracker-plugin-autolog (required =3.0.13) @ https://g.alicdn.com/AliDBPaaS/sailorstar/2.25.86/index.js:0
[  263227ms] [ERROR] Failed to load resource: net::ERR_CONNECTION_CLOSED @ https://log.mmstat.com/eg.js:0
[  263262ms] [ERROR] Failed to load resource: net::ERR_CONNECTION_CLOSED @ https://d-gm.mmstat.com/aliyun_com.homon.homon-module:0
[  263428ms] [ERROR] Failed to load resource: net::ERR_CONNECTION_CLOSED @ https://log.mmstat.com/eg.js:0
[  263600ms] [WARNING] There are multiple versions of G2. Version 3.4.5's reference is 'window.G2_3' @ https://g.alicdn.com/AliDBPaaS/sailorstar/2.25.86/das.0aa21bde20afc720158c.js:2228
[  263753ms] [WARNING] There are multiple versions of G2. Version 3.3.4's reference is 'window.G2_3' @ https://g.alicdn.com/AliDBPaaS/sailorstar/2.25.86/das.0aa21bde20afc720158c.js:2111
[  263891ms] [ERROR] Failed to load resource: net::ERR_CONNECTION_CLOSED @ https://d-gm.mmstat.com/cloud_console_rds.19908494.624a96cc:0
[  263904ms] [ERROR] Failed to load resource: net::ERR_CONNECTION_CLOSED @ https://log.mmstat.com/eg.js:0
[  264140ms] [ERROR] Failed to load resource: net::ERR_CONNECTION_CLOSED @ https://d-gm.mmstat.com/cloud_console_rds.19908494.cc160f2:0
[  264150ms] [ERROR] Failed to load resource: net::ERR_CONNECTION_CLOSED @ https://log.mmstat.com/eg.js:0
[  264171ms] [ERROR] Permissions policy violation: gyroscope is not allowed in this document. @ https://g.alicdn.com/secdev/sufei_data/3.9.14/index.js:0
[  264171ms] [ERROR] Permissions policy violation: accelerometer is not allowed in this document. @ https://g.alicdn.com/secdev/sufei_data/3.9.14/index.js:0
[  264171ms] [WARNING] The deviceorientation events are blocked by permissions policy. See https://github.com/w3c/webappsec-permissions-policy/blob/master/features.md#sensor-features @ https://g.alicdn.com/secdev/sufei_data/3.9.14/index.js:0
[  264193ms] [ERROR] Failed to load resource: net::ERR_CONNECTION_CLOSED @ https://d-gm.mmstat.com/cloud_console_rds.19908494.c71b59b:0
[  264208ms] [ERROR] Failed to load resource: net::ERR_CONNECTION_CLOSED @ https://log.mmstat.com/eg.js:0
[  264212ms] [ERROR] Failed to load resource: net::ERR_CONNECTION_CLOSED @ https://log.mmstat.com/eg.js:0
[  264224ms] [ERROR] Failed to load resource: net::ERR_CONNECTION_CLOSED @ https://log.mmstat.com/eg.js:0
[  264326ms] [ERROR] Failed to load resource: net::ERR_CONNECTION_CLOSED @ https://d-gm.mmstat.com/aes.1.1:0
[  264327ms] [ERROR] Failed to load resource: net::ERR_CONNECTION_CLOSED @ https://d-gm.mmstat.com/aes.1.1:0
[  264327ms] [ERROR] Failed to load resource: net::ERR_CONNECTION_CLOSED @ https://d-gm.mmstat.com/aes.1.1:0
[  264327ms] [ERROR] Failed to load resource: net::ERR_CONNECTION_CLOSED @ https://d-gm.mmstat.com/cloud_console_rds.19908494.73b12f1b:0
[  264396ms] [ERROR] Failed to load resource: net::ERR_CONNECTION_CLOSED @ https://log.mmstat.com/eg.js:0
[  264598ms] [ERROR] Failed to load resource: net::ERR_CONNECTION_CLOSED @ https://log.mmstat.com/eg.js:0
[  264607ms] [ERROR] Failed to load resource: net::ERR_CONNECTION_CLOSED @ https://d-gm.mmstat.com/aes.1.1:0
[  264623ms] [ERROR] Failed to load resource: net::ERR_CONNECTION_CLOSED @ https://log.mmstat.com/eg.js:0
[  264635ms] [ERROR] Failed to load resource: net::ERR_CONNECTION_CLOSED @ https://d-gm.mmstat.com/cloud_console_rds.19908494.523257a5:0
[  264654ms] [ERROR] Failed to load resource: net::ERR_CONNECTION_CLOSED @ https://log.mmstat.com/eg.js:0
[  264656ms] [ERROR] Failed to load resource: net::ERR_CONNECTION_CLOSED @ https://d-gm.mmstat.com/cloud_console_rds.19908494.5d486adf:0
[  264713ms] [ERROR] Failed to load resource: net::ERR_CONNECTION_CLOSED @ https://d-gm.mmstat.com/aes.1.1:0
[  264715ms] [ERROR] Failed to load resource: net::ERR_CONNECTION_CLOSED @ https://log.mmstat.com/eg.js:0
[  264747ms] [ERROR] Failed to load resource: net::ERR_CONNECTION_CLOSED @ https://d-gm.mmstat.com/aliyun_com.homon.homon-module:0
[  264797ms] [ERROR] Failed to load resource: net::ERR_CONNECTION_CLOSED @ https://log.mmstat.com/eg.js:0
[  264832ms] [ERROR] Failed to load resource: net::ERR_CONNECTION_CLOSED @ https://log.mmstat.com/eg.js:0
[  264832ms] [ERROR] Failed to load resource: net::ERR_CONNECTION_CLOSED @ https://d-gm.mmstat.com/aes.1.1:0
[  264864ms] [ERROR] Failed to load resource: net::ERR_CONNECTION_CLOSED @ https://d-gm.mmstat.com/cloud_console_rds.19908494.9907646:0
[  264879ms] [ERROR] Failed to load resource: net::ERR_CONNECTION_CLOSED @ https://log.mmstat.com/eg.js:0
[  264911ms] [ERROR] Failed to load resource: net::ERR_CONNECTION_CLOSED @ https://d-gm.mmstat.com/aes.1.1:0
[  265015ms] [ERROR] Failed to load resource: net::ERR_CONNECTION_CLOSED @ https://gm.mmstat.com/aisc-widgets.use.init?version=3.1.24&theme=index&t=1784009894327&host=rdsnext.console.aliyun.com&chartinit=&uamobile=false&totalChart=0:0
[  265024ms] [ERROR] Failed to load resource: net::ERR_CONNECTION_CLOSED @ https://log.mmstat.com/eg.js:0
[  265041ms] [ERROR] Failed to load resource: net::ERR_CONNECTION_CLOSED @ https://log.mmstat.com/eg.js:0
[  265054ms] [ERROR] Failed to load resource: net::ERR_CONNECTION_CLOSED @ https://d-gm.mmstat.com/cloud_console_rds.19908494.598790fe:0
[  265070ms] [ERROR] Failed to load resource: net::ERR_CONNECTION_CLOSED @ https://d-gm.mmstat.com/aliyun_com.homon.tracker-event:0
[  265107ms] [ERROR] Failed to load resource: net::ERR_CONNECTION_CLOSED @ https://gm.mmstat.com/cloud-chart.use.init?version=1.1.29&theme=index&t=1784009894418&host=rdsnext.console.aliyun.com&chartinit=&uamobile=false&totalChart=0:0
[  265227ms] [ERROR] Failed to load resource: net::ERR_CONNECTION_CLOSED @ https://log.mmstat.com/eg.js:0
[  265258ms] [ERROR] Failed to load resource: net::ERR_CONNECTION_CLOSED @ https://d-gm.mmstat.com/cloud_console_rds.19908494.bccb450:0
[  265426ms] [ERROR] Failed to load resource: net::ERR_CONNECTION_CLOSED @ https://log.mmstat.com/eg.js:0
[  265459ms] [ERROR] Failed to load resource: net::ERR_CONNECTION_CLOSED @ https://d-gm.mmstat.com/cloud_console_rds.19908494.69d4b8ab:0
[  265627ms] [ERROR] Failed to load resource: net::ERR_CONNECTION_CLOSED @ https://log.mmstat.com/eg.js:0
[  265659ms] [ERROR] Failed to load resource: net::ERR_CONNECTION_CLOSED @ https://d-gm.mmstat.com/cloud_console_rds.19908494.7cb064ef:0
[  265826ms] [ERROR] Failed to load resource: net::ERR_CONNECTION_CLOSED @ https://log.mmstat.com/eg.js:0
[  265858ms] [ERROR] Failed to load resource: net::ERR_CONNECTION_CLOSED @ https://d-gm.mmstat.com/cloud_console_rds.19908494.34a17331:0
[  266027ms] [ERROR] Failed to load resource: net::ERR_CONNECTION_CLOSED @ https://log.mmstat.com/eg.js:0
[  266059ms] [ERROR] Failed to load resource: net::ERR_CONNECTION_CLOSED @ https://d-gm.mmstat.com/cloud_console_rds.19908494.48885588:0
[  266226ms] [ERROR] Failed to load resource: net::ERR_CONNECTION_CLOSED @ https://log.mmstat.com/eg.js:0
[  266259ms] [ERROR] Failed to load resource: net::ERR_CONNECTION_CLOSED @ https://d-gm.mmstat.com/cloud_console_rds.19908494.28ade1d0:0
[  266427ms] [ERROR] Failed to load resource: net::ERR_CONNECTION_CLOSED @ https://log.mmstat.com/eg.js:0
[  266458ms] [ERROR] Failed to load resource: net::ERR_CONNECTION_CLOSED @ https://d-gm.mmstat.com/cloud_console_rds.19908494.2f2d8144:0
[  266627ms] [ERROR] Failed to load resource: net::ERR_CONNECTION_CLOSED @ https://log.mmstat.com/eg.js:0
[  266658ms] [ERROR] Failed to load resource: net::ERR_CONNECTION_CLOSED @ https://d-gm.mmstat.com/cloud_console_rds.19908494.32529239:0
[  266827ms] [ERROR] Failed to load resource: net::ERR_CONNECTION_CLOSED @ https://log.mmstat.com/eg.js:0
[  266856ms] [ERROR] Failed to load resource: net::ERR_CONNECTION_CLOSED @ https://d-gm.mmstat.com/cloud_console_rds.19908494.3ad82b60:0
[  267028ms] [ERROR] Failed to load resource: net::ERR_CONNECTION_CLOSED @ https://log.mmstat.com/eg.js:0
[  267059ms] [ERROR] Failed to load resource: net::ERR_CONNECTION_CLOSED @ https://d-gm.mmstat.com/cloud_console_rds.19908494.3f966f92:0
[  267227ms] [ERROR] Failed to load resource: net::ERR_CONNECTION_CLOSED @ https://log.mmstat.com/eg.js:0
[  267258ms] [ERROR] Failed to load resource: net::ERR_CONNECTION_CLOSED @ https://d-gm.mmstat.com/cloud_console_rds.19908494.26e34cbb:0
[  267290ms] [ERROR] Failed to load resource: net::ERR_CONNECTION_CLOSED @ https://log.mmstat.com/eg.js:0
[  267325ms] [ERROR] Failed to load resource: net::ERR_CONNECTION_CLOSED @ https://d-gm.mmstat.com/aes.1.1:0
[  267325ms] [ERROR] Failed to load resource: net::ERR_CONNECTION_CLOSED @ https://d-gm.mmstat.com/aes.1.1:0
[  267426ms] [ERROR] Failed to load resource: net::ERR_CONNECTION_CLOSED @ https://log.mmstat.com/eg.js:0
[  267458ms] [ERROR] Failed to load resource: net::ERR_CONNECTION_CLOSED @ https://d-gm.mmstat.com/cloud_console_rds.19908494.78d05600:0
[  267627ms] [ERROR] Failed to load resource: net::ERR_CONNECTION_CLOSED @ https://log.mmstat.com/eg.js:0
[  267658ms] [ERROR] Failed to load resource: net::ERR_CONNECTION_CLOSED @ https://d-gm.mmstat.com/cloud_console_rds.19908494.e192e44:0
[  267708ms] [ERROR] Failed to load resource: net::ERR_CONNECTION_CLOSED @ https://log.mmstat.com/eg.js:0
[  267740ms] [ERROR] Failed to load resource: net::ERR_CONNECTION_CLOSED @ https://d-gm.mmstat.com/aliyun_com.homon.tracker-event:0
[  267794ms] [ERROR] Failed to load resource: net::ERR_CONNECTION_CLOSED @ https://gm.mmstat.com/aisc-widgets.use.init?version=3.1.24&theme=index&t=1784009897105&host=rdsnext.console.aliyun.com&chartinit=&uamobile=false&totalChart=0:0
[  267827ms] [ERROR] Failed to load resource: net::ERR_CONNECTION_CLOSED @ https://log.mmstat.com/eg.js:0
[  267840ms] [ERROR] Failed to load resource: net::ERR_CONNECTION_CLOSED @ https://gm.mmstat.com/cloud-chart.use.init?version=1.1.29&theme=index&t=1784009897153&host=rdsnext.console.aliyun.com&chartinit=&uamobile=false&totalChart=0:0
[  267857ms] [ERROR] Failed to load resource: net::ERR_CONNECTION_CLOSED @ https://d-gm.mmstat.com/cloud_console_rds.19908494.51fc6abf:0
[  268026ms] [ERROR] Failed to load resource: net::ERR_CONNECTION_CLOSED @ https://log.mmstat.com/eg.js:0
[  268058ms] [ERROR] Failed to load resource: net::ERR_CONNECTION_CLOSED @ https://d-gm.mmstat.com/cloud_console_rds.19908494.83fedf7:0
[  268231ms] [ERROR] Failed to load resource: net::ERR_CONNECTION_CLOSED @ https://log.mmstat.com/eg.js:0
[  268231ms] [ERROR] Failed to load resource: net::ERR_CONNECTION_CLOSED @ https://gm.mmstat.com/cloud-chart.use.init?version=1.1.17&theme=index&t=1784009897539&host=rdsnext.console.aliyun.com&chartinit=&uamobile=false&totalChart=0:0
[  268264ms] [ERROR] Failed to load resource: net::ERR_CONNECTION_CLOSED @ https://d-gm.mmstat.com/cloud_console_rds.19908494.1f83f4e5:0
[  268426ms] [ERROR] Failed to load resource: net::ERR_CONNECTION_CLOSED @ https://log.mmstat.com/eg.js:0
[  268457ms] [ERROR] Failed to load resource: net::ERR_CONNECTION_CLOSED @ https://d-gm.mmstat.com/cloud_console_rds.19908494.6b210b33:0
[  268626ms] [ERROR] Failed to load resource: net::ERR_CONNECTION_CLOSED @ https://log.mmstat.com/eg.js:0
[  268657ms] [ERROR] Failed to load resource: net::ERR_CONNECTION_CLOSED @ https://d-gm.mmstat.com/cloud_console_rds.19908494.3924cafc:0
[  268823ms] [ERROR] Failed to load resource: net::ERR_CONNECTION_CLOSED @ https://log.mmstat.com/eg.js:0
[  268855ms] [ERROR] Failed to load resource: net::ERR_CONNECTION_CLOSED @ https://d-gm.mmstat.com/cloud_console_rds.19908494.4dfdcde5:0
[  268889ms] [ERROR] Failed to load resource: net::ERR_CONNECTION_CLOSED @ https://log.mmstat.com/eg.js:0
[  268898ms] [ERROR] Failed to load resource: net::ERR_CONNECTION_CLOSED @ https://log.mmstat.com/eg.js:0
[  268925ms] [ERROR] Failed to load resource: net::ERR_CONNECTION_CLOSED @ https://d-gm.mmstat.com/aes.1.1:0
[  268925ms] [ERROR] Failed to load resource: net::ERR_CONNECTION_CLOSED @ https://d-gm.mmstat.com/aes.1.1:0
[  268931ms] [ERROR] Failed to load resource: net::ERR_CONNECTION_CLOSED @ https://d-gm.mmstat.com/aes.1.1:0
[  268931ms] [ERROR] Failed to load resource: net::ERR_CONNECTION_CLOSED @ https://d-gm.mmstat.com/aes.1.1:0
[  269029ms] [ERROR] Failed to load resource: net::ERR_CONNECTION_CLOSED @ https://log.mmstat.com/eg.js:0
[  269061ms] [ERROR] Failed to load resource: net::ERR_CONNECTION_CLOSED @ https://d-gm.mmstat.com/cloud_console_rds.19908494.58702fd5:0
[  269192ms] [ERROR] Failed to load resource: net::ERR_CONNECTION_CLOSED @ https://log.mmstat.com/eg.js:0
[  269230ms] [ERROR] Failed to load resource: net::ERR_CONNECTION_CLOSED @ https://d-gm.mmstat.com/aes.1.1:0
[  269230ms] [ERROR] Failed to load resource: net::ERR_CONNECTION_CLOSED @ https://d-gm.mmstat.com/aes.1.1:0
[  269232ms] [ERROR] Failed to load resource: net::ERR_CONNECTION_CLOSED @ https://log.mmstat.com/eg.js:0
[  269262ms] [ERROR] Failed to load resource: net::ERR_CONNECTION_CLOSED @ https://d-gm.mmstat.com/cloud_console_rds.19908494.3c489e16:0
[  269360ms] [ERROR] Failed to load resource: net::ERR_CONNECTION_CLOSED @ https://log.mmstat.com/eg.js:0
[  269394ms] [ERROR] Failed to load resource: net::ERR_CONNECTION_CLOSED @ https://d-gm.mmstat.com/aes.1.1:0
[  269395ms] [ERROR] Failed to load resource: net::ERR_CONNECTION_CLOSED @ https://d-gm.mmstat.com/aes.1.1:0
[  269429ms] [ERROR] Failed to load resource: net::ERR_CONNECTION_CLOSED @ https://log.mmstat.com/eg.js:0
[  269459ms] [ERROR] Failed to load resource: net::ERR_CONNECTION_CLOSED @ https://d-gm.mmstat.com/cloud_console_rds.19908494.2c56818f:0
[  269625ms] [ERROR] Failed to load resource: net::ERR_CONNECTION_CLOSED @ https://log.mmstat.com/eg.js:0
[  269655ms] [ERROR] Failed to load resource: net::ERR_CONNECTION_CLOSED @ https://d-gm.mmstat.com/cloud_console_rds.19908494.4b30f3d6:0
[  269813ms] [ERROR] Failed to load resource: net::ERR_CONNECTION_CLOSED @ https://log.mmstat.com/eg.js:0
[  269826ms] [ERROR] Failed to load resource: net::ERR_CONNECTION_CLOSED @ https://log.mmstat.com/eg.js:0
[  269838ms] [ERROR] Failed to load resource: net::ERR_CONNECTION_CLOSED @ https://log.mmstat.com/eg.js:0
[  269845ms] [ERROR] Failed to load resource: net::ERR_CONNECTION_CLOSED @ https://d-gm.mmstat.com/aes.1.1:0
[  269845ms] [ERROR] Failed to load resource: net::ERR_CONNECTION_CLOSED @ https://d-gm.mmstat.com/aes.1.1:0
[  269862ms] [ERROR] Failed to load resource: net::ERR_CONNECTION_CLOSED @ https://log.mmstat.com/eg.js:0
[  269863ms] [ERROR] Failed to load resource: net::ERR_CONNECTION_CLOSED @ https://d-gm.mmstat.com/cloud_console_rds.19908494.10408d50:0
[  269867ms] [ERROR] Failed to load resource: net::ERR_CONNECTION_CLOSED @ https://d-gm.mmstat.com/aes.1.1:0
[  269867ms] [ERROR] Failed to load resource: net::ERR_CONNECTION_CLOSED @ https://d-gm.mmstat.com/aes.1.1:0
[  269894ms] [ERROR] Failed to load resource: net::ERR_CONNECTION_CLOSED @ https://d-gm.mmstat.com/aes.1.1:0
[  269894ms] [ERROR] Failed to load resource: net::ERR_CONNECTION_CLOSED @ https://d-gm.mmstat.com/aes.1.1:0
[  270027ms] [ERROR] Failed to load resource: net::ERR_CONNECTION_CLOSED @ https://log.mmstat.com/eg.js:0
[  270059ms] [ERROR] Failed to load resource: net::ERR_CONNECTION_CLOSED @ https://d-gm.mmstat.com/cloud_console_rds.19908494.20bcddb:0
[  270229ms] [ERROR] Failed to load resource: net::ERR_CONNECTION_CLOSED @ https://log.mmstat.com/eg.js:0
[  270262ms] [ERROR] Failed to load resource: net::ERR_CONNECTION_CLOSED @ https://d-gm.mmstat.com/cloud_console_rds.19908494.36a5e30f:0
[  270474ms] [ERROR] Failed to load resource: net::ERR_CONNECTION_CLOSED @ https://log.mmstat.com/eg.js:0
[  270512ms] [ERROR] Failed to load resource: net::ERR_CONNECTION_CLOSED @ https://d-gm.mmstat.com/aes.1.1:0
[  270512ms] [ERROR] Failed to load resource: net::ERR_CONNECTION_CLOSED @ https://d-gm.mmstat.com/aes.1.1:0
[  270707ms] [ERROR] Failed to load resource: net::ERR_CONNECTION_CLOSED @ https://log.mmstat.com/eg.js:0
[  270745ms] [ERROR] Failed to load resource: net::ERR_CONNECTION_CLOSED @ https://d-gm.mmstat.com/aes.1.1:0
[  270745ms] [ERROR] Failed to load resource: net::ERR_CONNECTION_CLOSED @ https://d-gm.mmstat.com/aes.1.1:0
[  271320ms] [ERROR] Failed to load resource: net::ERR_CONNECTION_CLOSED @ https://log.mmstat.com/eg.js:0
[  271355ms] [ERROR] Failed to load resource: net::ERR_CONNECTION_CLOSED @ https://d-gm.mmstat.com/aes.1.1:0
[  271356ms] [ERROR] Failed to load resource: net::ERR_CONNECTION_CLOSED @ https://d-gm.mmstat.com/aes.1.1:0
[  271565ms] [ERROR] Failed to load resource: net::ERR_CONNECTION_CLOSED @ https://log.mmstat.com/eg.js:0
[  271601ms] [ERROR] Failed to load resource: net::ERR_CONNECTION_CLOSED @ https://d-gm.mmstat.com/aes.1.1:0
[  271601ms] [ERROR] Failed to load resource: net::ERR_CONNECTION_CLOSED @ https://d-gm.mmstat.com/aes.1.1:0
[  272739ms] [ERROR] Failed to load resource: net::ERR_CONNECTION_CLOSED @ https://log.mmstat.com/eg.js:0
[  272776ms] [ERROR] Failed to load resource: net::ERR_CONNECTION_CLOSED @ https://d-gm.mmstat.com/aes.1.1:0
[  272776ms] [ERROR] Failed to load resource: net::ERR_CONNECTION_CLOSED @ https://d-gm.mmstat.com/aes.1.1:0
[  273563ms] [ERROR] Failed to load resource: net::ERR_CONNECTION_CLOSED @ https://log.mmstat.com/eg.js:0
[  273599ms] [ERROR] Failed to load resource: net::ERR_CONNECTION_CLOSED @ https://d-gm.mmstat.com/aes.1.1:0
[  273599ms] [ERROR] Failed to load resource: net::ERR_CONNECTION_CLOSED @ https://d-gm.mmstat.com/aes.1.1:0
[  280652ms] [ERROR] Failed to load resource: net::ERR_CONNECTION_CLOSED @ https://log.mmstat.com/eg.js:0
[  280688ms] [ERROR] Failed to load resource: net::ERR_CONNECTION_CLOSED @ https://d-gm.mmstat.com/aes.1.1:0
[  280689ms] [ERROR] Failed to load resource: net::ERR_CONNECTION_CLOSED @ https://d-gm.mmstat.com/aes.1.1:0
[  282896ms] [ERROR] Failed to load resource: net::ERR_CONNECTION_CLOSED @ https://log.mmstat.com/eg.js:0
[  282932ms] [ERROR] Failed to load resource: net::ERR_CONNECTION_CLOSED @ https://d-gm.mmstat.com/aes.1.1:0
[  282932ms] [ERROR] Failed to load resource: net::ERR_CONNECTION_CLOSED @ https://d-gm.mmstat.com/aes.1.1:0
[  290755ms] [ERROR] Failed to load resource: net::ERR_CONNECTION_CLOSED @ https://log.mmstat.com/eg.js:0
[  290791ms] [ERROR] Failed to load resource: net::ERR_CONNECTION_CLOSED @ https://d-gm.mmstat.com/aes.1.1:0
[  290792ms] [ERROR] Failed to load resource: net::ERR_CONNECTION_CLOSED @ https://d-gm.mmstat.com/aes.1.1:0
[  292043ms] [ERROR] Failed to load resource: net::ERR_CONNECTION_CLOSED @ https://log.mmstat.com/eg.js:0
[  292073ms] [ERROR] Failed to load resource: net::ERR_CONNECTION_CLOSED @ https://d-gm.mmstat.com/aliyun_com.homon.tracker-event:0
[  293004ms] [ERROR] Failed to load resource: net::ERR_CONNECTION_CLOSED @ https://log.mmstat.com/eg.js:0
[  293040ms] [ERROR] Failed to load resource: net::ERR_CONNECTION_CLOSED @ https://d-gm.mmstat.com/aes.1.1:0
[  293041ms] [ERROR] Failed to load resource: net::ERR_CONNECTION_CLOSED @ https://d-gm.mmstat.com/aes.1.1:0
[  294711ms] [ERROR] Failed to load resource: net::ERR_CONNECTION_CLOSED @ https://log.mmstat.com/eg.js:0
[  294742ms] [ERROR] Failed to load resource: net::ERR_CONNECTION_CLOSED @ https://d-gm.mmstat.com/aliyun_com.homon.tracker-event:0
[  300848ms] [ERROR] Failed to load resource: net::ERR_CONNECTION_CLOSED @ https://log.mmstat.com/eg.js:0
[  300881ms] [ERROR] Failed to load resource: net::ERR_CONNECTION_CLOSED @ https://d-gm.mmstat.com/aes.1.1:0
[  300882ms] [ERROR] Failed to load resource: net::ERR_CONNECTION_CLOSED @ https://d-gm.mmstat.com/aes.1.1:0
[  303160ms] [ERROR] Failed to load resource: net::ERR_CONNECTION_CLOSED @ https://log.mmstat.com/eg.js:0
[  303193ms] [ERROR] Failed to load resource: net::ERR_CONNECTION_CLOSED @ https://d-gm.mmstat.com/aes.1.1:0
[  303193ms] [ERROR] Failed to load resource: net::ERR_CONNECTION_CLOSED @ https://d-gm.mmstat.com/aes.1.1:0
[  310975ms] [ERROR] Failed to load resource: net::ERR_CONNECTION_CLOSED @ https://log.mmstat.com/eg.js:0
[  311007ms] [ERROR] Failed to load resource: net::ERR_CONNECTION_CLOSED @ https://d-gm.mmstat.com/aes.1.1:0
[  311007ms] [ERROR] Failed to load resource: net::ERR_CONNECTION_CLOSED @ https://d-gm.mmstat.com/aes.1.1:0
[  313230ms] [ERROR] Failed to load resource: net::ERR_CONNECTION_CLOSED @ https://log.mmstat.com/eg.js:0
[  313265ms] [ERROR] Failed to load resource: net::ERR_CONNECTION_CLOSED @ https://d-gm.mmstat.com/aes.1.1:0
[  313265ms] [ERROR] Failed to load resource: net::ERR_CONNECTION_CLOSED @ https://d-gm.mmstat.com/aes.1.1:0
[  321082ms] [ERROR] Failed to load resource: net::ERR_CONNECTION_CLOSED @ https://log.mmstat.com/eg.js:0
[  321115ms] [ERROR] Failed to load resource: net::ERR_CONNECTION_CLOSED @ https://d-gm.mmstat.com/aes.1.1:0
[  321115ms] [ERROR] Failed to load resource: net::ERR_CONNECTION_CLOSED @ https://d-gm.mmstat.com/aes.1.1:0
[  323338ms] [ERROR] Failed to load resource: net::ERR_CONNECTION_CLOSED @ https://log.mmstat.com/eg.js:0
[  323371ms] [ERROR] Failed to load resource: net::ERR_CONNECTION_CLOSED @ https://d-gm.mmstat.com/aes.1.1:0
[  323371ms] [ERROR] Failed to load resource: net::ERR_CONNECTION_CLOSED @ https://d-gm.mmstat.com/aes.1.1:0
[  331193ms] [ERROR] Failed to load resource: net::ERR_CONNECTION_CLOSED @ https://log.mmstat.com/eg.js:0
[  331227ms] [ERROR] Failed to load resource: net::ERR_CONNECTION_CLOSED @ https://d-gm.mmstat.com/aes.1.1:0
[  331227ms] [ERROR] Failed to load resource: net::ERR_CONNECTION_CLOSED @ https://d-gm.mmstat.com/aes.1.1:0
[  333515ms] [ERROR] Failed to load resource: net::ERR_CONNECTION_CLOSED @ https://log.mmstat.com/eg.js:0
[  333546ms] [ERROR] Failed to load resource: net::ERR_CONNECTION_CLOSED @ https://d-gm.mmstat.com/aes.1.1:0
[  333547ms] [ERROR] Failed to load resource: net::ERR_CONNECTION_CLOSED @ https://d-gm.mmstat.com/aes.1.1:0
[  341282ms] [ERROR] Failed to load resource: net::ERR_CONNECTION_CLOSED @ https://log.mmstat.com/eg.js:0
[  341314ms] [ERROR] Failed to load resource: net::ERR_CONNECTION_CLOSED @ https://d-gm.mmstat.com/aes.1.1:0
[  341314ms] [ERROR] Failed to load resource: net::ERR_CONNECTION_CLOSED @ https://d-gm.mmstat.com/aes.1.1:0
[  343538ms] [ERROR] Failed to load resource: net::ERR_CONNECTION_CLOSED @ https://log.mmstat.com/eg.js:0
[  343569ms] [ERROR] Failed to load resource: net::ERR_CONNECTION_CLOSED @ https://d-gm.mmstat.com/aes.1.1:0
[  343570ms] [ERROR] Failed to load resource: net::ERR_CONNECTION_CLOSED @ https://d-gm.mmstat.com/aes.1.1:0
[  351425ms] [ERROR] Failed to load resource: net::ERR_CONNECTION_CLOSED @ https://log.mmstat.com/eg.js:0
[  351457ms] [ERROR] Failed to load resource: net::ERR_CONNECTION_CLOSED @ https://d-gm.mmstat.com/aes.1.1:0
[  351457ms] [ERROR] Failed to load resource: net::ERR_CONNECTION_CLOSED @ https://d-gm.mmstat.com/aes.1.1:0
[  353715ms] [ERROR] Failed to load resource: net::ERR_CONNECTION_CLOSED @ https://log.mmstat.com/eg.js:0
[  353748ms] [ERROR] Failed to load resource: net::ERR_CONNECTION_CLOSED @ https://d-gm.mmstat.com/aes.1.1:0
[  353748ms] [ERROR] Failed to load resource: net::ERR_CONNECTION_CLOSED @ https://d-gm.mmstat.com/aes.1.1:0
[  361570ms] [ERROR] Failed to load resource: net::ERR_CONNECTION_CLOSED @ https://log.mmstat.com/eg.js:0
[  361602ms] [ERROR] Failed to load resource: net::ERR_CONNECTION_CLOSED @ https://d-gm.mmstat.com/aes.1.1:0
[  361602ms] [ERROR] Failed to load resource: net::ERR_CONNECTION_CLOSED @ https://d-gm.mmstat.com/aes.1.1:0
[  363789ms] [ERROR] Failed to load resource: net::ERR_CONNECTION_CLOSED @ https://log.mmstat.com/eg.js:0
[  363821ms] [ERROR] Failed to load resource: net::ERR_CONNECTION_CLOSED @ https://d-gm.mmstat.com/aes.1.1:0
[  363821ms] [ERROR] Failed to load resource: net::ERR_CONNECTION_CLOSED @ https://d-gm.mmstat.com/aes.1.1:0
[  371647ms] [ERROR] Failed to load resource: net::ERR_CONNECTION_CLOSED @ https://log.mmstat.com/eg.js:0
[  371679ms] [ERROR] Failed to load resource: net::ERR_CONNECTION_CLOSED @ https://d-gm.mmstat.com/aes.1.1:0
[  371679ms] [ERROR] Failed to load resource: net::ERR_CONNECTION_CLOSED @ https://d-gm.mmstat.com/aes.1.1:0
[  373939ms] [ERROR] Failed to load resource: net::ERR_CONNECTION_CLOSED @ https://log.mmstat.com/eg.js:0
[  373972ms] [ERROR] Failed to load resource: net::ERR_CONNECTION_CLOSED @ https://d-gm.mmstat.com/aes.1.1:0
[  373972ms] [ERROR] Failed to load resource: net::ERR_CONNECTION_CLOSED @ https://d-gm.mmstat.com/aes.1.1:0
[  381773ms] [ERROR] Failed to load resource: net::ERR_CONNECTION_CLOSED @ https://log.mmstat.com/eg.js:0
[  381806ms] [ERROR] Failed to load resource: net::ERR_CONNECTION_CLOSED @ https://d-gm.mmstat.com/aes.1.1:0
[  381806ms] [ERROR] Failed to load resource: net::ERR_CONNECTION_CLOSED @ https://d-gm.mmstat.com/aes.1.1:0
[  384023ms] [ERROR] Failed to load resource: net::ERR_CONNECTION_CLOSED @ https://log.mmstat.com/eg.js:0
[  384055ms] [ERROR] Failed to load resource: net::ERR_CONNECTION_CLOSED @ https://d-gm.mmstat.com/aes.1.1:0
[  384055ms] [ERROR] Failed to load resource: net::ERR_CONNECTION_CLOSED @ https://d-gm.mmstat.com/aes.1.1:0
[  391869ms] [ERROR] Failed to load resource: net::ERR_CONNECTION_CLOSED @ https://log.mmstat.com/eg.js:0
[  391901ms] [ERROR] Failed to load resource: net::ERR_CONNECTION_CLOSED @ https://d-gm.mmstat.com/aes.1.1:0
[  391901ms] [ERROR] Failed to load resource: net::ERR_CONNECTION_CLOSED @ https://d-gm.mmstat.com/aes.1.1:0
[  394115ms] [ERROR] Failed to load resource: net::ERR_CONNECTION_CLOSED @ https://log.mmstat.com/eg.js:0
[  394147ms] [ERROR] Failed to load resource: net::ERR_CONNECTION_CLOSED @ https://d-gm.mmstat.com/aes.1.1:0
[  394148ms] [ERROR] Failed to load resource: net::ERR_CONNECTION_CLOSED @ https://d-gm.mmstat.com/aes.1.1:0
[  401975ms] [ERROR] Failed to load resource: net::ERR_CONNECTION_CLOSED @ https://log.mmstat.com/eg.js:0
[  402005ms] [ERROR] Failed to load resource: net::ERR_CONNECTION_CLOSED @ https://d-gm.mmstat.com/aes.1.1:0
[  402005ms] [ERROR] Failed to load resource: net::ERR_CONNECTION_CLOSED @ https://d-gm.mmstat.com/aes.1.1:0
[  404298ms] [ERROR] Failed to load resource: net::ERR_CONNECTION_CLOSED @ https://log.mmstat.com/eg.js:0
[  404333ms] [ERROR] Failed to load resource: net::ERR_CONNECTION_CLOSED @ https://d-gm.mmstat.com/aes.1.1:0
[  404333ms] [ERROR] Failed to load resource: net::ERR_CONNECTION_CLOSED @ https://d-gm.mmstat.com/aes.1.1:0
[  412152ms] [ERROR] Failed to load resource: net::ERR_CONNECTION_CLOSED @ https://log.mmstat.com/eg.js:0
[  412185ms] [ERROR] Failed to load resource: net::ERR_CONNECTION_CLOSED @ https://d-gm.mmstat.com/aes.1.1:0
[  412185ms] [ERROR] Failed to load resource: net::ERR_CONNECTION_CLOSED @ https://d-gm.mmstat.com/aes.1.1:0
[  414407ms] [ERROR] Failed to load resource: net::ERR_CONNECTION_CLOSED @ https://log.mmstat.com/eg.js:0
[  414438ms] [ERROR] Failed to load resource: net::ERR_CONNECTION_CLOSED @ https://d-gm.mmstat.com/aes.1.1:0
[  414439ms] [ERROR] Failed to load resource: net::ERR_CONNECTION_CLOSED @ https://d-gm.mmstat.com/aes.1.1:0
[  422272ms] [ERROR] Failed to load resource: net::ERR_CONNECTION_CLOSED @ https://log.mmstat.com/eg.js:0
[  422302ms] [ERROR] Failed to load resource: net::ERR_CONNECTION_CLOSED @ https://d-gm.mmstat.com/aes.1.1:0
[  422302ms] [ERROR] Failed to load resource: net::ERR_CONNECTION_CLOSED @ https://d-gm.mmstat.com/aes.1.1:0
[  424536ms] [ERROR] Failed to load resource: net::ERR_CONNECTION_CLOSED @ https://log.mmstat.com/eg.js:0
[  424566ms] [ERROR] Failed to load resource: net::ERR_CONNECTION_CLOSED @ https://d-gm.mmstat.com/aes.1.1:0
[  424567ms] [ERROR] Failed to load resource: net::ERR_CONNECTION_CLOSED @ https://d-gm.mmstat.com/aes.1.1:0
[  432365ms] [ERROR] Failed to load resource: net::ERR_CONNECTION_CLOSED @ https://log.mmstat.com/eg.js:0
[  432398ms] [ERROR] Failed to load resource: net::ERR_CONNECTION_CLOSED @ https://d-gm.mmstat.com/aes.1.1:0
[  432399ms] [ERROR] Failed to load resource: net::ERR_CONNECTION_CLOSED @ https://d-gm.mmstat.com/aes.1.1:0
[  434723ms] [ERROR] Failed to load resource: net::ERR_CONNECTION_CLOSED @ https://log.mmstat.com/eg.js:0
[  434755ms] [ERROR] Failed to load resource: net::ERR_CONNECTION_CLOSED @ https://d-gm.mmstat.com/aes.1.1:0
[  434755ms] [ERROR] Failed to load resource: net::ERR_CONNECTION_CLOSED @ https://d-gm.mmstat.com/aes.1.1:0
[  442490ms] [ERROR] Failed to load resource: net::ERR_CONNECTION_CLOSED @ https://log.mmstat.com/eg.js:0
[  442521ms] [ERROR] Failed to load resource: net::ERR_CONNECTION_CLOSED @ https://d-gm.mmstat.com/aes.1.1:0
[  442521ms] [ERROR] Failed to load resource: net::ERR_CONNECTION_CLOSED @ https://d-gm.mmstat.com/aes.1.1:0
[  444719ms] [ERROR] Failed to load resource: net::ERR_CONNECTION_CLOSED @ https://log.mmstat.com/eg.js:0
[  444749ms] [ERROR] Failed to load resource: net::ERR_CONNECTION_CLOSED @ https://d-gm.mmstat.com/aes.1.1:0
[  444749ms] [ERROR] Failed to load resource: net::ERR_CONNECTION_CLOSED @ https://d-gm.mmstat.com/aes.1.1:0
[  452612ms] [ERROR] Failed to load resource: net::ERR_CONNECTION_CLOSED @ https://log.mmstat.com/eg.js:0
[  452644ms] [ERROR] Failed to load resource: net::ERR_CONNECTION_CLOSED @ https://d-gm.mmstat.com/aes.1.1:0
[  452644ms] [ERROR] Failed to load resource: net::ERR_CONNECTION_CLOSED @ https://d-gm.mmstat.com/aes.1.1:0
[  454863ms] [ERROR] Failed to load resource: net::ERR_CONNECTION_CLOSED @ https://log.mmstat.com/eg.js:0
[  454896ms] [ERROR] Failed to load resource: net::ERR_CONNECTION_CLOSED @ https://d-gm.mmstat.com/aes.1.1:0
[  454896ms] [ERROR] Failed to load resource: net::ERR_CONNECTION_CLOSED @ https://d-gm.mmstat.com/aes.1.1:0
[  462725ms] [ERROR] Failed to load resource: net::ERR_CONNECTION_CLOSED @ https://log.mmstat.com/eg.js:0
[  462755ms] [ERROR] Failed to load resource: net::ERR_CONNECTION_CLOSED @ https://d-gm.mmstat.com/aes.1.1:0
[  462755ms] [ERROR] Failed to load resource: net::ERR_CONNECTION_CLOSED @ https://d-gm.mmstat.com/aes.1.1:0
[  464978ms] [ERROR] Failed to load resource: net::ERR_CONNECTION_CLOSED @ https://log.mmstat.com/eg.js:0
[  465008ms] [ERROR] Failed to load resource: net::ERR_CONNECTION_CLOSED @ https://d-gm.mmstat.com/aes.1.1:0
[  465008ms] [ERROR] Failed to load resource: net::ERR_CONNECTION_CLOSED @ https://d-gm.mmstat.com/aes.1.1:0
[  472993ms] [ERROR] Failed to load resource: net::ERR_CONNECTION_CLOSED @ https://log.mmstat.com/eg.js:0
[  473023ms] [ERROR] Failed to load resource: net::ERR_CONNECTION_CLOSED @ https://d-gm.mmstat.com/aes.1.1:0
[  473024ms] [ERROR] Failed to load resource: net::ERR_CONNECTION_CLOSED @ https://d-gm.mmstat.com/aes.1.1:0
[  475260ms] [ERROR] Failed to load resource: net::ERR_CONNECTION_CLOSED @ https://log.mmstat.com/eg.js:0
[  475291ms] [ERROR] Failed to load resource: net::ERR_CONNECTION_CLOSED @ https://d-gm.mmstat.com/aes.1.1:0
[  475291ms] [ERROR] Failed to load resource: net::ERR_CONNECTION_CLOSED @ https://d-gm.mmstat.com/aes.1.1:0
[  483069ms] [ERROR] Failed to load resource: net::ERR_CONNECTION_CLOSED @ https://log.mmstat.com/eg.js:0
[  483101ms] [ERROR] Failed to load resource: net::ERR_CONNECTION_CLOSED @ https://d-gm.mmstat.com/aes.1.1:0
[  483101ms] [ERROR] Failed to load resource: net::ERR_CONNECTION_CLOSED @ https://d-gm.mmstat.com/aes.1.1:0
[  485323ms] [ERROR] Failed to load resource: net::ERR_CONNECTION_CLOSED @ https://log.mmstat.com/eg.js:0
[  485355ms] [ERROR] Failed to load resource: net::ERR_CONNECTION_CLOSED @ https://d-gm.mmstat.com/aes.1.1:0
[  485355ms] [ERROR] Failed to load resource: net::ERR_CONNECTION_CLOSED @ https://d-gm.mmstat.com/aes.1.1:0
[  493186ms] [ERROR] Failed to load resource: net::ERR_CONNECTION_CLOSED @ https://log.mmstat.com/eg.js:0
[  493217ms] [ERROR] Failed to load resource: net::ERR_CONNECTION_CLOSED @ https://d-gm.mmstat.com/aes.1.1:0
[  493217ms] [ERROR] Failed to load resource: net::ERR_CONNECTION_CLOSED @ https://d-gm.mmstat.com/aes.1.1:0
[  495422ms] [ERROR] Failed to load resource: net::ERR_CONNECTION_CLOSED @ https://log.mmstat.com/eg.js:0
[  495452ms] [ERROR] Failed to load resource: net::ERR_CONNECTION_CLOSED @ https://d-gm.mmstat.com/aes.1.1:0
[  495452ms] [ERROR] Failed to load resource: net::ERR_CONNECTION_CLOSED @ https://d-gm.mmstat.com/aes.1.1:0
[  503284ms] [ERROR] Failed to load resource: net::ERR_CONNECTION_CLOSED @ https://log.mmstat.com/eg.js:0
[  503314ms] [ERROR] Failed to load resource: net::ERR_CONNECTION_CLOSED @ https://d-gm.mmstat.com/aes.1.1:0
[  503314ms] [ERROR] Failed to load resource: net::ERR_CONNECTION_CLOSED @ https://d-gm.mmstat.com/aes.1.1:0
[  505534ms] [ERROR] Failed to load resource: net::ERR_CONNECTION_CLOSED @ https://log.mmstat.com/eg.js:0
[  505567ms] [ERROR] Failed to load resource: net::ERR_CONNECTION_CLOSED @ https://d-gm.mmstat.com/aes.1.1:0
[  505567ms] [ERROR] Failed to load resource: net::ERR_CONNECTION_CLOSED @ https://d-gm.mmstat.com/aes.1.1:0
[  513442ms] [ERROR] Failed to load resource: net::ERR_CONNECTION_CLOSED @ https://log.mmstat.com/eg.js:0
[  513473ms] [ERROR] Failed to load resource: net::ERR_CONNECTION_CLOSED @ https://d-gm.mmstat.com/aes.1.1:0
[  513473ms] [ERROR] Failed to load resource: net::ERR_CONNECTION_CLOSED @ https://d-gm.mmstat.com/aes.1.1:0
[  515685ms] [ERROR] Failed to load resource: net::ERR_CONNECTION_CLOSED @ https://log.mmstat.com/eg.js:0
[  515715ms] [ERROR] Failed to load resource: net::ERR_CONNECTION_CLOSED @ https://d-gm.mmstat.com/aes.1.1:0
[  515715ms] [ERROR] Failed to load resource: net::ERR_CONNECTION_CLOSED @ https://d-gm.mmstat.com/aes.1.1:0
[  517293ms] [ERROR] Failed to load resource: net::ERR_CONNECTION_CLOSED @ https://log.mmstat.com/eg.js:0
[  517322ms] [ERROR] Failed to load resource: net::ERR_CONNECTION_CLOSED @ https://d-gm.mmstat.com/aes.1.1:0
[  517762ms] [ERROR] Failed to load resource: net::ERR_CONNECTION_CLOSED @ https://log.mmstat.com/eg.js:0
[  517791ms] [ERROR] Failed to load resource: net::ERR_CONNECTION_CLOSED @ https://d-gm.mmstat.com/aes.1.1:0
[  523533ms] [ERROR] Failed to load resource: net::ERR_CONNECTION_CLOSED @ https://log.mmstat.com/eg.js:0
[  523563ms] [ERROR] Failed to load resource: net::ERR_CONNECTION_CLOSED @ https://d-gm.mmstat.com/aes.1.1:0
[  523563ms] [ERROR] Failed to load resource: net::ERR_CONNECTION_CLOSED @ https://d-gm.mmstat.com/aes.1.1:0
[  525792ms] [ERROR] Failed to load resource: net::ERR_CONNECTION_CLOSED @ https://log.mmstat.com/eg.js:0
[  525822ms] [ERROR] Failed to load resource: net::ERR_CONNECTION_CLOSED @ https://d-gm.mmstat.com/aes.1.1:0
[  525823ms] [ERROR] Failed to load resource: net::ERR_CONNECTION_CLOSED @ https://d-gm.mmstat.com/aes.1.1:0
[  533633ms] [ERROR] Failed to load resource: net::ERR_CONNECTION_CLOSED @ https://log.mmstat.com/eg.js:0
[  533663ms] [ERROR] Failed to load resource: net::ERR_CONNECTION_CLOSED @ https://d-gm.mmstat.com/aes.1.1:0
[  533664ms] [ERROR] Failed to load resource: net::ERR_CONNECTION_CLOSED @ https://d-gm.mmstat.com/aes.1.1:0
[  535934ms] [ERROR] Failed to load resource: net::ERR_CONNECTION_CLOSED @ https://log.mmstat.com/eg.js:0
[  535967ms] [ERROR] Failed to load resource: net::ERR_CONNECTION_CLOSED @ https://d-gm.mmstat.com/aes.1.1:0
[  535968ms] [ERROR] Failed to load resource: net::ERR_CONNECTION_CLOSED @ https://d-gm.mmstat.com/aes.1.1:0
[  543760ms] [ERROR] Failed to load resource: net::ERR_CONNECTION_CLOSED @ https://log.mmstat.com/eg.js:0
[  543792ms] [ERROR] Failed to load resource: net::ERR_CONNECTION_CLOSED @ https://d-gm.mmstat.com/aes.1.1:0
[  543792ms] [ERROR] Failed to load resource: net::ERR_CONNECTION_CLOSED @ https://d-gm.mmstat.com/aes.1.1:0
[  546027ms] [ERROR] Failed to load resource: net::ERR_CONNECTION_CLOSED @ https://log.mmstat.com/eg.js:0
[  546057ms] [ERROR] Failed to load resource: net::ERR_CONNECTION_CLOSED @ https://d-gm.mmstat.com/aes.1.1:0
[  546058ms] [ERROR] Failed to load resource: net::ERR_CONNECTION_CLOSED @ https://d-gm.mmstat.com/aes.1.1:0
[  553868ms] [ERROR] Failed to load resource: net::ERR_CONNECTION_CLOSED @ https://log.mmstat.com/eg.js:0
[  553902ms] [ERROR] Failed to load resource: net::ERR_CONNECTION_CLOSED @ https://d-gm.mmstat.com/aes.1.1:0
[  553902ms] [ERROR] Failed to load resource: net::ERR_CONNECTION_CLOSED @ https://d-gm.mmstat.com/aes.1.1:0
[  556109ms] [ERROR] Failed to load resource: net::ERR_CONNECTION_CLOSED @ https://log.mmstat.com/eg.js:0
[  556140ms] [ERROR] Failed to load resource: net::ERR_CONNECTION_CLOSED @ https://d-gm.mmstat.com/aes.1.1:0
[  556140ms] [ERROR] Failed to load resource: net::ERR_CONNECTION_CLOSED @ https://d-gm.mmstat.com/aes.1.1:0
[  563978ms] [ERROR] Failed to load resource: net::ERR_CONNECTION_CLOSED @ https://log.mmstat.com/eg.js:0
[  564007ms] [ERROR] Failed to load resource: net::ERR_CONNECTION_CLOSED @ https://d-gm.mmstat.com/aes.1.1:0
[  564007ms] [ERROR] Failed to load resource: net::ERR_CONNECTION_CLOSED @ https://d-gm.mmstat.com/aes.1.1:0
[  566302ms] [ERROR] Failed to load resource: net::ERR_CONNECTION_CLOSED @ https://log.mmstat.com/eg.js:0
[  566334ms] [ERROR] Failed to load resource: net::ERR_CONNECTION_CLOSED @ https://d-gm.mmstat.com/aes.1.1:0
[  566334ms] [ERROR] Failed to load resource: net::ERR_CONNECTION_CLOSED @ https://d-gm.mmstat.com/aes.1.1:0
[  574184ms] [ERROR] Failed to load resource: net::ERR_CONNECTION_CLOSED @ https://log.mmstat.com/eg.js:0
[  574214ms] [ERROR] Failed to load resource: net::ERR_CONNECTION_CLOSED @ https://d-gm.mmstat.com/aes.1.1:0
[  574214ms] [ERROR] Failed to load resource: net::ERR_CONNECTION_CLOSED @ https://d-gm.mmstat.com/aes.1.1:0
[  576416ms] [ERROR] Failed to load resource: net::ERR_CONNECTION_CLOSED @ https://log.mmstat.com/eg.js:0
[  576446ms] [ERROR] Failed to load resource: net::ERR_CONNECTION_CLOSED @ https://d-gm.mmstat.com/aes.1.1:0
[  576446ms] [ERROR] Failed to load resource: net::ERR_CONNECTION_CLOSED @ https://d-gm.mmstat.com/aes.1.1:0
[  584274ms] [ERROR] Failed to load resource: net::ERR_CONNECTION_CLOSED @ https://log.mmstat.com/eg.js:0
[  584303ms] [ERROR] Failed to load resource: net::ERR_CONNECTION_CLOSED @ https://d-gm.mmstat.com/aes.1.1:0
[  584304ms] [ERROR] Failed to load resource: net::ERR_CONNECTION_CLOSED @ https://d-gm.mmstat.com/aes.1.1:0
[  586540ms] [ERROR] Failed to load resource: net::ERR_CONNECTION_CLOSED @ https://log.mmstat.com/eg.js:0
[  586568ms] [ERROR] Failed to load resource: net::ERR_CONNECTION_CLOSED @ https://d-gm.mmstat.com/aes.1.1:0
[  586569ms] [ERROR] Failed to load resource: net::ERR_CONNECTION_CLOSED @ https://d-gm.mmstat.com/aes.1.1:0
[  594061ms] [WARNING] The ScriptProcessorNode is deprecated. Use AudioWorkletNode instead. (https://bit.ly/audio-worklet) @ https://uaction.alicdn.com/AWSC/uab/1.140.0/collina.js:8
[  594164ms] [ERROR] Failed to load resource: net::ERR_CONNECTION_CLOSED @ https://log.mmstat.com/eg.js:0
[  594173ms] [ERROR] Failed to load resource: net::ERR_CONNECTION_CLOSED @ https://log.mmstat.com/eg.js:0
[  594192ms] [ERROR] Failed to load resource: net::ERR_CONNECTION_CLOSED @ https://d-gm.mmstat.com/aliyun_com.homon.tracker-event:0
[  594207ms] [ERROR] Failed to load resource: net::ERR_CONNECTION_CLOSED @ https://d-gm.mmstat.com/aes.1.1:0
[  594207ms] [ERROR] Failed to load resource: net::ERR_CONNECTION_CLOSED @ https://d-gm.mmstat.com/aes.1.1:0
[  594364ms] [ERROR] Failed to load resource: net::ERR_CONNECTION_CLOSED @ https://log.mmstat.com/eg.js:0
[  594394ms] [ERROR] Failed to load resource: net::ERR_CONNECTION_CLOSED @ https://d-gm.mmstat.com/aes.1.1:0
[  594394ms] [ERROR] Failed to load resource: net::ERR_CONNECTION_CLOSED @ https://d-gm.mmstat.com/aes.1.1:0
[  594571ms] [ERROR] Failed to load resource: net::ERR_CONNECTION_CLOSED @ https://log.mmstat.com/eg.js:0
[  594602ms] [ERROR] Failed to load resource: net::ERR_CONNECTION_CLOSED @ https://d-gm.mmstat.com/aes.1.1:0
[  594603ms] [ERROR] Failed to load resource: net::ERR_CONNECTION_CLOSED @ https://d-gm.mmstat.com/aes.1.1:0
[  595113ms] [ERROR] Failed to load resource: net::ERR_CONNECTION_CLOSED @ https://log.mmstat.com/eg.js:0
[  595148ms] [ERROR] Failed to load resource: net::ERR_CONNECTION_CLOSED @ https://d-gm.mmstat.com/aes.1.1?gmkey=EXP&gokey=uidaplus%3D1048726631550559%26spm-url%3D5176.28369458.0.0.36961450Jepyio%26spm-pre%3D%26spm-cnt%3D5176.19908494.0.0.52d91450cxuUDN%26_f_t%3Dfalse%26pid%3Drdsnext%26sdk_version%3D3.3.18%26pv_id%3DLJQGceZrM3uv2y5lenKW%26timezone_offset%3D-480%26title%3DRDS%25E7%25AE%25A1%25E7%2590%2586%25E6%258E%25A7%25E5%2588%25B6%25E5%258F%25B0%26spm_a%3D5176%26spm_b%3D19908494%26dpi%3D1%26sr%3D1280x720%26platform%3Dweb%26language%3Den-US%26user_type%3D6%26uid%3D1048726631550559%26env%3Dprod%26downlink%3D10%26net_type%3D4g%26page_id%3D%252Fdetail%252F%253ADBInstanceId%252FmonitorAlarm%26user_agent_data%3D%257B%2522mobile%2522%253Afalse%252C%2522model%2522%253A%2522%2522%252C%2522platform%2522%253A%2522macOS%2522%252C%2522platformVersion%2522%253A%252226.5.2%2522%252C%2522fullVersionList%2522%253A%255B%257B%2522brand%2522%253A%2522Google%2520Chrome%2522%252C%2522version%2522%253A%2522149.0.7827.201%2522%257D%252C%257B%2522brand%2522%253A%2522Chromium%2522%252C%2522version%2522%253A%2522149.0.7827.201%2522%257D%252C%257B%2522brand%2522%253A%2522Not)A%253BBrand%2522%252C%2522version%2522%253A%252224.0.0.0%2522%257D%255D%257D%26origin_url%3Dhttps%253A%252F%252Frdsnext.console.aliyun.com%252Fdetail%252Fpgm-wz9t7bv5jsk55jh1%252FmonitorAlarm%253Fspm%253D5176.28369458.0.0.36961450Jepyio%2526region%253Dcn-shenzhen%2526DedicatedHostGroupId%253D%26msg%3Durl%253DDescribeDBInstancePerformance%2526method%253DPOST%2526success%253Dtrue%2526msg%253D019F5F4B-B020-5F0E-A7CA-1757F4E4B70F%2526status%253D200%2526code%253D200%2526duration%253D454%2526trace_id%253D1a0f4b2d17840102236157327e8a1f%2526params%253D__action%25253DDescribeDBInstancePerformance%2526body%253Dproduct%25253Drds%252526action%25253DDescribeDBInstancePerformance%252526params%25253D%2525257B%25252522StartTime%25252522%2525253A%252525222026-07-14T05%2525253A23Z%25252522%2525252C%25252522EndTime%25252522%2525253A%252525222026-07-14T06%2525253A23Z%25252522%2525252C%25252522key%25252522%2525253A%25252522PgSQLLocalDiskUsage%25252522%2525252C%25252522dBInstanceId%25252522%2525253A%25252522pgm-wz9t7bv5jsk55jh1%25252522%2525252C%25252522UseNullWhenMissingPoint%25252522%2525253Atrue%2525252C%25252522RegionId%25252522%2525253A%25252522cn-shenzhen%25252522%2525257D%252526sec_token%25253DeIrlFmLDgToEOzMPbhI438%252526umid%25253DY29b3ca4c152f1edb542c34bd8848d7a8%252526collina%25253D140%25252523mY%2525252BDng9UzzPVzQo24xHF43SXhQKnaYvqPjBApIdcjK7PvBHRLskY4O%2525252FqM9zps04ReXnEfGD%2525252FzP0vlp1zzX7H8iN%2525252FvbzxIL8496Etzzrb22U3l6GrJD2jV8EtqzHFmiDod6txDL1OD1AUeIrLgPvJiSlfDbNlHEHnZuTtr%2525252BLoNRGtQbftESlaSdW7tAkMMzZQuFDpzu0s2MYXlZjlzNqeIP%2525252BtcHKWLXZkqZPexTNbLycBM5UBoKcRbzplqOkKmYdPCoano98THxVqe0cwDFcCib9YuqarHi6%2525252FWUhtrLD5FWhkEdDHrQYmvUxStsgOZK9yuFJVd381Zdw68EJOdLP10wfl2Qrr2Ic3L6g%2525252FzFrzrOqomF1AaHmijDapV4qcdh3ijZpraYBv9fCXafRH3IDUMeGLDmntcYtqaWWnuzgluMAmk9%2525252BZ48xEGsD4ELMDQUNk3uz3sfg1u5ux%2525252FcpeMInRcoIlGL7WtOqsxTmfBQDziEd3b7lMV9v6s3SkLtAGzBbxRbknY2%2525252BDPFC2GLN%2525252Bqf%2525252Bp2AwUk5KBSUF%2525252BIqGaABPhso7oASvoyb37%2525252BkkzcH5DAVSx%2525252BDgjapQIFSkxJ1lwYmVFoUIkiEASZho%2525252BdYuyQRMnx2vQLa4I%2525252BUIFe3dRJDtw6T%2525252FPRsE1NVdiPMjvKiXwTxncVNfyA2ZJ4PTj6TOoamx1e3uHvM2PxGnzTdRpkj1lWBNDw73OKMcSmb%2525252BOpPoo0XQepiZzfSDM903eUezhW%2525252FwXMU3h%2525252FaK%2525252FMZVK%2525252Bo49g0eUXTu919FstaoCpcBfv4aBf%2525252BwkfiYNrRgIoh6MNBgteblr3WigOMcKT238mdS6Yk2iYI4Z5Sa9pMhLJf3xN5TLYt4G52YvBsbFrTUPRlcXNJnuypO22q4UrNpSwvmqkkPByPTFa52PTZsiyBKzaC0TMv8jOOiHZx1E8KhgDXs4JPRW%2525252F6JyW0ZWPNvuujtMaeMcQMlL%2525252FCKTUKvfB8G45kPCcJ9MwWJEyeJiYxgmt7OmnjRmqPM0tBBvx4MmP3TjY%2525252B2zyF3KIUA7CnWgYsvj1OFcSGFUelYFP%2525252Bh1SUECKHbaf6YHCDkJs1ZgBdM%2525253D%252526region%25253Dcn-shenzhen%2526response%253D%25257B%25250A%252509%252522code%252522%25253A%252522200%252522%25252C%25250A%252509%252522data%252522%25253A%25257B%25250A%252509%252509%252522PerformanceKeys%252522%25253A%25257B%25250A%252509%252509%252509%252522PerformanceKey%252522%25253A%25255B%25250A%252509%252509%252509%252509%25257B%25250A%252509%252509%252509%252509%252509%252522ValueFormat%252522%25253A%252522mean_local_base_dir_size%252526mean_local_pg_log_dir_size%252526mean_local_pg_wal_dir_size%252522%25252C%25250A%252509%252509%252509%252509%252509%252522Values%252522%25253A%25257B%25250A%252509%252509%252509%252509%252509%252509%252522PerformanceValue%252522%25253A%25255B%25250A%252509%252509%252509%252509%252509%252509%252509%25257B%25250A%252509%252509%252509%252509%252509%252509%252509%252509%252522Value%252522%25253A%25252265.0%25252619.0%2525262112.0%252522%25252C%25250A%252509%252509%252509%252509%252509%252509%252509%252509%252522Date%252522%25253A%2525222026-07-14T05%25253A23%25253A00Z%252522%25250A%252509%252509%252509%252509%252509%252509%252509%25257D%25252C%25250A%252509%252509%252509%252509%252509%252509%252509%25257B%25250A%252509%252509%252509%252509%252509%252509%252509%252509%252522Value%252522%25253A%252522null%252526null%252526null%252522%25252C%25250A%252509%252509%252509%252509%252509%252509%252509%252509%252522Date%252522%25253A%2525222026-07-14T05%25253A23%25253A05Z%252522%25250A%252509%252509%252509%252509%252509%252509%252509%25257D%25252C%25250A%252509%252509%252509%252509%252509%252509%252509%25257B%25250A%252509%252509%252509%252509%252509%252509%252509%252509%252522Value%252522%25253A%252522null%252526null%252526null%252522%25252C%25250A%252509%252509%252509%252509%252509%252509%252509%252509%252522Date%252522%25253A%2525222026-07-14T05%25253A23%25253A10Z%252522%25250A%252509%252509%252509%252509%252509%252509%252509%25257D%25252C%25250A%252509%252509%252509%252509%252509%252509%252509%25257B%25250A%252509%252509%252509%252509%252509%252509%252509%252509%252522Value%252522%25253A%25252265.0%25252619.0%2525262112.0%252522%25252C%25250A%252509%252509%252509%252509%252509%252509%252509%252509%252522Date%252522%25253A%2525222026-07-14T05%25253A23%25253A15Z%252522%25250A%252509%252509%252509%252509%252509%252509%252509%25257D%25252C%25250A%252509%252509%252509%252509%252509%252509%252509%25257B%25250A%252509%252509%252509%252509%252509%252509%252509%252509%252522Value%252522%25253A%252522null%252526null%252526null%252522%25252C%25250A%252509%252509%252509%252509%252509%252509%252509%252509%252522Date%252522%25253A%2525222026-07-14T05%25253A23%25253A20Z%252522%25250A%252509%252509%252509%252509%252509%252509%252509%25257D%25252C%25250A%252509%252509%252509%252509%252509%252509%252509%25257B%25250A%252509%252509%252509%252509%252509%252509%252509%252509%252522Value%252522%25253A%252522null%252526null%252526null%252522%25252C%25250A%252509%252509%252509%252509%252509%252509%252509%252509%252522Date%252522%25253A%2525222026-07-14T05%25253A23%25253A25Z%252522%25250A%252509%252509%252509%252509%252509%252509%252509%25257D%25252C%25250A%252509%252509%252509%252509%252509%252509%252509%25257B%25250A%252509%252509%252509%252509%252509%252509%252509%252509%252522Value%252522%25253A%25252265.0%25252619.0%2525262112.0%252522%25252C%25250A%252509%252509%252509%252509%252509%252509%252509%252509%252522Date%252522%25253A%2525222026-07-14T05%25253A23%25253A30Z%252522%25250A%252509%252509%252509%252509%252509%252509%252509%25257D%25252C%25250A%252509%252509%252509%252509%252509%252509%252509%25257B%25250A%252509%252509%252509%252509%252509%252509%252509%252509%252522Value%252522%25253A%252522null%252526null%252526null%252522%25252C%25250A%252509%252509%252509%252509%252509%252509%252509%252509%252522Date%252522%25253A%2525222026-07-14T05%25253A23%25253A35Z%252522%25250A%252509%252509%252509%252509%252509%252509%252509%25257D%25252C%25250A%252509%252509%252509%252509%252509%252509%252509%25257B%25250A%252509%252509%252509%252509%252509%252509%252509%252509%252522Value%252522%25253A%252522null%252526null%252526null%252522%25252C%25250A%252509%252509%252509%252509%252509%252509%252509%252509%252522Date%252522%25253A%2525222026-07-14T05%25253A23%25253A40Z%252522%25250A%252509%252509%252509%252509%252509%252509%252509%25257D%25252C%25250A%252509%252509%252509%252509%252509%252509%252509%25257B%25250A%252509%252509%252509%252509%252509%252509%252509%252509%252522Value%252522%25253A%25252265.0%25252619.0%2525262112.0%252522%25252C%25250A%252509%252509%252509%252509%252509%252509%252509%252509%252522Date%252522%25253A%2525222026-07-14T05%25253A23%25253A45Z%252522%25250A%252509%252509%252509%252509%252509%252509%252509%25257D%25252C%25250A%252509%252509%252509%252509%252509%252509%252509%25257B%25250A%252509%252509%252509%252509%252509%252509%252509%252509%252522Value%252522%25253A%252522null%252526null%252526null%252522%25252C%25250A%252509%252509%252509%252509%252509%252509%252509%252509%252522Date%252522%25253A%2525222026-07-14T05%25253A23%25253A50Z%252522%25250A%252509%252509%252509%252509%252509%252509%252509%25257D%25252C%25250A%252509%252509%252509%252509%252509%252509%252509%25257B%25250A%252509%252509%252509%252509%252509%252509%252509%252509%252522Value%252522%25253A%252522null%252526null%252526null%252522%25252C%25250A%252509%252509%252509%252509%252509%252509%252509%252509%252522Date%252522%25253A%2525222026-07-14T05%25253A23%25253A55Z%252522%25250A%252509%252509%252509%252509%252509%252509%252509%25257D%25252C%25250A%252509%252509%252509%252509%252509%252509%252509%25257B%25250A%252509%252509%252509%252509%252509%252509%252509%252509%252522Value%252522%25253A%25252265.0%25252619.0%2525262112.0%252522%25252C%25250A%252509%252509%252509%252509%252509%252509%252509%252509%252522Date%252522%25253A%2525222026-07-14T05%25253A24%25253A00Z%252522%25250A%252509%252509%252509%252509%252509%252509%252509%25257D%25252C%25250A%252509%252509%252509%252509%252509%252509%252509%25257B%25250A%252509%252509%252509%252509%252509%252509%252509%252509%252522Value%252522%25253A%252522null%252526null%252526null%252522%25252C%25250A%252509%252509%252509%252509%252509%252509%252509%252509%252522Date%252522%25253A%2525222026-07-14T05%25253A24%25253A05Z%252522%25250A%252509%252509%252509%252509%252509%252509%252509%25257D%25252C%25250A%252509%252509%252509%252509%252509%252509%252509%25257B%25250A%252509%252509%252509%252509%252509%252509%252509%252509%252522Value%252522%25253A%252522null%252526null%252526null%252522%25252C%25250A%252509%252509%252509%252509%252509%252509%252509%252509%252522Date%252522%25253A%2525222026-07-14T05%25253A24%25253A10Z%252522%25250A%252509%252509%252509%252509%252509%252509%252509%25257D%25252C%25250A%252509%252509%252509%252509%252509%252509%252509%25257B%25250A%252509%252509%252509%252509%252509%252509%252509%252509%252522Value%252522%25253A%25252265.0%25252619.0%2525262112.0%252522%25252C%25250A%252509%252509%252509%252509%252509%252509%252509%252509%252522Date%252522%25253A%2525222026-07-14T05%25253A24%25253A15Z%252522%25250A%252509%252509%252509%252509%252509%252509%252509%25257D%25252C%25250A%252509%252509%252509%252509%252509%252509%252509%25257B%25250A%252509%252509%252509%252509%252509%252509%252509%252509%252522Value%252522%25253A%252522null%252526null%252526null%252522%25252C%25250A%252509%252509%252509%252509%252509%252509%252509%252509%252522Date%252522%25253A%2525222026-07-14T05%25253A24%25253A20Z%252522%25250A%252509%252509%252509%252509%252509%252509%252509%25257D%25252C%25250A%252509%252509%252509%252509%252509%252509%252509%25257B%25250A%252509%252509%252509%252509%252509%252509%252509%252509%252522Value%252522%25253A%252522null%252526null%252526null%252522%25252C%25250A%252509%252509%252509%252509%252509%252509%252509%252509%252522Date%252522%25253A%2525222026-07-14T05%25253A24%25253A25Z%252522%25250A%252509%252509%252509%252509%252509%252509%252509%25257D%25252C%25250A%252509%252509%252509%252509%252509%252509%252509%25257B%25250A%252509%252509%252509%252509%252509%252509%252509%252509%252522Value%252522%25253A%25252265.0%25252619.0%2525262112.0%252522%25252C%25250A%252509%252509%252509%252509%252509%252509%252509%252509%252522Date%252522%25253A%2525222026-07-14T05%25253A24%25253A30Z%252522%25250A%252509%252509%252509%252509%252509%252509%252509%25257D%25252C%25250A%252509%252509%252509%252509%252509%252509%252509%25257B%25250A%252509%252509%252509%252509%252509%252509%252509%252509%252522Value%252522%25253A%252522null%252526null%252526null%252522%25252C%25250A%252509%252509%252509%252509%252509%252509%252509%252509%252522Date%252522%25253A%2525222026-07-14T05%25253A24%25253A35Z%252522%25250A%252509%252509%252509%252509%252509%252509%252509%25257D%25252C%25250A%252509%252509%252509%252509%252509%252509%252509%25257B%25250A%252509%252509%252509%252509%252509%252509%252509%252509%252522Value%252522%25253A%252522null%252526null%252526null%252522%25252C%25250A%252509%252509%252509%252509%252509%252509%252509%252509%252522Date%252522%25253A%2525222026-07-14T05%25253A24%25253A40Z%252522%25250A%252509%252509%252509%252509%252509%252509%252509%25257D%25252C%25250A%252509%252509%252509%252509%252509%252509%252509%25257B%25250A%252509%252509%252509%252509%252509%252509%252509%252509%252522Value%252522%25253A%25252265.0%25252619.0%2525262112.0%252522%25252C%25250A%252509%252509%252509%252509%252509%252509%252509%252509%252522Date%252522%25253A%2525222026-07-14T05%25253A24%25253A45Z%252522%25250A%252509%252509%252509%252509%252509%252509%252509%25257D%25252C%25250A%252509%252509%252509%252509%252509%252509%252509%25257B%25250A%252509%252509%252509%252509%252509%252509%252509%252509%252522Value%252522%25253A%252522null%252526null%252526null%252522%25252C%25250A%252509%252509%252509%252509%252509%252509%252509%252509%252522Date%252522%25253A%2525222026-07-14T05%25253A24%25253A50Z%252522%25250A%252509%252509%252509%252509%252509%252509%252509%25257D%25252C%25250A%252509%252509%252509%252509%252509%252509%252509%25257B%25250A%252509%252509%252509%252509%252509%252509%252509%252509%252522Value%252522%25253A%252522null%252526null%252526null%252522%25252C%25250A%252509%252509%252509%252509%252509%252509%252509%252509%252522Date%252522%25253A%2525222026-07-14T05%25253A24%25253A55Z%252522%25250A%252509%252509%252509%252509%252509%252509%252509%25257D%25252C%25250A%252509%252509%252509%252509%252509%252509%252509%25257B%25250A%252509%252509%252509%252509%252509%252509%252509%252509%252522Value%252522%25253A%25252265.0%25252619.0%2525262112.0%252522%25252C%25250A%252509%252509%252509%252509%252509%252509%252509%252509%252522Date%252522%25253A%2525222026-07-14T05%25253A25%25253A00Z%252522%25250A%252509%252509%252509%252509%252509%252509%252509%25257D%25252C%25250A%252509%252509%252509%252509%252509%252509%252509%25257B%25250A%252509%252509%252509%252509%252509%252509%252509%252509%252522Value%252522%25253A%252522null%252526null%252526null%252522%25252C%25250A%252509%252509%252509%252509%252509%252509%252509%252509%252522Date%252522%25253A%2525222026-07-14T05%25253A25%25253A05Z%252522%25250A%252509%252509%252509%252509%252509%252509%252509%25257D%25252C%25250A%252509%252509%252509%252509%252509%252509%252509%25257B%25250A%252509%252509%252509%252509%252509%252509%252509%252509%252522Value%252522%25253A%252522null%252526null%252526null%252522%25252C%25250A%252509%252509%252509%252509%252509%252509%252509%252509%252522Date%252522%25253A%2525222026-07-14T05%25253A25%25253A10Z%252522%25250A%252509%252509%252509%252509%252509%252509%252509%25257D%25252C%25250A%252509%252509%252509%252509%252509%252509%252509%25257B%25250A%252509%252509%252509%252509%252509%252509%252509%252509%252522Value%252522%25253A%25252265.0%25252619.0%2525262112.0%252522%25252C%25250A%252509%252509%252509%252509%252509%252509%252509%252509%252522Date%252522%25253A%2525222026-07-14T05%25253A25%25253A15Z%252522%25250A%252509%252509%252509%252509%252509%252509%252509%25257D%25252C%25250A%252509%252509%252509%252509%252509%252509%252509%25257B%25250A%252509%252509%252509%252509%252509%252509%252509%252509%252522Value%252522%25253A%252522null%252526null%252526null%252522%25252C%25250A%252509%252509%252509%252509%252509%252509%252509%252509%252522Date%252522%25253A%2525222026-07-14T05%25253A25%25253A20Z%252522%25250A%252509%252509%252509%252509%252509%252509%252509%25257D%25252C%25250A%252509%252509%252509%252509%252509%252509%252509%25257B%25250A%252509%252509%252509%252509%252509%252509%252509%252509%252522Value%252522%25253A%252522null%252526null%252526null%252522%25252C%25250A%252509%252509%252509%252509%252509%252509%252509%252509%252522Date%252522%25253A%2525222026-07-14T05%25253A25%25253A25Z%252522%25250A%252509%252509%252509%252509%252509%252509%252509%25257D%25252C%25250A%252509%252509%252509%252509%252509%252509%252509%25257B%25250A%252509%252509%252509%252509%252509%252509%252509%252509%252522Value%252522%25253A%25252265.0%25252619.0%2525262112.0%252522%25252C%25250A%252509%252509%252509%252509%252509%252509%252509%252509%252522Date%252522%25253A%2525222026-07-14T05%25253A25%25253A30Z%252522%25250A%252509%252509%252509%252509%252509%252509%252509%25257D%25252C%25250A%252509%252509%252509%252509%252509%252509%252509%25257B%25250A%252509%252509%252509%252509%252509%252509%252509%252509%252522Value%252522%25253A%252522null%252526null%252526null%252522%25252C%25250A%252509%252509%252509%252509%252509%252509%252509%252509%252522Date%252522%25253A%2525222026-07-14T05%25253A25%25253A35Z%252522%25250A%252509%252509%252509%252509%252509%252509%252509%25257D%25252C%25250A%252509%252509%252509%252509%252509%252509%252509%25257B%25250A%252509%252509%252509%252509%252509%252509%252509%252509%252522Value%252522%25253A%252522null%252526null%252526null%252522%25252C%25250A%252509%252509%252509%252509%252509%252509%252509%252509%252522Date%252522%25253A%2525222026-07-14T05%25253A25%25253A40Z%252522%25250A%252509%252509%252509%252509%252509%252509%252509%25257D%25252C%25250A%252509%252509%252509%252509%252509%252509%252509%25257B%25250A%252509%252509%252509%252509%252509%252509%252509%252509%252522Value%252522%25253A%25252265.0%25252619.0%2525262112.0%252522%25252C%25250A%252509%252509%252509%252509%252509%252509%252509%252509%252522Date%252522%25253A%2525222026-07-14T05%25253A25%25253A45Z%252522%25250A%252509%252509%252509%252509%252509%252509%252509%25257D%25252C%25250A%252509%252509%252509%252509%252509%252509%252509%25257B%25250A%252509%252509%252509%252509%252509%252509%252509%252509%252522Value%252522%25253A%252522null%252526null%252526null%252522%25252C%25250A%252509%252509%252509%252509%252509%252509%252509%252509%252522Date%252522%25253A%2525222026-07-14T05%25253A25%25253A50Z%252522%25250A%252509%252509%252509%252509%252509%252509%252509%25257D%25252C%25250A%252509%252509%252509%252509%252509%252509%252509%25257B%25250A%252509%252509%252509%252509%252509%252509%252509%252509%252522Value%252522%25253A%252522null%252526null%252526null%252522%25252C%25250A%252509%252509%252509%252509%252509%252509%252509%252509%252522Date%252522%25253A%2525222026-07-14T05%25253A25%25253A55Z%252522%25250A%252509%252509%252509%252509%252509%252509%252509%25257D%25252C%25250A%252509%252509%252509%252509%252509%252509%252509%25257B%25250A%252509%252509%252509%252509%252509%252509%252509%252509%252522Value%252522%25253A%25252265.0%25252619.0%2525262112.0%252522%25252C%25250A%252509%252509%252509%252509%252509%252509%252509%252509%252522Date%252522%25253A%2525222026-07-14T05%25253A26%25253A00Z%252522%25250A%252509%252509%252509%252509%252509%252509%252509%25257D%25252C%25250A%252509%252509%252509%252509%252509%252509%252509%25257B%25250A%252509%252509%252509%252509%252509%252509%252509%252509%252522Value%252522%25253A%252522null%252526null%252526null%252522%25252C%25250A%252509%252509%252509%252509%252509%252509%252509%252509%252522Date%252522%25253A%2525222026-07-14T05%25253A26%25253A05Z%252522%25250A%252509%252509%252509%252509%252509%252509%252509%25257D%25252C%25250A%252509%252509%252509%252509%252509%252509%252509%25257B%25250A%252509%252509%252509%252509%252509%252509%252509%252509%252522Value%252522%25253A%252522null%252526null%252526null%252522%25252C%25250A%252509%252509%252509%252509%252509%252509%252509%252509%252522Date%252522%25253A%2525222026-07-14T05%25253A26%25253A10Z%252522%25250A%252509%252509%252509%252509%252509%252509%252509%25257D%25252C%25250A%252509%252509%252509%252509%252509%252509%252509%25257B%25250A%252509%252509%252509%252509%252509%252509%252509%252509%252522Value%252522%25253A%25252265.0%25252619.0%2525262112.0%252522%25252C%25250A%252509%252509%252509%252509%252509%252509%252509%252509%252522Date%252522%25253A%2525222026-07-14T05%25253A26%25253A15Z%252522%25250A%252509%252509%252509%252509%252509%252509%252509%25257D%25252C%25250A%252509%252509%252509%252509%252509%252509%252509%25257B%25250A%252509%252509%252509%252509%252509%252509%252509%252509%252522Value%252522%25253A%252522null%252526null%252526null%252522%25252C%25250A%252509%252509%252509%252509%252509%252509%252509%252509%252522Date%252522%25253A%2525222026-07-14T05%25253A26%25253A20Z%252522%25250A%252509%252509%252509%252509%252509%252509%252509%25257D%25252C%25250A%252509%252509%252509%252509%252509%252509%252509%25257B%25250A%252509%252509%252509%252509%252509%252509%252509%252509%252522Value%252522%25253A%252522null%252526null%252526null%252522%25252C%25250A%252509%252509%252509%252509%252509%252509%252509%252509%252522Date%252522%25253A%2525222026-07-14T05%25253A26%25253A25Z%252522%25250A%252509%252509%252509%252509%252509%252509%252509%25257D%25252C%25250A%252509%252509%252509%252509%252509%252509%252509%25257B%25250A%252509%252509%252509%252509%252509%252509%252509%252509%252522Value%252522%25253A%25252265.0%25252619.0%2525262112.0%252522%25252C%25250A%252509%252509%252509%252509%252509%252509%252509%252509%252522Date%252522%25253A%2525222026-07-14T05%25253A26%25253A30Z%252522%25250A%252509%252509%252509%252509%252509%252509%252509%25257D%25252C%25250A%252509%252509%252509%252509%252509%252509%252509%25257B%25250A%252509%252509%252509%252509%252509%252509%252509%252509%252522Value%252522%25253A%252522null%252526null%252526null%252522%25252C%25250A%252509%252509%252509%252509%252509%252509%252509%252509%252522Date%252522%25253A%2525222026-07-14T05%25253A26%25253A35Z%252522%25250A%252509%252509%252509%252509%252509%252509%252509%25257D%25252C%25250A%252509%252509%252509%252509%252509%252509%252509%25257B%25250A%252509%252509%252509%252509%252509%252509%252509%252509%252522Value%252522%25253A%252522null%252526null%252526null%252522%25252C%25250A%252509%252509%252509%252509%252509%252509%252509%252509%252522Date%252522%25253A%2525222026-07-14T05%25253A26%25253A40Z%252522%25250A%252509%252509%252509%252509%252509%252509%252509%25257D%25252C%25250A%252509%252509%252509%252509%252509%252509%252509%25257B%25250A%252509%252509%252509%252509%252509%252509%252509%252509%252522Value%252522%25253A%25252265.0%25252619.0%2525262112.0%252522%25252C%25250A%252509%252509%252509%252509%252509%252509%252509%252509%252522Date%252522%25253A%2525222026-07-14T05%25253A26%25253A45Z%252522%25250A%252509%252509%252509%252509%252509%252509%252509%25257D%25252C%25250A%252509%252509%252509%252509%252509%252509%252509%25257B%25250A%252509%252509%252509%252509%252509%252509%252509%252509%252522Value%252522%25253A%252522null%252526null%252526null%252522%25252C%25250A%252509%252509%252509%252509%252509%252509%252509%252509%252522Date%252522%25253A%2525222026-07-14T05%25253A26%25253A50Z%252522%25250A%252509%252509%252509%252509%252509%252509%252509%25257D%25252C%25250A%252509%252509%252509%252509%252509%252509%252509%25257B%25250A%252509%252509%252509%252509%252509%252509%252509%252509%252522Value%252522%25253A%252522null%252526null%252526null%252522%25252C%25250A%252509%252509%252509%252509%252509%252509%252509%252509%252522Date%252522%25253A%2525222026-07-14T05%25253A26%25253A55Z%252522%25250A%252509%252509%252509%252509%252509%252509%252509%25257D%25252C%25250A%252509%252509%252509%252509%252509%252509%252509%25257B%25250A%252509%252509%252509%252509%252509%252509%252509%252509%252522Value%252522%25253A%25252265.0%25252619.0%2525262112.0%252522%25252C%25250A%252509%252509%252509%252509%252509%252509%252509%252509%252522Date%252522%25253A%2525222026-07-14T05%25253A27%25253A00Z%252522%25250A%252509%252509%252509%252509%252509%252509%252509%25257D%25252C%25250A%252509%252509%252509%252509%252509%252509%252509%25257B%25250A%252509%252509%252509%252509%252509%252509%252509%252509%252522Value%252522%25253A%252522null%252526null%252526null%252522%25252C%25250A%252509%252509%252509%252509%252509%252509%252509%252509%252522Date%252522%25253A%2525222026-07-14T05%25253A27%25253A05Z%252522%25250A%252509%252509%252509%252509%252509%252509%252509%25257D%25252C%25250A%252509%252509%252509%252509%252509%252509%252509%25257B%25250A%252509%252509%252509%252509%252509%252509%252509%252509%252522Value%252522%25253A%252522null%252526null%252526null%252522%25252C%25250A%252509%252509%252509%252509%252509%252509%252509%252509%252522Date%252522%25253A%2525222026-07-14T05%25253A27%25253A10Z%252522%25250A%252509%252509%252509%252509%252509%252509%252509%25257D%25252C%25250A%252509%252509%252509%252509%252509%252509%252509%25257B%25250A%252509%252509%252509%252509%252509%252509%252509%252509%252522Value%252522%25253A%25252265.0%25252619.0%2525262112.0%252522%25252C%25250A%252509%252509%252509%252509%252509%252509%252509%252509%252522Date%252522%25253A%2525222026-07-14T05%25253A27%25253A15Z%252522%25250A%252509%252509%252509%252509%252509%252509%252509%25257D%25252C%25250A%252509%252509%252509%252509%252509%252509%252509%25257B%25250A%252509%252509%252509%252509%252509%252509%252509%252509%252522Value%252522%25253A%252522null%252526null%252526null%252522%25252C%25250A%252509%252509%252509%252509%252509%252509%252509%252509%252522Date%252522%25253A%2525222026-07-14T05%25253A27%25253A20Z%252522%25250A%252509%252509%252509%252509%252509%252509%252509%25257D%25252C%25250A%252509%252509%252509%252509%252509%252509%252509%25257B%25250A%252509%252509%252509%252509%252509%252509%252509%252509%252522Value%252522%25253A%252522null%252526null%252526null%252522%25252C%25250A%252509%252509%252509%252509%252509%252509%252509%252509%252522Date%252522%25253A%2525222026-07-14T05%25253A27%25253A25Z%252522%25250A%252509%252509%252509%252509%252509%252509%252509%25257D%25252C%25250A%252509%252509%252509%252509%252509%252509%252509%25257B%25250A%252509%252509%252509%252509%252509%252509%252509%252509%252522Value%252522%25253A%25252265.0%25252619.0%2525262112.0%252522%25252C%25250A%252509%252509%252509%252509%252509%252509%252509%252509%252522Date%252522%25253A%2525222026-07-14T05%25253A27%25253A30Z%252522%25250A%252509%252509%252509%252509%252509%252509%252509%25257D%25252C%25250A%252509%252509%252509%252509%252509%252509%252509%25257B%25250A%252509%252509%252509%252509%252509%252509%252509%252509%252522Value%252522%25253A%252522null%252526null%252526null%252522%25252C%25250A%252509%252509%252509%252509%252509%252509%252509%252509%252522Date%252522%25253A%2525222026-07-14T05%25253A27%25253A35Z%252522%25250A%252509%252509%252509%252509%252509%252509%252509%25257D%25252C%25250A%252509%252509%252509%252509%252509%252509%252509%25257B%25250A%252509%252509%252509%252509%252509%252509%252509%252509%252522Value%252522%25253A%252522null%252526null%252526null%252522%25252C%25250A%252509%252509%252509%252509%252509%252509%252509%252509%252522Date%252522%25253A%2525222026-07-14T05%25253A27%25253A40Z%252522%25250A%252509%252509%252509%252509%252509%252509%252509%25257D%25252C%25250A%252509%252509%252509%252509%252509%252509%252509%25257B%25250A%252509%252509%252509%252509%252509%252509%252509%252509%252522Value%252522%25253A%25252265.0%25252619.0%2525262112.0%252522%25252C%25250A%252509%252509%252509%252509%252509%252509%252509%252509%252522Date%252522%25253A%2525222026-07-14T05%25253A27%25253A45Z%252522%25250A%252509%252509%252509%252509%252509%252509%252509%25257D%25252C%25250A%252509%252509%252509%252509%252509%252509%252509%25257B%25250A%252509%252509%252509%252509%252509%252509%252509%252509%252522Value%252522%25253A%252522null%252526null%252526null%252522%25252C%25250A%252509%252509%252509%252509%252509%252509%252509%252509%252522Date%252522%25253A%2525222026-07-14T05%25253A27%25253A50Z%252522%25250A%252509%252509%252509%252509%252509%252509%252509%25257D%25252C%25250A%252509%252509%252509%252509%252509%252509%252509%25257B%25250A%252509%252509%252509%252509%252509%252509%252509%252509%252522Value%252522%25253A%252522null%252526null%252526null%252522%25252C%25250A%252509%252509%252509%252509%252509%252509%252509%252509%252522Date%252522%25253A%2525222026-07-14T05%25253A27%25253A55Z%252522%25250A%252509%252509%252509%252509%252509%252509%252509%25257D%25252C%25250A%252509%252509%252509%252509%252509%252509%252509%25257B%25250A%252509%252509%252509%252509%252509%252509%252509%252509%252522Value%252522%25253A%25252265.0%25252619.0%2525262112.0%252522%25252C%25250A%252509%252509%252509%252509%252509%252509%252509%252509%252522Date%252522%25253A%2525222026-07-14T05%25253A28%25253A00Z%252522%25250A%252509%252509%252509%252509%252509%252509%252509%25257D%25252C%25250A%252509%252509%252509%252509%252509%252509%252509%25257B%25250A%252509%252509%252509%252509%252509%252509%252509%252509%252522Value%252522%25253A%252522null%252526null%252526null%252522%25252C%25250A%252509%252509%252509%252509%252509%252509%252509%252509%252522Date%252522%25253A%2525222026-07-14T05%25253A28%25253A05Z%252522%25250A%252509%252509%252509%252509%252509%252509%252509%25257D%25252C%25250A%252509%252509%252509%252509%252509%252509%252509%25257B%25250A%252509%252509%252509%252509%252509%252509%252509%252509%252522Value%252522%25253A%252522null%252526null%252526null%252522%25252C%25250A%252509%252509%252509%252509%252509%252509%252509%252509%252522Date%252522%25253A%2525222026-07-14T05%25253A28%25253A10Z%252522%25250A%252509%252509%252509%252509%252509%252509%252509%25257D%25252C%25250A%252509%252509%252509%252509%252509%252509%252509%25257B%25250A%252509%252509%252509%252509%252509%252509%252509%252509%252522Value%252522%25253A%25252265.0%25252619.0%2525262112.0%252522%25252C%25250A%252509%252509%252509%252509%252509%252509%252509%252509%252522Date%252522%25253A%2525222026-07-14T05%25253A28%25253A15Z%252522%25250A%252509%252509%252509%252509%252509%252509%252509%25257D%25252C%25250A%252509%252509%252509%252509%252509%252509%252509%25257B%25250A%252509%252509%252509%252509%252509%252509%252509%252509%252522Value%252522%25253A%252522null%252526null%252526null%252522%25252C%25250A%252509%252509%252509%252509%252509%252509%252509%252509%252522Date%252522%25253A%2525222026-07-14T05%25253A28%25253A20Z%252522%25250A%252509%252509%252509%252509%252509%252509%252509%25257D%25252C%25250A%252509%252509%252509%252509%252509%252509%252509%25257B%25250A%252509%252509%252509%252509%252509%252509%252509%252509%252522Value%252522%25253A%252522null%252526null%252526null%252522%25252C%25250A%252509%252509%252509%252509%252509%252509%252509%252509%252522Date%252522%25253A%2525222026-07-14T05%25253A28%25253A25Z%252522%25250A%252509%252509%252509%252509%252509%252509%252509%25257D%25252C%25250A%252509%252509%252509%252509%252509%252509%252509%25257B%25250A%252509%252509%252509%252509%252509%252509%252509%252509%252522Value%252522%25253A%25252265.0%25252619.0%2525262112.0%252522%25252C%25250A%252509%252509%252509%252509%252509%252509%252509%252509%252522Date%252522%25253A%2525222026-07-14T05%25253A28%25253A30Z%252522%25250A%252509%252509%252509%252509%252509%252509%252509%25257D%25252C%25250A%252509%252509%252509%252509%252509%252509%252509%25257B%25250A%252509%252509%252509%252509%252509%252509%252509%252509%252522Value%252522%25253A%252522null%252526null%252526null%252522%25252C%25250A%252509%252509%252509%252509%252509%252509%252509%252509%252522Date%252522%25253A%2525222026-07-14T05%25253A28%25253A35Z%252522%25250A%252509%252509%252509%252509%252509%252509%252509%25257D%25252C%25250A%252509%252509%252509%252509%252509%252509%252509%25257B%25250A%252509%252509%252509%252509%252509%252509%252509%252509%252522Value%252522%25253A%252522null%252526null%252526null%252522%25252C%25250A%252509%252509%252509%252509%252509%252509%252509%252509%252522Date%252522%25253A%2525222026-07-14T05%25253A28%25253A40Z%252522%25250A%252509%252509%252509%252509%252509%252509%252509%25257D%25252C%25250A%252509%252509%252509%252509%252509%252509%252509%25257B%25250A%252509%252509%252509%252509%252509%252509%252509%252509%252522Value%252522%25253A%25252265.0%25252619.0%2525262112.0%252522%25252C%25250A%252509%252509%252509%252509%252509%252509%252509%252509%252522Date%252522%25253A%2525222026-07-14T05%25253A28%25253A45Z%252522%25250A%252509%252509%252509%252509%252509%252509%252509%25257D%25252C%25250A%252509%252509%252509%252509%252509%252509%252509%25257B%25250A%252509%252509%252509%252509%252509%252509%252509%252509%252522Value%252522%25253A%252522null%252526null%252526null%252522%25252C%25250A%252509%252509%252509%252509%252509%252509%252509%252509%252522Date%252522%25253A%2525222026-07-14T05%25253A28%25253A50Z%252522%25250A%252509%252509%252509%252509%252509%252509%252509%25257D%25252C%25250A%252509%252509%252509%252509%252509%252509%252509%25257B%25250A%252509%252509%252509%252509%252509%252509%252509%252509%252522Value%252522%25253A%252522null%252526null%252526null%252522%25252C%25250A%252509%252509%252509%252509%252509%252509%252509%252509%252522Date%252522%25253A%2525222026-07-14T05%25253A28%25253A55Z%252522%25250A%252509%252509%252509%252509%252509%252509%252509%25257D%25252C%25250A%252509%252509%252509%252509%252509%252509%252509%25257B%25250A%252509%252509%252509%252509%252509%252509%252509%252509%252522Value%252522%25253A%25252265.0%25252619.0%2525262112.0%252522%25252C%25250A%252509%252509%252509%252509%252509%252509%252509%252509%252522Date%252522%25253A%2525222026-07-14T05%25253A29%25253A00Z%252522%25250A%252509%252509%252509%252509%252509%252509%252509%25257D%25252C%25250A%252509%252509%252509%252509%252509%252509%252509%25257B%25250A%252509%252509%252509%252509%252509%252509%252509%252509%252522Value%252522%25253A%252522null%252526null%252526null%252522%25252C%25250A%252509%252509%252509%252509%252509%252509%252509%252509%252522Date%252522%25253A%2525222026-07-14T05%25253A29%25253A05Z%252522%25250A%252509%252509%252509%252509%252509%252509%252509%25257D%25252C%25250A%252509%252509%252509%252509%252509%252509%252509%25257B%25250A%252509%252509%252509%252509%252509%252509%252509%252509%252522Value%252522%25253A%252522null%252526null%252526null%252522%25252C%25250A%252509%252509%252509%252509%252509%252509%252509%252509%252522Date%252522%25253A%2525222026-07-14T05%25253A29%25253A10Z%252522%25250A%252509%252509%252509%252509%252509%252509%252509%25257D%25252C%25250A%252509%252509%252509%252509%252509%252509%252509%25257B%25250A%252509%252509%252509%252509%252509%252509%252509%252509%252522Value%252522%25253A%25252265.0%25252619.0%2525262112.0%252522%25252C%25250A%252509%252509%252509%252509%252509%252509%252509%252509%252522Date%252522%25253A%2525222026-07-14T05%25253A29%25253A15Z%252522%25250A%252509%252509%252509%252509%252509%252509%252509%25257D%25252C%25250A%252509%252509%252509%252509%252509%252509%252509%25257B%25250A%252509%252509%252509%252509%252509%252509%252509%252509%252522Value%252522%25253A%252522null%252526null%252526null%252522%25252C%25250A%252509%252509%252509%252509%252509%252509%252509%252509%252522Date%252522%25253A%2525222026-07-14T05%25253A29%25253A20Z%252522%25250A%252509%252509%252509%252509%252509%252509%252509%25257D%25252C%25250A%252509%252509%252509%252509%252509%252509%252509%25257B%25250A%252509%252509%252509%252509%252509%252509%252509%252509%252522Value%252522%25253A%252522null%252526null%252526null%252522%25252C%25250A%252509%252509%252509%252509%252509%252509%252509%252509%252522Date%252522%25253A%2525222026-07-14T05%25253A29%25253A25Z%252522%25250A%252509%252509%252509%252509%252509%252509%252509%25257D%25252C%25250A%252509%252509%252509%252509%252509%252509%252509%25257B%25250A%252509%252509%252509%252509%252509%252509%252509%252509%252522Value%252522%25253A%25252265.0%25252619.0%2525262112.0%252522%25252C%25250A%252509%252509%252509%252509%252509%252509%252509%252509%252522Date%252522%25253A%2525222026-07-14T05%25253A29%25253A30Z%252522%25250A%252509%252509%252509%252509%252509%252509%252509%25257D%25252C%25250A%252509%252509%252509%252509%252509%252509%252509%25257B%25250A%252509%252509%252509%252509%252509%252509%252509%252509%252522Value%252522%25253A%252522null%252526null%252526null%252522%25252C%25250A%252509%252509%252509%252509%252509%252509%252509%252509%252522Date%252522%25253A%2525222026-07-14T05%25253A29%25253A35Z%252522%25250A%252509%252509%252509%252509%252509%252509%252509%25257D%25252C%25250A%252509%252509%252509%252509%252509%252509%252509%25257B%25250A%252509%252509%252509%252509%252509%252509%252509%252509%252522Value%252522%25253A%252522null%252526null%252526null%252522%25252C%25250A%252509%252509%252509%252509%252509%252509%252509%252509%252522Date%252522%25253A%2525222026-07-14T05%25253A29%25253A40Z%252522%25250A%252509%252509%252509%252509%252509%252509%252509%25257D%25252C%25250A%252509%252509%252509%252509%252509%252509%252509%25257B%25250A%252509%252509%252509%252509%252509%252509%252509%252509%252522Value%252522%25253A%25252265.0%25252619.0%2525262112.0%252522%25252C%25250A%252509%252509%252509%252509%252509%252509%252509%252509%252522Date%252522%25253A%2525222026-07-14T05%25253A29%25253A45Z%252522%25250A%252509%252509%252509%252509%252509%252509%252509%25257D%25252C%25250A%252509%252509%252509%252509%252509%252509%252509%25257B%25250A%252509%252509%252509%252509%252509%252509%252509%252509%252522Value%252522%25253A%252522null%252526null%252526null%252522%25252C%25250A%252509%252509%252509%252509%252509%252509%252509%252509%252522Date%252522%25253A%2525222026-07-14T05%25253A29%25253A50Z%252522%25250A%252509%252509%252509%252509%252509%252509%252509%25257D%25252C%25250A%252509%252509%252509%252509%252509%252509%252509%25257B%25250A%252509%252509%252509%252509%252509%252509%252509%252509%252522Value%252522%25253A%252522null%252526null%252526null%252522%25252C%25250A%252509%252509%252509%252509%252509%252509%252509%252509%252522Date%252522%25253A%2525222026-07-14T05%25253A29%25253A55Z%252522%25250A%252509%252509%252509%252509%252509%252509%252509%25257D%25252C%25250A%252509%252509%252509%252509%252509%252509%252509%25257B%25250A%252509%252509%252509%252509%252509%252509%252509%252509%252522Value%252522%25253A%25252265.0%25252619.0%2525262112.0%252522%25252C%25250A%252509%252509%252509%252509%252509%252509%252509%252509%252522Date%252522%25253A%2525222026-07-14T05%25253A30%25253A00Z%252522%25250A%252509%252509%252509%252509%252509%252509%252509%25257D%25252C%25250A%252509%252509%252509%252509%252509%252509%252509%25257B%25250A%252509%252509%252509%252509%252509%252509%252509%252509%252522Value%252522%25253A%252522null%252526null%252526null%252522%25252C%25250A%252509%252509%252509%252509%252509%252509%252509%252509%252522Date%252522%25253A%2525222026-07-14T05%25253A30%25253A05Z%252522%25250A%252509%252509%252509%252509%252509%252509%252509%25257D%25252C%25250A%252509%252509%252509%252509%252509%252509%252509%25257B%25250A%252509%252509%252509%252509%252509%252509%252509%252509%252522Value%252522%25253A%252522null%252526null%252526null%252522%25252C%25250A%252509%252509%252509%252509%252509%252509%252509%252509%252522Date%252522%25253A%2525222026-07-14T05%25253A30%25253A10Z%252522%25250A%252509%252509%252509%252509%252509%252509%252509%25257D%25252C%25250A%252509%252509%252509%252509%252509%252509%252509%25257B%25250A%252509%252509%252509%252509%252509%252509%252509%252509%252522Value%252522%25253A%25252265.0%25252619.0%2525262112.0%252522%25252C%25250A%252509%252509%252509%252509%252509%252509%252509%252509%252522Date%252522%25253A%2525222026-07-14T05%25253A30%25253A15Z%252522%25250A%252509%252509%252509%252509%252509%252509%252509%25257D%25252C%25250A%252509%252509%252509%252509%252509%252509%252509%25257B%25250A%252509%252509%252509%252509%252509%252509%252509%252509%252522Value%252522%25253A%252522null%252526null%252526null%252522%25252C%25250A%252509%252509%252509%252509%252509%252509%252509%252509%252522Date%252522%25253A%2525222026-07-14T05%25253A30%25253A20Z%252522%25250A%252509%252509%252509%252509%252509%252509%252509%25257D%25252C%25250A%252509%252509%252509%252509%252509%252509%252509%25257B%25250A%252509%252509%252509%252509%252509%252509%252509%252509%252522Value%252522%25253A%252522null%252526null%252526null%252522%25252C%25250A%252509%252509%252509%252509%252509%252509%252509%252509%252522Date%252522%25253A%2525222026-07-14T05%25253A30%25253A25Z%252522%25250A%252509%252509%252509%252509%252509%252509%252509%25257D%25252C%25250A%252509%252509%252509%252509%252509%252509%252509%25257B%25250A%252509%252509%252509%252509%252509%252509%252509%252509%252522Value%252522%25253A%25252265.0%25252619.0%2525262112.0%252522%25252C%25250A%252509%252509%252509%252509%252509%252509%252509%252509%252522Date%252522%25253A%2525222026-07-14T05%25253A30%25253A30Z%252522%25250A%252509%252509%252509%252509%252509%252509%252509%25257D%25252C%25250A%252509%252509%252509%252509%252509%252509%252509%25257B%25250A%252509%252509%252509%252509%252509%252509%252509%252509%252522Value%252522%25253A%252522null%252526null%252526null%252522%25252C%25250A%252509%252509%252509%252509%252509%252509%252509%252509%252522Date%252522%25253A%2525222026-07-14T05%25253A30%25253A35Z%252522%25250A%252509%252509%252509%252509%252509%252509%252509%25257D%25252C%25250A%252509%252509%252509%252509%252509%252509%252509%25257B%25250A%252509%252509%252509%252509%252509%252509%252509%252509%252522Value%252522%25253A%252522null%252526null%252526null%252522%25252C%25250A%252509%252509%252509%252509%252509%252509%252509%252509%252522Date%252522%25253A%2525222026-07-14T05%25253A30%25253A40Z%252522%25250A%252509%252509%252509%252509%252509%252509%252509%25257D%25252C%25250A%252509%252509%252509%252509%252509%252509%252509%25257B%25250A%252509%252509%252509%252509%252509%252509%252509%252509%252522Value%252522%25253A%25252265.0%25252619.0%2525262112.0%252522%25252C%25250A%252509%252509%252509%252509%252509%252509%252509%252509%252522Date%252522%25253A%2525222026-07-14T05%25253A30%25253A45Z%252522%25250A%252509%252509%252509%252509%252509%252509%252509%25257D%25252C%25250A%252509%252509%252509%252509%252509%252509%252509%25257B%25250A%252509%252509%252509%252509%252509%252509%252509%252509%252522Value%252522%25253A%252522null%252526null%252526null%252522%25252C%25250A%252509%252509%252509%252509%252509%252509%252509%252509%252522Date%252522%25253A%2525222026-07-14T05%25253A30%25253A50Z%252522%25250A%252509%252509%252509%252509%252509%252509%252509%25257D%25252C%25250A%252509%252509%252509%252509%252509%252509%252509%25257B%25250A%252509%252509%252509%252509%252509%252509%252509%252509%252522Value%252522%25253A%252522null%252526null%252526null%252522%25252C%25250A%252509%252509%252509%252509%252509%252509%252509%252509%252522Date%252522%25253A%2525222026-07-14T05%25253A30%25253A55Z%252522%25250A%252509%252509%252509%252509%252509%252509%252509%25257D%25252C%25250A%252509%252509%252509%252509%252509%252509%252509%25257B%25250A%252509%252509%252509%252509%252509%252509%252509%252509%252522Value%252522%25253A%25252265.0%25252619.0%2525262112.0%252522%25252C%25250A%252509%252509%252509%252509%252509%252509%252509%252509%252522Date%252522%25253A%2525222026-07-14T05%25253A31%25253A00Z%252522%25250A%252509%252509%252509%252509%252509%252509%252509%25257D%25252C%25250A%252509%252509%252509%252509%252509%252509%252509%25257B%25250A%252509%252509%252509%252509%252509%252509%252509%252509%252522Value%252522%25253A%252522null%252526null%252526null%252522%25252C%25250A%252509%252509%252509%252509%252509%252509%252509%252509%252522Date%252522%25253A%2525222026-07-14T05%25253A31%25253A05Z%252522%25250A%252509%252509%252509%252509%252509%252509%252509%25257D%25252C%25250A%252509%252509%252509%252509%252509%252509%252509%25257B%25250A%252509%252509%252509%252509%252509%252509%252509%252509%252522Value%252522%25253A%252522null%252526null%252526null%252522%25252C%25250A%252509%252509%252509%252509%252509%252509%252509%252509%252522Date%252522%25253A%2525222026-07-14T05%25253A31%25253A10Z%252522%25250A%252509%252509%252509%252509%252509%252509%252509%25257D%25252C%25250A%252509%252509%252509%252509%252509%252509%252509%25257B%25250A%252509%252509%252509%252509%252509%252509%252509%252509%252522Value%252522%25253A%25252265.0%25252619.0%2525262112.0%252522%25252C%25250A%252509%252509%252509%252509%252509%252509%252509%252509%252522Date%252522%25253A%2525222026-07-14T05%25253A31%25253A15Z%252522%25250A%252509%252509%252509%252509%252509%252509%252509%25257D%25252C%25250A%252509%252509%252509%252509%252509%252509%252509%25257B%25250A%252509%252509%252509%252509%252509%252509%252509%252509%252522Value%252522%25253A%252522null%252526null%252526null%252522%25252C%25250A%252509%252509%252509%252509%252509%252509%252509%252509%252522Date%252522%25253A%2525222026-07-14T05%25253A31%25253A20Z%252522%25250A%252509%252509%252509%252509%252509%252509%252509%25257D%25252C%25250A%252509%252509%252509%252509%252509%252509%252509%25257B%25250A%252509%252509%252509%252509%252509%252509%252509%252509%252522Value%252522%25253A%252522null%252526null%252526null%252522%25252C%25250A%252509%252509%252509%252509%252509%252509%252509%252509%252522Date%252522%25253A%2525222026-07-14T05%25253A31%25253A25Z%252522%25250A%252509%252509%252509%252509%252509%252509%252509%25257D%25252C%25250A%252509%252509%252509%252509%252509%252509%252509%25257B%25250A%252509%252509%252509%252509%252509%252509%252509%252509%252522Value%252522%25253A%25252265.0%25252619.0%2525262112.0%252522%25252C%25250A%252509%252509%252509%252509%252509%252509%252509%252509%252522Date%252522%25253A%2525222026-07-14T05%25253A31%25253A30Z%252522%25250A%252509%252509%252509%252509%252509%252509%252509%25257D%25252C%25250A%252509%252509%252509%252509%252509%252509%252509%25257B%25250A%252509%252509%252509%252509%252509%252509%252509%252509%252522Value%252522%25253A%252522null%252526null%252526null%252522%25252C%25250A%252509%252509%252509%252509%252509%252509%252509%252509%252522Date%252522%25253A%2525222026-07-14T05%25253A31%25253A35Z%252522%25250A%252509%252509%252509%252509%252509%252509%252509%25257D%25252C%25250A%252509%252509%252509%252509%252509%252509%252509%25257B%25250A%252509%252509%252509%252509%252509%252509%252509%252509%252522Value%252522%25253A%252522null%252526null%252526null%252522%25252C%25250A%252509%252509%252509%252509%252509%252509%252509%252509%252522Date%252522%25253A%2525222026-07-14T05%25253A31%25253A40Z%252522%25250A%252509%252509%252509%252509%252509%252509%252509%25257D%25252C%25250A%252509%252509%252509%252509%252509%252509%252509%25257B%25250A%252509%252509%252509%252509%252509%252509%252509%252509%252522Value%252522%25253A%25252265.0%25252619.0%2525262112.0%252522%25252C%25250A%252509%252509%252509%252509%252509%252509%252509%252509%252522Date%252522%25253A%2525222026-07-14T05%25253A31%25253A45Z%252522%25250A%252509%252509%252509%252509%252509%252509%252509%25257D%25252C%25250A%252509%252509%252509%252509%252509%252509%252509%25257B%25250A%252509%252509%252509%252509%252509%252509%252509%252509%252522Value%252522%25253A%252522null%252526null%252526null%252522%25252C%25250A%252509%252509%252509%252509%252509%252509%252509%252509%252522Date%252522%25253A...%2526headers%253D%25257B%252522Content-Type%252522%25253A%252522application%25252Fx-www-form-urlencoded%252522%25257D%2526rtype%253Dxhr%2526plugin_version%253D3.2.4%2526ts%253D1784010223928%2526type%253Dapi%26cache%3D945de8e%26jsver%3Daplus.js%26lver%3D1.13.27%26customSdkId%3D%26platformType%3Dpc%26device_model%3DMacintosh%26os%3DMac%20OS%20X%26os_version%3D10.15.7%26o%3Dmac%26w%3Dwebkit%26s%3D1280x720%26scr%3D1280x720%26m%3D%26ism%3Dmac%26p%3D1%26b%3Dchrome149%26tag%3D0%26stag%3D-3%26lstag%3D-1%26_g_encode%3Dutf-8&cna=&spm-cnt=5176.19908494.0.0.52d91450cxuUDN&spm-url=5176.28369458.0.0.36961450Jepyio&_gr_uid_=1048726631550559&uidaplus=1048726631550559&logtype=2&scr=1280x720&_p_url=https%3A%2F%2Frdsnext.console.aliyun.com%2Fdetail%2Fpgm-wz9t7bv5jsk55jh1%2FmonitorAlarm%3Fspm%3D5176.28369458.0.0.36961450Jepyio%26region%3Dcn-shenzhen%26DedicatedHostGroupId%3D:0
[  595148ms] [ERROR] Failed to load resource: net::ERR_CONNECTION_CLOSED @ https://d-gm.mmstat.com/aes.1.1?gmkey=EXP&gokey=uidaplus%3D1048726631550559%26spm-url%3D5176.28369458.0.0.36961450Jepyio%26spm-pre%3D%26spm-cnt%3D5176.19908494.0.0.52d91450cxuUDN%26_f_t%3Dfalse%26pid%3Drdsnext%26sdk_version%3D3.3.18%26pv_id%3DLJQGceZrM3uv2y5lenKW%26timezone_offset%3D-480%26title%3DRDS%25E7%25AE%25A1%25E7%2590%2586%25E6%258E%25A7%25E5%2588%25B6%25E5%258F%25B0%26spm_a%3D5176%26spm_b%3D19908494%26dpi%3D1%26sr%3D1280x720%26platform%3Dweb%26language%3Den-US%26user_type%3D6%26uid%3D1048726631550559%26env%3Dprod%26downlink%3D10%26net_type%3D4g%26page_id%3D%252Fdetail%252F%253ADBInstanceId%252FmonitorAlarm%26user_agent_data%3D%257B%2522mobile%2522%253Afalse%252C%2522model%2522%253A%2522%2522%252C%2522platform%2522%253A%2522macOS%2522%252C%2522platformVersion%2522%253A%252226.5.2%2522%252C%2522fullVersionList%2522%253A%255B%257B%2522brand%2522%253A%2522Google%2520Chrome%2522%252C%2522version%2522%253A%2522149.0.7827.201%2522%257D%252C%257B%2522brand%2522%253A%2522Chromium%2522%252C%2522version%2522%253A%2522149.0.7827.201%2522%257D%252C%257B%2522brand%2522%253A%2522Not)A%253BBrand%2522%252C%2522version%2522%253A%252224.0.0.0%2522%257D%255D%257D%26origin_url%3Dhttps%253A%252F%252Frdsnext.console.aliyun.com%252Fdetail%252Fpgm-wz9t7bv5jsk55jh1%252FmonitorAlarm%253Fspm%253D5176.28369458.0.0.36961450Jepyio%2526region%253Dcn-shenzhen%2526DedicatedHostGroupId%253D%26msg%3Durl%253DDescribeDBInstancePerformance%2526method%253DPOST%2526success%253Dtrue%2526msg%253D019F5F4B-B003-509B-93B7-1DFC2CC1CF12%2526status%253D200%2526code%253D200%2526duration%253D480%2526trace_id%253D1a0f4b2d17840102235847321e8a1f%2526params%253D__action%25253DDescribeDBInstancePerformance%2526body%253Dproduct%25253Drds%252526action%25253DDescribeDBInstancePerformance%252526params%25253D%2525257B%25252522StartTime%25252522%2525253A%252525222026-07-14T05%2525253A23Z%25252522%2525252C%25252522EndTime%25252522%2525253A%252525222026-07-14T06%2525253A23Z%25252522%2525252C%25252522key%25252522%2525253A%25252522PgSQLMemory%25252522%2525252C%25252522dBInstanceId%25252522%2525253A%25252522pgm-wz9t7bv5jsk55jh1%25252522%2525252C%25252522UseNullWhenMissingPoint%25252522%2525253Atrue%2525252C%25252522RegionId%25252522%2525253A%25252522cn-shenzhen%25252522%2525257D%252526sec_token%25253DeIrlFmLDgToEOzMPbhI438%252526umid%25253DY29b3ca4c152f1edb542c34bd8848d7a8%252526collina%25253D140%25252523WjrDnJ9wzzPklQo24xHF43SXhQKnaYvqPjBApIdcjK7PvBHRLskY4O%2525252FqM9zps04ReXnEfGDmzPYTlp1zzX7H8iN%2525252FvbzxYmjmO6Etzzrb22U3l6GzJD2jV8EtqzHFmiDod6txDL1OD1AUeIrLgPvJiSlfDbNlHEHnZuTtr%2525252BLoNRGtQbftESlaSdW7tAkMMzZQuFDpzu0s2MYXlZjlzNqeIP%2525252BtcHKWLXZkqZPexTNbLycBM5UBoKcRbzplqOkKmYdPCoano98THxVqe0cwDFcCib9YuqarHi6%2525252FWUhtrLD5FWhkEdDHrQYmvUxStsgOZK9yuFJVd381Z282ltQzaIzbV2e4gFOrmF1AaHmijDapV4qcdh3ijZpraYBv9fCXafRH3IDUMeGLDmntcYtqaWWnuzgluMAmk9%2525252BZ48xEGsD4EmuDjUIk3uz3sfg1u5ux%2525252FcpeMInRcoIlGL7WtOqsxTmfBQDziEd3b7lMV9v6s3SkLtAGzBbxRbknY2%2525252BDPFC2GLN%2525252Bqf%2525252Bp2AwUk5KBSUF%2525252BIqGaABPhso7oASvoyb37%2525252BkkzcH5DAVSx%2525252BDgjapQIFSkxJ1lwYmVFoUIkiEASZho%2525252BdYuyQRMnx2vQLa4I%2525252BUIFe3dRJDtw6T%2525252FPRsE1NVdiPMjvKiXwTxncVNfyA2ZJ4PTj6TOoamx1e3uHvM2PxGnzTdRpkj1lWBNDw73OKMcSmb%2525252BOYaGBvRoQlxHQrA3n55QQAgzUjOMSjY9GPKJGfU3zao7Ux4NjU6io8bq8Xxxr5wYtgCBRAEd7kQW9pnoEFqgrpgFuhaiQeElBbzUt9rjWaUDmdcQWGvlYlXKVE%2525252FT%2525252B3XdJBE1UfOTgthLG9ZflspS%2525252B4a3uP8hsEGKiTTSxzC41o3yBj2jt5BjlvoYAbkPNw4aloYF%2525252FJZyprQtSfMeRllcdJLLuCt7BHDMVEP6sn7935LH9qkCYBq3Twx%2525252Bq26yixnt2FmT%2525252FrncfjSL55wjBuitUbz0ARjf9uteqJTm7VoYuvOoesKR%2525252FgsaDm32uLinv%2525252Bbbu%2525252BiQ%2525252FpSl6Ju1iYVKszezM8pB8F12v3ZdOMRMEqHdcme6w7t60kWSdP3z1%252526region%25253Dcn-shenzhen%2526response%253D%25257B%25250A%252509%252522code%252522%25253A%252522200%252522%25252C%25250A%252509%252522data%252522%25253A%25257B%25250A%252509%252509%252522PerformanceKeys%252522%25253A%25257B%25250A%252509%252509%252509%252522PerformanceKey%252522%25253A%25255B%25250A%252509%252509%252509%252509%25257B%25250A%252509%252509%252509%252509%252509%252522ValueFormat%252522%25253A%252522mem_ratio%252522%25252C%25250A%252509%252509%252509%252509%252509%252522Values%252522%25253A%25257B%25250A%252509%252509%252509%252509%252509%252509%252522PerformanceValue%252522%25253A%25255B%25250A%252509%252509%252509%252509%252509%252509%252509%25257B%25250A%252509%252509%252509%252509%252509%252509%252509%252509%252522Value%252522%25253A%25252229.57%252522%25252C%25250A%252509%252509%252509%252509%252509%252509%252509%252509%252522Date%252522%25253A%2525222026-07-14T05%25253A23%25253A00Z%252522%25250A%252509%252509%252509%252509%252509%252509%252509%25257D%25252C%25250A%252509%252509%252509%252509%252509%252509%252509%25257B%25250A%252509%252509%252509%252509%252509%252509%252509%252509%252522Value%252522%25253A%25252229.57%252522%25252C%25250A%252509%252509%252509%252509%252509%252509%252509%252509%252522Date%252522%25253A%2525222026-07-14T05%25253A23%25253A05Z%252522%25250A%252509%252509%252509%252509%252509%252509%252509%25257D%25252C%25250A%252509%252509%252509%252509%252509%252509%252509%25257B%25250A%252509%252509%252509%252509%252509%252509%252509%252509%252522Value%252522%25253A%25252229.57%252522%25252C%25250A%252509%252509%252509%252509%252509%252509%252509%252509%252522Date%252522%25253A%2525222026-07-14T05%25253A23%25253A10Z%252522%25250A%252509%252509%252509%252509%252509%252509%252509%25257D%25252C%25250A%252509%252509%252509%252509%252509%252509%252509%25257B%25250A%252509%252509%252509%252509%252509%252509%252509%252509%252522Value%252522%25253A%25252229.57%252522%25252C%25250A%252509%252509%252509%252509%252509%252509%252509%252509%252522Date%252522%25253A%2525222026-07-14T05%25253A23%25253A15Z%252522%25250A%252509%252509%252509%252509%252509%252509%252509%25257D%25252C%25250A%252509%252509%252509%252509%252509%252509%252509%25257B%25250A%252509%252509%252509%252509%252509%252509%252509%252509%252522Value%252522%25253A%25252229.56%252522%25252C%25250A%252509%252509%252509%252509%252509%252509%252509%252509%252522Date%252522%25253A%2525222026-07-14T05%25253A23%25253A20Z%252522%25250A%252509%252509%252509%252509%252509%252509%252509%25257D%25252C%25250A%252509%252509%252509%252509%252509%252509%252509%25257B%25250A%252509%252509%252509%252509%252509%252509%252509%252509%252522Value%252522%25253A%25252229.56%252522%25252C%25250A%252509%252509%252509%252509%252509%252509%252509%252509%252522Date%252522%25253A%2525222026-07-14T05%25253A23%25253A25Z%252522%25250A%252509%252509%252509%252509%252509%252509%252509%25257D%25252C%25250A%252509%252509%252509%252509%252509%252509%252509%25257B%25250A%252509%252509%252509%252509%252509%252509%252509%252509%252522Value%252522%25253A%25252229.57%252522%25252C%25250A%252509%252509%252509%252509%252509%252509%252509%252509%252522Date%252522%25253A%2525222026-07-14T05%25253A23%25253A30Z%252522%25250A%252509%252509%252509%252509%252509%252509%252509%25257D%25252C%25250A%252509%252509%252509%252509%252509%252509%252509%25257B%25250A%252509%252509%252509%252509%252509%252509%252509%252509%252522Value%252522%25253A%25252229.57%252522%25252C%25250A%252509%252509%252509%252509%252509%252509%252509%252509%252522Date%252522%25253A%2525222026-07-14T05%25253A23%25253A35Z%252522%25250A%252509%252509%252509%252509%252509%252509%252509%25257D%25252C%25250A%252509%252509%252509%252509%252509%252509%252509%25257B%25250A%252509%252509%252509%252509%252509%252509%252509%252509%252522Value%252522%25253A%25252229.57%252522%25252C%25250A%252509%252509%252509%252509%252509%252509%252509%252509%252522Date%252522%25253A%2525222026-07-14T05%25253A23%25253A40Z%252522%25250A%252509%252509%252509%252509%252509%252509%252509%25257D%25252C%25250A%252509%252509%252509%252509%252509%252509%252509%25257B%25250A%252509%252509%252509%252509%252509%252509%252509%252509%252522Value%252522%25253A%25252229.57%252522%25252C%25250A%252509%252509%252509%252509%252509%252509%252509%252509%252522Date%252522%25253A%2525222026-07-14T05%25253A23%25253A45Z%252522%25250A%252509%252509%252509%252509%252509%252509%252509%25257D%25252C%25250A%252509%252509%252509%252509%252509%252509%252509%25257B%25250A%252509%252509%252509%252509%252509%252509%252509%252509%252522Value%252522%25253A%25252229.57%252522%25252C%25250A%252509%252509%252509%252509%252509%252509%252509%252509%252522Date%252522%25253A%2525222026-07-14T05%25253A23%25253A50Z%252522%25250A%252509%252509%252509%252509%252509%252509%252509%25257D%25252C%25250A%252509%252509%252509%252509%252509%252509%252509%25257B%25250A%252509%252509%252509%252509%252509%252509%252509%252509%252522Value%252522%25253A%25252229.57%252522%25252C%25250A%252509%252509%252509%252509%252509%252509%252509%252509%252522Date%252522%25253A%2525222026-07-14T05%25253A23%25253A55Z%252522%25250A%252509%252509%252509%252509%252509%252509%252509%25257D%25252C%25250A%252509%252509%252509%252509%252509%252509%252509%25257B%25250A%252509%252509%252509%252509%252509%252509%252509%252509%252522Value%252522%25253A%25252229.57%252522%25252C%25250A%252509%252509%252509%252509%252509%252509%252509%252509%252522Date%252522%25253A%2525222026-07-14T05%25253A24%25253A00Z%252522%25250A%252509%252509%252509%252509%252509%252509%252509%25257D%25252C%25250A%252509%252509%252509%252509%252509%252509%252509%25257B%25250A%252509%252509%252509%252509%252509%252509%252509%252509%252522Value%252522%25253A%25252229.57%252522%25252C%25250A%252509%252509%252509%252509%252509%252509%252509%252509%252522Date%252522%25253A%2525222026-07-14T05%25253A24%25253A05Z%252522%25250A%252509%252509%252509%252509%252509%252509%252509%25257D%25252C%25250A%252509%252509%252509%252509%252509%252509%252509%25257B%25250A%252509%252509%252509%252509%252509%252509%252509%252509%252522Value%252522%25253A%25252229.57%252522%25252C%25250A%252509%252509%252509%252509%252509%252509%252509%252509%252522Date%252522%25253A%2525222026-07-14T05%25253A24%25253A10Z%252522%25250A%252509%252509%252509%252509%252509%252509%252509%25257D%25252C%25250A%252509%252509%252509%252509%252509%252509%252509%25257B%25250A%252509%252509%252509%252509%252509%252509%252509%252509%252522Value%252522%25253A%25252229.57%252522%25252C%25250A%252509%252509%252509%252509%252509%252509%252509%252509%252522Date%252522%25253A%2525222026-07-14T05%25253A24%25253A15Z%252522%25250A%252509%252509%252509%252509%252509%252509%252509%25257D%25252C%25250A%252509%252509%252509%252509%252509%252509%252509%25257B%25250A%252509%252509%252509%252509%252509%252509%252509%252509%252522Value%252522%25253A%25252229.57%252522%25252C%25250A%252509%252509%252509%252509%252509%252509%252509%252509%252522Date%252522%25253A%2525222026-07-14T05%25253A24%25253A20Z%252522%25250A%252509%252509%252509%252509%252509%252509%252509%25257D%25252C%25250A%252509%252509%252509%252509%252509%252509%252509%25257B%25250A%252509%252509%252509%252509%252509%252509%252509%252509%252522Value%252522%25253A%25252229.56%252522%25252C%25250A%252509%252509%252509%252509%252509%252509%252509%252509%252522Date%252522%25253A%2525222026-07-14T05%25253A24%25253A25Z%252522%25250A%252509%252509%252509%252509%252509%252509%252509%25257D%25252C%25250A%252509%252509%252509%252509%252509%252509%252509%25257B%25250A%252509%252509%252509%252509%252509%252509%252509%252509%252522Value%252522%25253A%25252229.57%252522%25252C%25250A%252509%252509%252509%252509%252509%252509%252509%252509%252522Date%252522%25253A%2525222026-07-14T05%25253A24%25253A30Z%252522%25250A%252509%252509%252509%252509%252509%252509%252509%25257D%25252C%25250A%252509%252509%252509%252509%252509%252509%252509%25257B%25250A%252509%252509%252509%252509%252509%252509%252509%252509%252522Value%252522%25253A%25252229.57%252522%25252C%25250A%252509%252509%252509%252509%252509%252509%252509%252509%252522Date%252522%25253A%2525222026-07-14T05%25253A24%25253A35Z%252522%25250A%252509%252509%252509%252509%252509%252509%252509%25257D%25252C%25250A%252509%252509%252509%252509%252509%252509%252509%25257B%25250A%252509%252509%252509%252509%252509%252509%252509%252509%252522Value%252522%25253A%25252229.57%252522%25252C%25250A%252509%252509%252509%252509%252509%252509%252509%252509%252522Date%252522%25253A%2525222026-07-14T05%25253A24%25253A40Z%252522%25250A%252509%252509%252509%252509%252509%252509%252509%25257D%25252C%25250A%252509%252509%252509%252509%252509%252509%252509%25257B%25250A%252509%252509%252509%252509%252509%252509%252509%252509%252522Value%252522%25253A%25252229.57%252522%25252C%25250A%252509%252509%252509%252509%252509%252509%252509%252509%252522Date%252522%25253A%2525222026-07-14T05%25253A24%25253A45Z%252522%25250A%252509%252509%252509%252509%252509%252509%252509%25257D%25252C%25250A%252509%252509%252509%252509%252509%252509%252509%25257B%25250A%252509%252509%252509%252509%252509%252509%252509%252509%252522Value%252522%25253A%25252229.54%252522%25252C%25250A%252509%252509%252509%252509%252509%252509%252509%252509%252522Date%252522%25253A%2525222026-07-14T05%25253A24%25253A50Z%252522%25250A%252509%252509%252509%252509%252509%252509%252509%25257D%25252C%25250A%252509%252509%252509%252509%252509%252509%252509%25257B%25250A%252509%252509%252509%252509%252509%252509%252509%252509%252522Value%252522%25253A%25252229.54%252522%25252C%25250A%252509%252509%252509%252509%252509%252509%252509%252509%252522Date%252522%25253A%2525222026-07-14T05%25253A24%25253A55Z%252522%25250A%252509%252509%252509%252509%252509%252509%252509%25257D%25252C%25250A%252509%252509%252509%252509%252509%252509%252509%25257B%25250A%252509%252509%252509%252509%252509%252509%252509%252509%252522Value%252522%25253A%25252229.54%252522%25252C%25250A%252509%252509%252509%252509%252509%252509%252509%252509%252522Date%252522%25253A%2525222026-07-14T05%25253A25%25253A00Z%252522%25250A%252509%252509%252509%252509%252509%252509%252509%25257D%25252C%25250A%252509%252509%252509%252509%252509%252509%252509%25257B%25250A%252509%252509%252509%252509%252509%252509%252509%252509%252522Value%252522%25253A%25252229.54%252522%25252C%25250A%252509%252509%252509%252509%252509%252509%252509%252509%252522Date%252522%25253A%2525222026-07-14T05%25253A25%25253A05Z%252522%25250A%252509%252509%252509%252509%252509%252509%252509%25257D%25252C%25250A%252509%252509%252509%252509%252509%252509%252509%25257B%25250A%252509%252509%252509%252509%252509%252509%252509%252509%252522Value%252522%25253A%25252229.54%252522%25252C%25250A%252509%252509%252509%252509%252509%252509%252509%252509%252522Date%252522%25253A%2525222026-07-14T05%25253A25%25253A10Z%252522%25250A%252509%252509%252509%252509%252509%252509%252509%25257D%25252C%25250A%252509%252509%252509%252509%252509%252509%252509%25257B%25250A%252509%252509%252509%252509%252509%252509%252509%252509%252522Value%252522%25253A%25252229.54%252522%25252C%25250A%252509%252509%252509%252509%252509%252509%252509%252509%252522Date%252522%25253A%2525222026-07-14T05%25253A25%25253A15Z%252522%25250A%252509%252509%252509%252509%252509%252509%252509%25257D%25252C%25250A%252509%252509%252509%252509%252509%252509%252509%25257B%25250A%252509%252509%252509%252509%252509%252509%252509%252509%252522Value%252522%25253A%25252229.54%252522%25252C%25250A%252509%252509%252509%252509%252509%252509%252509%252509%252522Date%252522%25253A%2525222026-07-14T05%25253A25%25253A20Z%252522%25250A%252509%252509%252509%252509%252509%252509%252509%25257D%25252C%25250A%252509%252509%252509%252509%252509%252509%252509%25257B%25250A%252509%252509%252509%252509%252509%252509%252509%252509%252522Value%252522%25253A%25252229.51%252522%25252C%25250A%252509%252509%252509%252509%252509%252509%252509%252509%252522Date%252522%25253A%2525222026-07-14T05%25253A25%25253A25Z%252522%25250A%252509%252509%252509%252509%252509%252509%252509%25257D%25252C%25250A%252509%252509%252509%252509%252509%252509%252509%25257B%25250A%252509%252509%252509%252509%252509%252509%252509%252509%252522Value%252522%25253A%25252229.52%252522%25252C%25250A%252509%252509%252509%252509%252509%252509%252509%252509%252522Date%252522%25253A%2525222026-07-14T05%25253A25%25253A30Z%252522%25250A%252509%252509%252509%252509%252509%252509%252509%25257D%25252C%25250A%252509%252509%252509%252509%252509%252509%252509%25257B%25250A%252509%252509%252509%252509%252509%252509%252509%252509%252522Value%252522%25253A%25252229.52%252522%25252C%25250A%252509%252509%252509%252509%252509%252509%252509%252509%252522Date%252522%25253A%2525222026-07-14T05%25253A25%25253A35Z%252522%25250A%252509%252509%252509%252509%252509%252509%252509%25257D%25252C%25250A%252509%252509%252509%252509%252509%252509%252509%25257B%25250A%252509%252509%252509%252509%252509%252509%252509%252509%252522Value%252522%25253A%25252229.52%252522%25252C%25250A%252509%252509%252509%252509%252509%252509%252509%252509%252522Date%252522%25253A%2525222026-07-14T05%25253A25%25253A40Z%252522%25250A%252509%252509%252509%252509%252509%252509%252509%25257D%25252C%25250A%252509%252509%252509%252509%252509%252509%252509%25257B%25250A%252509%252509%252509%252509%252509%252509%252509%252509%252522Value%252522%25253A%25252229.53%252522%25252C%25250A%252509%252509%252509%252509%252509%252509%252509%252509%252522Date%252522%25253A%2525222026-07-14T05%25253A25%25253A45Z%252522%25250A%252509%252509%252509%252509%252509%252509%252509%25257D%25252C%25250A%252509%252509%252509%252509%252509%252509%252509%25257B%25250A%252509%252509%252509%252509%252509%252509%252509%252509%252522Value%252522%25253A%25252229.57%252522%25252C%25250A%252509%252509%252509%252509%252509%252509%252509%252509%252522Date%252522%25253A%2525222026-07-14T05%25253A25%25253A50Z%252522%25250A%252509%252509%252509%252509%252509%252509%252509%25257D%25252C%25250A%252509%252509%252509%252509%252509%252509%252509%25257B%25250A%252509%252509%252509%252509%252509%252509%252509%252509%252522Value%252522%25253A%25252229.57%252522%25252C%25250A%252509%252509%252509%252509%252509%252509%252509%252509%252522Date%252522%25253A%2525222026-07-14T05%25253A25%25253A55Z%252522%25250A%252509%252509%252509%252509%252509%252509%252509%25257D%25252C%25250A%252509%252509%252509%252509%252509%252509%252509%25257B%25250A%252509%252509%252509%252509%252509%252509%252509%252509%252522Value%252522%25253A%25252229.56%252522%25252C%25250A%252509%252509%252509%252509%252509%252509%252509%252509%252522Date%252522%25253A%2525222026-07-14T05%25253A26%25253A00Z%252522%25250A%252509%252509%252509%252509%252509%252509%252509%25257D%25252C%25250A%252509%252509%252509%252509%252509%252509%252509%25257B%25250A%252509%252509%252509%252509%252509%252509%252509%252509%252522Value%252522%25253A%25252229.57%252522%25252C%25250A%252509%252509%252509%252509%252509%252509%252509%252509%252522Date%252522%25253A%2525222026-07-14T05%25253A26%25253A05Z%252522%25250A%252509%252509%252509%252509%252509%252509%252509%25257D%25252C%25250A%252509%252509%252509%252509%252509%252509%252509%25257B%25250A%252509%252509%252509%252509%252509%252509%252509%252509%252522Value%252522%25253A%25252229.57%252522%25252C%25250A%252509%252509%252509%252509%252509%252509%252509%252509%252522Date%252522%25253A%2525222026-07-14T05%25253A26%25253A10Z%252522%25250A%252509%252509%252509%252509%252509%252509%252509%25257D%25252C%25250A%252509%252509%252509%252509%252509%252509%252509%25257B%25250A%252509%252509%252509%252509%252509%252509%252509%252509%252522Value%252522%25253A%25252229.57%252522%25252C%25250A%252509%252509%252509%252509%252509%252509%252509%252509%252522Date%252522%25253A%2525222026-07-14T05%25253A26%25253A15Z%252522%25250A%252509%252509%252509%252509%252509%252509%252509%25257D%25252C%25250A%252509%252509%252509%252509%252509%252509%252509%25257B%25250A%252509%252509%252509%252509%252509%252509%252509%252509%252522Value%252522%25253A%25252229.57%252522%25252C%25250A%252509%252509%252509%252509%252509%252509%252509%252509%252522Date%252522%25253A%2525222026-07-14T05%25253A26%25253A20Z%252522%25250A%252509%252509%252509%252509%252509%252509%252509%25257D%25252C%25250A%252509%252509%252509%252509%252509%252509%252509%25257B%25250A%252509%252509%252509%252509%252509%252509%252509%252509%252522Value%252522%25253A%25252229.54%252522%25252C%25250A%252509%252509%252509%252509%252509%252509%252509%252509%252522Date%252522%25253A%2525222026-07-14T05%25253A26%25253A25Z%252522%25250A%252509%252509%252509%252509%252509%252509%252509%25257D%25252C%25250A%252509%252509%252509%252509%252509%252509%252509%25257B%25250A%252509%252509%252509%252509%252509%252509%252509%252509%252522Value%252522%25253A%25252229.55%252522%25252C%25250A%252509%252509%252509%252509%252509%252509%252509%252509%252522Date%252522%25253A%2525222026-07-14T05%25253A26%25253A30Z%252522%25250A%252509%252509%252509%252509%252509%252509%252509%25257D%25252C%25250A%252509%252509%252509%252509%252509%252509%252509%25257B%25250A%252509%252509%252509%252509%252509%252509%252509%252509%252522Value%252522%25253A%25252229.57%252522%25252C%25250A%252509%252509%252509%252509%252509%252509%252509%252509%252522Date%252522%25253A%2525222026-07-14T05%25253A26%25253A35Z%252522%25250A%252509%252509%252509%252509%252509%252509%252509%25257D%25252C%25250A%252509%252509%252509%252509%252509%252509%252509%25257B%25250A%252509%252509%252509%252509%252509%252509%252509%252509%252522Value%252522%25253A%25252229.57%252522%25252C%25250A%252509%252509%252509%252509%252509%252509%252509%252509%252522Date%252522%25253A%2525222026-07-14T05%25253A26%25253A40Z%252522%25250A%252509%252509%252509%252509%252509%252509%252509%25257D%25252C%25250A%252509%252509%252509%252509%252509%252509%252509%25257B%25250A%252509%252509%252509%252509%252509%252509%252509%252509%252522Value%252522%25253A%25252229.57%252522%25252C%25250A%252509%252509%252509%252509%252509%252509%252509%252509%252522Date%252522%25253A%2525222026-07-14T05%25253A26%25253A45Z%252522%25250A%252509%252509%252509%252509%252509%252509%252509%25257D%25252C%25250A%252509%252509%252509%252509%252509%252509%252509%25257B%25250A%252509%252509%252509%252509%252509%252509%252509%252509%252522Value%252522%25253A%25252229.52%252522%25252C%25250A%252509%252509%252509%252509%252509%252509%252509%252509%252522Date%252522%25253A%2525222026-07-14T05%25253A26%25253A50Z%252522%25250A%252509%252509%252509%252509%252509%252509%252509%25257D%25252C%25250A%252509%252509%252509%252509%252509%252509%252509%25257B%25250A%252509%252509%252509%252509%252509%252509%252509%252509%252522Value%252522%25253A%25252229.52%252522%25252C%25250A%252509%252509%252509%252509%252509%252509%252509%252509%252522Date%252522%25253A%2525222026-07-14T05%25253A26%25253A55Z%252522%25250A%252509%252509%252509%252509%252509%252509%252509%25257D%25252C%25250A%252509%252509%252509%252509%252509%252509%252509%25257B%25250A%252509%252509%252509%252509%252509%252509%252509%252509%252522Value%252522%25253A%25252229.52%252522%25252C%25250A%252509%252509%252509%252509%252509%252509%252509%252509%252522Date%252522%25253A%2525222026-07-14T05%25253A27%25253A00Z%252522%25250A%252509%252509%252509%252509%252509%252509%252509%25257D%25252C%25250A%252509%252509%252509%252509%252509%252509%252509%25257B%25250A%252509%252509%252509%252509%252509%252509%252509%252509%252522Value%252522%25253A%25252229.52%252522%25252C%25250A%252509%252509%252509%252509%252509%252509%252509%252509%252522Date%252522%25253A%2525222026-07-14T05%25253A27%25253A05Z%252522%25250A%252509%252509%252509%252509%252509%252509%252509%25257D%25252C%25250A%252509%252509%252509%252509%252509%252509%252509%25257B%25250A%252509%252509%252509%252509%252509%252509%252509%252509%252522Value%252522%25253A%25252229.52%252522%25252C%25250A%252509%252509%252509%252509%252509%252509%252509%252509%252522Date%252522%25253A%2525222026-07-14T05%25253A27%25253A10Z%252522%25250A%252509%252509%252509%252509%252509%252509%252509%25257D%25252C%25250A%252509%252509%252509%252509%252509%252509%252509%25257B%25250A%252509%252509%252509%252509%252509%252509%252509%252509%252522Value%252522%25253A%25252229.52%252522%25252C%25250A%252509%252509%252509%252509%252509%252509%252509%252509%252522Date%252522%25253A%2525222026-07-14T05%25253A27%25253A15Z%252522%25250A%252509%252509%252509%252509%252509%252509%252509%25257D%25252C%25250A%252509%252509%252509%252509%252509%252509%252509%25257B%25250A%252509%252509%252509%252509%252509%252509%252509%252509%252522Value%252522%25253A%25252229.52%252522%25252C%25250A%252509%252509%252509%252509%252509%252509%252509%252509%252522Date%252522%25253A%2525222026-07-14T05%25253A27%25253A20Z%252522%25250A%252509%252509%252509%252509%252509%252509%252509%25257D%25252C%25250A%252509%252509%252509%252509%252509%252509%252509%25257B%25250A%252509%252509%252509%252509%252509%252509%252509%252509%252522Value%252522%25253A%25252229.62%252522%25252C%25250A%252509%252509%252509%252509%252509%252509%252509%252509%252522Date%252522%25253A%2525222026-07-14T05%25253A27%25253A25Z%252522%25250A%252509%252509%252509%252509%252509%252509%252509%25257D%25252C%25250A%252509%252509%252509%252509%252509%252509%252509%25257B%25250A%252509%252509%252509%252509%252509%252509%252509%252509%252522Value%252522%25253A%25252229.71%252522%25252C%25250A%252509%252509%252509%252509%252509%252509%252509%252509%252522Date%252522%25253A%2525222026-07-14T05%25253A27%25253A30Z%252522%25250A%252509%252509%252509%252509%252509%252509%252509%25257D%25252C%25250A%252509%252509%252509%252509%252509%252509%252509%25257B%25250A%252509%252509%252509%252509%252509%252509%252509%252509%252522Value%252522%25253A%25252229.71%252522%25252C%25250A%252509%252509%252509%252509%252509%252509%252509%252509%252522Date%252522%25253A%2525222026-07-14T05%25253A27%25253A35Z%252522%25250A%252509%252509%252509%252509%252509%252509%252509%25257D%25252C%25250A%252509%252509%252509%252509%252509%252509%252509%25257B%25250A%252509%252509%252509%252509%252509%252509%252509%252509%252522Value%252522%25253A%25252229.71%252522%25252C%25250A%252509%252509%252509%252509%252509%252509%252509%252509%252522Date%252522%25253A%2525222026-07-14T05%25253A27%25253A40Z%252522%25250A%252509%252509%252509%252509%252509%252509%252509%25257D%25252C%25250A%252509%252509%252509%252509%252509%252509%252509%25257B%25250A%252509%252509%252509%252509%252509%252509%252509%252509%252522Value%252522%25253A%25252229.71%252522%25252C%25250A%252509%252509%252509%252509%252509%252509%252509%252509%252522Date%252522%25253A%2525222026-07-14T05%25253A27%25253A45Z%252522%25250A%252509%252509%252509%252509%252509%252509%252509%25257D%25252C%25250A%252509%252509%252509%252509%252509%252509%252509%25257B%25250A%252509%252509%252509%252509%252509%252509%252509%252509%252522Value%252522%25253A%25252229.74%252522%25252C%25250A%252509%252509%252509%252509%252509%252509%252509%252509%252522Date%252522%25253A%2525222026-07-14T05%25253A27%25253A50Z%252522%25250A%252509%252509%252509%252509%252509%252509%252509%25257D%25252C%25250A%252509%252509%252509%252509%252509%252509%252509%25257B%25250A%252509%252509%252509%252509%252509%252509%252509%252509%252522Value%252522%25253A%25252229.75%252522%25252C%25250A%252509%252509%252509%252509%252509%252509%252509%252509%252522Date%252522%25253A%2525222026-07-14T05%25253A27%25253A55Z%252522%25250A%252509%252509%252509%252509%252509%252509%252509%25257D%25252C%25250A%252509%252509%252509%252509%252509%252509%252509%25257B%25250A%252509%252509%252509%252509%252509%252509%252509%252509%252522Value%252522%25253A%25252229.76%252522%25252C%25250A%252509%252509%252509%252509%252509%252509%252509%252509%252522Date%252522%25253A%2525222026-07-14T05%25253A28%25253A00Z%252522%25250A%252509%252509%252509%252509%252509%252509%252509%25257D%25252C%25250A%252509%252509%252509%252509%252509%252509%252509%25257B%25250A%252509%252509%252509%252509%252509%252509%252509%252509%252522Value%252522%25253A%25252229.76%252522%25252C%25250A%252509%252509%252509%252509%252509%252509%252509%252509%252522Date%252522%25253A%2525222026-07-14T05%25253A28%25253A05Z%252522%25250A%252509%252509%252509%252509%252509%252509%252509%25257D%25252C%25250A%252509%252509%252509%252509%252509%252509%252509%25257B%25250A%252509%252509%252509%252509%252509%252509%252509%252509%252522Value%252522%25253A%25252229.76%252522%25252C%25250A%252509%252509%252509%252509%252509%252509%252509%252509%252522Date%252522%25253A%2525222026-07-14T05%25253A28%25253A10Z%252522%25250A%252509%252509%252509%252509%252509%252509%252509%25257D%25252C%25250A%252509%252509%252509%252509%252509%252509%252509%25257B%25250A%252509%252509%252509%252509%252509%252509%252509%252509%252522Value%252522%25253A%25252229.76%252522%25252C%25250A%252509%252509%252509%252509%252509%252509%252509%252509%252522Date%252522%25253A%2525222026-07-14T05%25253A28%25253A15Z%252522%25250A%252509%252509%252509%252509%252509%252509%252509%25257D%25252C%25250A%252509%252509%252509%252509%252509%252509%252509%25257B%25250A%252509%252509%252509%252509%252509%252509%252509%252509%252522Value%252522%25253A%25252229.76%252522%25252C%25250A%252509%252509%252509%252509%252509%252509%252509%252509%252522Date%252522%25253A%2525222026-07-14T05%25253A28%25253A20Z%252522%25250A%252509%252509%252509%252509%252509%252509%252509%25257D%25252C%25250A%252509%252509%252509%252509%252509%252509%252509%25257B%25250A%252509%252509%252509%252509%252509%252509%252509%252509%252522Value%252522%25253A%25252229.75%252522%25252C%25250A%252509%252509%252509%252509%252509%252509%252509%252509%252522Date%252522%25253A%2525222026-07-14T05%25253A28%25253A25Z%252522%25250A%252509%252509%252509%252509%252509%252509%252509%25257D%25252C%25250A%252509%252509%252509%252509%252509%252509%252509%25257B%25250A%252509%252509%252509%252509%252509%252509%252509%252509%252522Value%252522%25253A%25252229.76%252522%25252C%25250A%252509%252509%252509%252509%252509%252509%252509%252509%252522Date%252522%25253A%2525222026-07-14T05%25253A28%25253A30Z%252522%25250A%252509%252509%252509%252509%252509%252509%252509%25257D%25252C%25250A%252509%252509%252509%252509%252509%252509%252509%25257B%25250A%252509%252509%252509%252509%252509%252509%252509%252509%252522Value%252522%25253A%25252229.76%252522%25252C%25250A%252509%252509%252509%252509%252509%252509%252509%252509%252522Date%252522%25253A%2525222026-07-14T05%25253A28%25253A35Z%252522%25250A%252509%252509%252509%252509%252509%252509%252509%25257D%25252C%25250A%252509%252509%252509%252509%252509%252509%252509%25257B%25250A%252509%252509%252509%252509%252509%252509%252509%252509%252522Value%252522%25253A%25252229.76%252522%25252C%25250A%252509%252509%252509%252509%252509%252509%252509%252509%252522Date%252522%25253A%2525222026-07-14T05%25253A28%25253A40Z%252522%25250A%252509%252509%252509%252509%252509%252509%252509%25257D%25252C%25250A%252509%252509%252509%252509%252509%252509%252509%25257B%25250A%252509%252509%252509%252509%252509%252509%252509%252509%252522Value%252522%25253A%25252229.76%252522%25252C%25250A%252509%252509%252509%252509%252509%252509%252509%252509%252522Date%252522%25253A%2525222026-07-14T05%25253A28%25253A45Z%252522%25250A%252509%252509%252509%252509%252509%252509%252509%25257D%25252C%25250A%252509%252509%252509%252509%252509%252509%252509%25257B%25250A%252509%252509%252509%252509%252509%252509%252509%252509%252522Value%252522%25253A%25252229.71%252522%25252C%25250A%252509%252509%252509%252509%252509%252509%252509%252509%252522Date%252522%25253A%2525222026-07-14T05%25253A28%25253A50Z%252522%25250A%252509%252509%252509%252509%252509%252509%252509%25257D%25252C%25250A%252509%252509%252509%252509%252509%252509%252509%25257B%25250A%252509%252509%252509%252509%252509%252509%252509%252509%252522Value%252522%25253A%25252229.71%252522%25252C%25250A%252509%252509%252509%252509%252509%252509%252509%252509%252522Date%252522%25253A%2525222026-07-14T05%25253A28%25253A55Z%252522%25250A%252509%252509%252509%252509%252509%252509%252509%25257D%25252C%25250A%252509%252509%252509%252509%252509%252509%252509%25257B%25250A%252509%252509%252509%252509%252509%252509%252509%252509%252522Value%252522%25253A%25252229.71%252522%25252C%25250A%252509%252509%252509%252509%252509%252509%252509%252509%252522Date%252522%25253A%2525222026-07-14T05%25253A29%25253A00Z%252522%25250A%252509%252509%252509%252509%252509%252509%252509%25257D%25252C%25250A%252509%252509%252509%252509%252509%252509%252509%25257B%25250A%252509%252509%252509%252509%252509%252509%252509%252509%252522Value%252522%25253A%25252229.71%252522%25252C%25250A%252509%252509%252509%252509%252509%252509%252509%252509%252522Date%252522%25253A%2525222026-07-14T05%25253A29%25253A05Z%252522%25250A%252509%252509%252509%252509%252509%252509%252509%25257D%25252C%25250A%252509%252509%252509%252509%252509%252509%252509%25257B%25250A%252509%252509%252509%252509%252509%252509%252509%252509%252522Value%252522%25253A%25252229.71%252522%25252C%25250A%252509%252509%252509%252509%252509%252509%252509%252509%252522Date%252522%25253A%2525222026-07-14T05%25253A29%25253A10Z%252522%25250A%252509%252509%252509%252509%252509%252509%252509%25257D%25252C%25250A%252509%252509%252509%252509%252509%252509%252509%25257B%25250A%252509%252509%252509%252509%252509%252509%252509%252509%252522Value%252522%25253A%25252229.71%252522%25252C%25250A%252509%252509%252509%252509%252509%252509%252509%252509%252522Date%252522%25253A%2525222026-07-14T05%25253A29%25253A15Z%252522%25250A%252509%252509%252509%252509%252509%252509%252509%25257D%25252C%25250A%252509%252509%252509%252509%252509%252509%252509%25257B%25250A%252509%252509%252509%252509%252509%252509%252509%252509%252522Value%252522%25253A%25252229.71%252522%25252C%25250A%252509%252509%252509%252509%252509%252509%252509%252509%252522Date%252522%25253A%2525222026-07-14T05%25253A29%25253A20Z%252522%25250A%252509%252509%252509%252509%252509%252509%252509%25257D%25252C%25250A%252509%252509%252509%252509%252509%252509%252509%25257B%25250A%252509%252509%252509%252509%252509%252509%252509%252509%252522Value%252522%25253A%25252229.71%252522%25252C%25250A%252509%252509%252509%252509%252509%252509%252509%252509%252522Date%252522%25253A%2525222026-07-14T05%25253A29%25253A25Z%252522%25250A%252509%252509%252509%252509%252509%252509%252509%25257D%25252C%25250A%252509%252509%252509%252509%252509%252509%252509%25257B%25250A%252509%252509%252509%252509%252509%252509%252509%252509%252522Value%252522%25253A%25252229.71%252522%25252C%25250A%252509%252509%252509%252509%252509%252509%252509%252509%252522Date%252522%25253A%2525222026-07-14T05%25253A29%25253A30Z%252522%25250A%252509%252509%252509%252509%252509%252509%252509%25257D%25252C%25250A%252509%252509%252509%252509%252509%252509%252509%25257B%25250A%252509%252509%252509%252509%252509%252509%252509%252509%252522Value%252522%25253A%25252229.71%252522%25252C%25250A%252509%252509%252509%252509%252509%252509%252509%252509%252522Date%252522%25253A%2525222026-07-14T05%25253A29%25253A35Z%252522%25250A%252509%252509%252509%252509%252509%252509%252509%25257D%25252C%25250A%252509%252509%252509%252509%252509%252509%252509%25257B%25250A%252509%252509%252509%252509%252509%252509%252509%252509%252522Value%252522%25253A%25252229.71%252522%25252C%25250A%252509%252509%252509%252509%252509%252509%252509%252509%252522Date%252522%25253A%2525222026-07-14T05%25253A29%25253A40Z%252522%25250A%252509%252509%252509%252509%252509%252509%252509%25257D%25252C%25250A%252509%252509%252509%252509%252509%252509%252509%25257B%25250A%252509%252509%252509%252509%252509%252509%252509%252509%252522Value%252522%25253A%25252229.7%252522%25252C%25250A%252509%252509%252509%252509%252509%252509%252509%252509%252522Date%252522%25253A%2525222026-07-14T05%25253A29%25253A45Z%252522%25250A%252509%252509%252509%252509%252509%252509%252509%25257D%25252C%25250A%252509%252509%252509%252509%252509%252509%252509%25257B%25250A%252509%252509%252509%252509%252509%252509%252509%252509%252522Value%252522%25253A%25252229.76%252522%25252C%25250A%252509%252509%252509%252509%252509%252509%252509%252509%252522Date%252522%25253A%2525222026-07-14T05%25253A29%25253A50Z%252522%25250A%252509%252509%252509%252509%252509%252509%252509%25257D%25252C%25250A%252509%252509%252509%252509%252509%252509%252509%25257B%25250A%252509%252509%252509%252509%252509%252509%252509%252509%252522Value%252522%25253A%25252229.76%252522%25252C%25250A%252509%252509%252509%252509%252509%252509%252509%252509%252522Date%252522%25253A%2525222026-07-14T05%25253A29%25253A55Z%252522%25250A%252509%252509%252509%252509%252509%252509%252509%25257D%25252C%25250A%252509%252509%252509%252509%252509%252509%252509%25257B%25250A%252509%252509%252509%252509%252509%252509%252509%252509%252522Value%252522%25253A%25252229.76%252522%25252C%25250A%252509%252509%252509%252509%252509%252509%252509%252509%252522Date%252522%25253A%2525222026-07-14T05%25253A30%25253A00Z%252522%25250A%252509%252509%252509%252509%252509%252509%252509%25257D%25252C%25250A%252509%252509%252509%252509%252509%252509%252509%25257B%25250A%252509%252509%252509%252509%252509%252509%252509%252509%252522Value%252522%25253A%25252229.76%252522%25252C%25250A%252509%252509%252509%252509%252509%252509%252509%252509%252522Date%252522%25253A%2525222026-07-14T05%25253A30%25253A05Z%252522%25250A%252509%252509%252509%252509%252509%252509%252509%25257D%25252C%25250A%252509%252509%252509%252509%252509%252509%252509%25257B%25250A%252509%252509%252509%252509%252509%252509%252509%252509%252522Value%252522%25253A%25252229.76%252522%25252C%25250A%252509%252509%252509%252509%252509%252509%252509%252509%252522Date%252522%25253A%2525222026-07-14T05%25253A30%25253A10Z%252522%25250A%252509%252509%252509%252509%252509%252509%252509%25257D%25252C%25250A%252509%252509%252509%252509%252509%252509%252509%25257B%25250A%252509%252509%252509%252509%252509%252509%252509%252509%252522Value%252522%25253A%25252229.76%252522%25252C%25250A%252509%252509%252509%252509%252509%252509%252509%252509%252522Date%252522%25253A%2525222026-07-14T05%25253A30%25253A15Z%252522%25250A%252509%252509%252509%252509%252509%252509%252509%25257D%25252C%25250A%252509%252509%252509%252509%252509%252509%252509%25257B%25250A%252509%252509%252509%252509%252509%252509%252509%252509%252522Value%252522%25253A%25252229.77%252522%25252C%25250A%252509%252509%252509%252509%252509%252509%252509%252509%252522Date%252522%25253A%2525222026-07-14T05%25253A30%25253A20Z%252522%25250A%252509%252509%252509%252509%252509%252509%252509%25257D%25252C%25250A%252509%252509%252509%252509%252509%252509%252509%25257B%25250A%252509%252509%252509%252509%252509%252509%252509%252509%252522Value%252522%25253A%25252229.75%252522%25252C%25250A%252509%252509%252509%252509%252509%252509%252509%252509%252522Date%252522%25253A%2525222026-07-14T05%25253A30%25253A25Z%252522%25250A%252509%252509%252509%252509%252509%252509%252509%25257D%25252C%25250A%252509%252509%252509%252509%252509%252509%252509%25257B%25250A%252509%252509%252509%252509%252509%252509%252509%252509%252522Value%252522%25253A%25252229.76%252522%25252C%25250A%252509%252509%252509%252509%252509%252509%252509%252509%252522Date%252522%25253A%2525222026-07-14T05%25253A30%25253A30Z%252522%25250A%252509%252509%252509%252509%252509%252509%252509%25257D%25252C%25250A%252509%252509%252509%252509%252509%252509%252509%25257B%25250A%252509%252509%252509%252509%252509%252509%252509%252509%252522Value%252522%25253A%25252229.76%252522%25252C%25250A%252509%252509%252509%252509%252509%252509%252509%252509%252522Date%252522%25253A%2525222026-07-14T05%25253A30%25253A35Z%252522%25250A%252509%252509%252509%252509%252509%252509%252509%25257D%25252C%25250A%252509%252509%252509%252509%252509%252509%252509%25257B%25250A%252509%252509%252509%252509%252509%252509%252509%252509%252522Value%252522%25253A%25252229.76%252522%25252C%25250A%252509%252509%252509%252509%252509%252509%252509%252509%252522Date%252522%25253A%2525222026-07-14T05%25253A30%25253A40Z%252522%25250A%252509%252509%252509%252509%252509%252509%252509%25257D%25252C%25250A%252509%252509%252509%252509%252509%252509%252509%25257B%25250A%252509%252509%252509%252509%252509%252509%252509%252509%252522Value%252522%25253A%25252229.76%252522%25252C%25250A%252509%252509%252509%252509%252509%252509%252509%252509%252522Date%252522%25253A%2525222026-07-14T05%25253A30%25253A45Z%252522%25250A%252509%252509%252509%252509%252509%252509%252509%25257D%25252C%25250A%252509%252509%252509%252509%252509%252509%252509%25257B%25250A%252509%252509%252509%252509%252509%252509%252509%252509%252522Value%252522%25253A%25252229.71%252522%25252C%25250A%252509%252509%252509%252509%252509%252509%252509%252509%252522Date%252522%25253A%2525222026-07-14T05%25253A30%25253A50Z%252522%25250A%252509%252509%252509%252509%252509%252509%252509%25257D%25252C%25250A%252509%252509%252509%252509%252509%252509%252509%25257B%25250A%252509%252509%252509%252509%252509%252509%252509%252509%252522Value%252522%25253A%25252229.71%252522%25252C%25250A%252509%252509%252509%252509%252509%252509%252509%252509%252522Date%252522%25253A%2525222026-07-14T05%25253A30%25253A55Z%252522%25250A%252509%252509%252509%252509%252509%252509%252509%25257D%25252C%25250A%252509%252509%252509%252509%252509%252509%252509%25257B%25250A%252509%252509%252509%252509%252509%252509%252509%252509%252522Value%252522%25253A%25252229.71%252522%25252C%25250A%252509%252509%252509%252509%252509%252509%252509%252509%252522Date%252522%25253A%2525222026-07-14T05%25253A31%25253A00Z%252522%25250A%252509%252509%252509%252509%252509%252509%252509%25257D%25252C%25250A%252509%252509%252509%252509%252509%252509%252509%25257B%25250A%252509%252509%252509%252509%252509%252509%252509%252509%252522Value%252522%25253A%25252229.71%252522%25252C%25250A%252509%252509%252509%252509%252509%252509%252509%252509%252522Date%252522%25253A%2525222026-07-14T05%25253A31%25253A05Z%252522%25250A%252509%252509%252509%252509%252509%252509%252509%25257D%25252C%25250A%252509%252509%252509%252509%252509%252509%252509%25257B%25250A%252509%252509%252509%252509%252509%252509%252509%252509%252522Value%252522%25253A%25252229.71%252522%25252C%25250A%252509%252509%252509%252509%252509%252509%252509%252509%252522Date%252522%25253A%2525222026-07-14T05%25253A31%25253A10Z%252522%25250A%252509%252509%252509%252509%252509%252509%252509%25257D%25252C%25250A%252509%252509%252509%252509%252509%252509%252509%25257B%25250A%252509%252509%252509%252509%252509%252509%252509%252509%252522Value%252522%25253A%25252229.71%252522%25252C%25250A%252509%252509%252509%252509%252509%252509%252509%252509%252522Date%252522%25253A%2525222026-07-14T05%25253A31%25253A15Z%252522%25250A%252509%252509%252509%252509%252509%252509%252509%25257D%25252C%25250A%252509%252509%252509%252509%252509%252509%252509%25257B%25250A%252509%252509%252509%252509%252509%252509%252509%252509%252522Value%252522%25253A%25252229.71%252522%25252C%25250A%252509%252509%252509%252509%252509%252509%252509%252509%252522Date%252522%25253A%2525222026-07-14T05%25253A31%25253A20Z%252522%25250A%252509%252509%252509%252509%252509%252509%252509%25257D%25252C%25250A%252509%252509%252509%252509%252509%252509%252509%25257B%25250A%252509%252509%252509%252509%252509%252509%252509%252509%252522Value%252522%25253A%25252229.71%252522%25252C%25250A%252509%252509%252509%252509%252509%252509%252509%252509%252522Date%252522%25253A%2525222026-07-14T05%25253A31%25253A25Z%252522%25250A%252509%252509%252509%252509%252509%252509%252509%25257D%25252C%25250A%252509%252509%252509%252509%252509%252509%252509%25257B%25250A%252509%252509%252509%252509%252509%252509%252509%252509%252522Value%252522%25253A%25252229.71%252522%25252C%25250A%252509%252509%252509%252509%252509%252509%252509%252509%252522Date%252522%25253A%2525222026-07-14T05%25253A31%25253A30Z%252522%25250A%252509%252509%252509%252509%252509%252509%252509%25257D%25252C%25250A%252509%252509%252509%252509%252509%252509%252509%25257B%25250A%252509%252509%252509%252509%252509%252509%252509%252509%252522Value%252522%25253A%25252229.71%252522%25252C%25250A%252509%252509%252509%252509%252509%252509%252509%252509%252522Date%252522%25253A%2525222026-07-14T05%25253A31%25253A35Z%252522%25250A%252509%252509%252509%252509%252509%252509%252509%25257D%25252C%25250A%252509%252509%252509%252509%252509%252509%252509%25257B%25250A%252509%252509%252509%252509%252509%252509%252509%252509%252522Value%252522%25253A%25252229.7%252522%25252C%25250A%252509%252509%252509%252509%252509%252509%252509%252509%252522Date%252522%25253A%2525222026-07-14T05%25253A31%25253A40Z%252522%25250A%252509%252509%252509%252509%252509%252509%252509%25257D%25252C%25250A%252509%252509%252509%252509%252509%252509%252509%25257B%25250A%252509%252509%252509%252509%252509%252509%252509%252509%252522Value%252522%25253A%25252229.71%252522%25252C%25250A%252509%252509%252509%252509%252509%252509%252509%252509%252522Date%252522%25253A%2525222026-07-14T05%25253A31%25253A45Z%252522%25250A%252509%252509%252509%252509%252509%252509%252509%25257D%25252C%25250A%252509%252509%252509%252509%252509%252509%252509%25257B%25250A%252509%252509%252509%252509%252509%252509%252509%252509%252522Value%252522%25253A%25252229.76%252522%25252C%25250A%252509%252509%252509%252509%252509%252509%252509%252509%252522Date%252522%25253A%2525222026-07-14T05%25253A31%25253A50Z%252522%25250A%252509%252509%252509%252509%252509%252509%252509%25257D%25252C%25250A%252509%252509%252509%252509%252509%252509%252509%25257B%25250A%252509%252509%252509%252509%252509%252509%252509%252509%252522Value%252522%25253A%25252229.76%252522%25252C%25250A%252509%252509%252509%252509%252509%252509%252509%252509%252522Date%252522%25253A%2525222026-07-14T05%25253A31%25253A55Z%252522%25250A%252509%252509%252509%252509%252509%252509%252509%25257D%25252C%25250A%252509%252509%252509%252509%252509%252509%252509%25257B%25250A%252509%252509%252509%252509%252509%252509%252509%252509%252522Value%252522%25253A%25252229.76%252522%25252C%25250A%252509%252509%252509%252509%252509%252509%252509%252509%252522Date%252522%25253A%2525222026-07-14T05%25253A32%25253A00Z%252522%25250A%252509%252509%252509%252509%252509%252509%252509%25257D%25252C%25250A%252509%252509%252509%252509%252509%252509%252509%25257B%25250A%252509%252509%252509%252509%252509%252509%252509%252509%252522Value%252522%25253A%25252229.76%252522%25252C%25250A%252509%252509%252509%252509%252509%252509%252509%252509%252522Date%252522%25253A%2525222026-07-14T05%25253A32%25253A05Z%252522%25250A%252509%252509%252509%252509%252509%252509%252509%25257D%25252C%25250A%252509%252509%252509%252509%252509%252509%252509%25257B%25250A%252509%252509%252509%252509%252509%252509%252509%252509%252522Value%252522%25253A%25252229.76%252522%25252C%25250A%252509%252509%252509%252509%252509%252509%252509%252509%252522Date%252522%25253A%2525222026-07-14T05%25253A32%25253A10Z%252522%25250A%252509%252509%252509%252509%252509%252509%252509%25257D%25252C%25250A%252509%252509%252509%252509%252509%252509%252509%25257B%25250A%252509%252509%252509%252509%252509%252509%252509%252509%252522Value%252522%25253A%25252229.75%252522%25252C%25250A%252509%252509%252509%252509%252509%252509%252509%252509%252522Date%252522%25253A%2525222026-07-14T05%25253A32%25253A15Z%252522%25250A%252509%252509%252509%252509%252509%252509%252509%25257D%25252C%25250A%252509%252509%252509%252509%252509%252509%252509%25257B%25250A%252509%252509%252509%252509%252509%252509%252509%252509%252522Value%252522%25253A%25252229.76%252522%25252C%25250A%252509%252509%252509%252509%252509%252509%252509%252509%252522Date%252522%25253A%2525222026-07-14T05%25253A32%25253A20Z%252522%25250A%252509%252509%252509%252509%252509%252509%252509%25257D%25252C%25250A%252509%252509%252509%252509%252509%252509%252509%25257B%25250A%252509%252509%252509%252509%252509%252509%252509%252509%252522Value%252522%25253A%25252229.86%252522%25252C%25250A%252509%252509%252509%252509%252509%252509%252509%252509%252522Date%252522%25253A%2525222026-07-14T05%25253A32%25253A25Z%252522%25250A%252509%252509%252509%252509%252509%252509%252509%25257D%25252C%25250A%252509%252509%252509%252509%252509%252509%252509%25257B%25250A%252509%252509%252509%252509%252509%252509%252509%252509%252522Value%252522%25253A%25252229.94%252522%25252C%25250A%252509%252509%252509%252509%252509%252509%252509%252509%252522Date%252522%25253A%2525222026-07-14T05%25253A32%25253A30Z%252522%25250A%252509%252509%252509%252509%252509%252509%252509%25257D%25252C%25250A%252509%252509%252509%252509%252509%252509%252509%25257B%25250A%252509%252509%252509%252509%252509%252509%252509%252509%252522Value%252522%25253A%25252229.95%252522%25252C%25250A%252509%252509%252509%252509%252509%252509%252509%252509%252522Date%252522%25253A%2525222026-07-14T05%25253A32%25253A35Z%252522%25250A%252509%252509%252509%252509%252509%252509%252509%25257D%25252C%25250A%252509%252509%252509%252509%252509%252509%252509%25257B%25250A%252509%252509%252509%252509%252509%252509%252509%252509%252522Value%252522%25253A%25252229.96%252522%25252C%25250A%252509%252509%252509%252509%252509%252509%252509%252509%252522Date%252522%25253A%2525222026-07-14T05%25253A32%25253A40Z%252522%25250A%252509%252509%252509%252509%252509%252509%252509%25257D%25252C%25250A%252509%252509%252509%252509%252509%252509%252509%25257B%25250A%252509%252509%252509%252509%252509%252509%252509%252509%252522Value%252522%25253A%25252229.96%252522%25252C%25250A%252509%252509%252509%252509%252509%252509%252509%252509%252522Date%252522%25253A%2525222026-07-14T05%25253A32%25253A45Z%252522%25250A%252509%252509%252509%252509%252509%252509%252509%25257D%25252C%25250A%252509%252509%252509%252509%252509%252509%252509%25257B%25250A%252509%252509%252509%252509%252509%252509%252509%252509%252522Value%252522%25253A%25252229.96%252522%25252C%25250A%252509%252509%252509%252509%252509%252509%252509%252509%252522Date%252522%25253A%2525222026-07-14T05%25253A32%25253A50Z%252522%25250A%252509%252509%252509%252509%252509%252509%252509%25257D%25252C%25250A%252509%252509%252509%252509%252509%252509%252509%25257B%25250A%252509%252509%252509%252509%252509%252509%252509%252509%252522Value%252522%25253A%25252229.94%252522%25252C%25250A%252509%252509%252509%252509%252509%252509%252509%252509%252522Date%252522%25253A%2525222026-07-14T05%25253A32%25253A55Z%252522%25250A%252509%252509%252509%252509%252509%252509%252509%25257D%25252C%25250A%252509%252509%252509%252509%252509%252509%252509...%2526headers%253D%25257B%252522Content-Type%252522%25253A%252522application%25252Fx-www-form-urlencoded%252522%25257D%2526rtype%253Dxhr%2526plugin_version%253D3.2.4%2526ts%253D1784010223954%2526type%253Dapi%26cache%3D8aadc51%26jsver%3Daplus.js%26lver%3D1.13.27%26customSdkId%3D%26platformType%3Dpc%26device_model%3DMacintosh%26os%3DMac%20OS%20X%26os_version%3D10.15.7%26o%3Dmac%26w%3Dwebkit%26s%3D1280x720%26scr%3D1280x720%26m%3D%26ism%3Dmac%26p%3D1%26b%3Dchrome149%26tag%3D0%26stag%3D-3%26lstag%3D-1%26_g_encode%3Dutf-8&cna=&spm-cnt=5176.19908494.0.0.52d91450cxuUDN&spm-url=5176.28369458.0.0.36961450Jepyio&_gr_uid_=1048726631550559&uidaplus=1048726631550559&logtype=2&scr=1280x720&_p_url=https%3A%2F%2Frdsnext.console.aliyun.com%2Fdetail%2Fpgm-wz9t7bv5jsk55jh1%2FmonitorAlarm%3Fspm%3D5176.28369458.0.0.36961450Jepyio%26region%3Dcn-shenzhen%26DedicatedHostGroupId%3D:0
[  595148ms] [WARNING] [APLUS] -- 日志上报失败，注意，要切成动态网络啦! @ :2
[  595148ms] [WARNING] [APLUS] -- 日志上报失败，注意，要切成动态网络啦! @ :2
[  595149ms] [ERROR] Failed to load resource: net::ERR_CONNECTION_CLOSED @ https://d-gm.mmstat.com/aes.1.1?gmkey=EXP&gokey=uidaplus%3D1048726631550559%26spm-url%3D5176.28369458.0.0.36961450Jepyio%26spm-pre%3D%26spm-cnt%3D5176.19908494.0.0.52d91450cxuUDN%26_f_t%3Dfalse%26pid%3Drdsnext%26sdk_version%3D3.3.18%26pv_id%3DLJQGceZrM3uv2y5lenKW%26timezone_offset%3D-480%26title%3DRDS%25E7%25AE%25A1%25E7%2590%2586%25E6%258E%25A7%25E5%2588%25B6%25E5%258F%25B0%26spm_a%3D5176%26spm_b%3D19908494%26dpi%3D1%26sr%3D1280x720%26platform%3Dweb%26language%3Den-US%26user_type%3D6%26uid%3D1048726631550559%26env%3Dprod%26downlink%3D10%26net_type%3D4g%26page_id%3D%252Fdetail%252F%253ADBInstanceId%252FmonitorAlarm%26user_agent_data%3D%257B%2522mobile%2522%253Afalse%252C%2522model%2522%253A%2522%2522%252C%2522platform%2522%253A%2522macOS%2522%252C%2522platformVersion%2522%253A%252226.5.2%2522%252C%2522fullVersionList%2522%253A%255B%257B%2522brand%2522%253A%2522Google%2520Chrome%2522%252C%2522version%2522%253A%2522149.0.7827.201%2522%257D%252C%257B%2522brand%2522%253A%2522Chromium%2522%252C%2522version%2522%253A%2522149.0.7827.201%2522%257D%252C%257B%2522brand%2522%253A%2522Not)A%253BBrand%2522%252C%2522version%2522%253A%252224.0.0.0%2522%257D%255D%257D%26origin_url%3Dhttps%253A%252F%252Frdsnext.console.aliyun.com%252Fdetail%252Fpgm-wz9t7bv5jsk55jh1%252FmonitorAlarm%253Fspm%253D5176.28369458.0.0.36961450Jepyio%2526region%253Dcn-shenzhen%2526DedicatedHostGroupId%253D%26msg%3Durl%253DDescribeDBInstancePerformance%2526method%253DPOST%2526success%253Dtrue%2526msg%253D019F5F4B-B01F-5A97-8C71-C47C2CAFE689%2526status%253D200%2526code%253D200%2526duration%253D452%2526trace_id%253D1a0f4b2d17840102236137325e8a1f%2526params%253D__action%25253DDescribeDBInstancePerformance%2526body%253Dproduct%25253Drds%252526action%25253DDescribeDBInstancePerformance%252526params%25253D%2525257B%25252522StartTime%25252522%2525253A%252525222026-07-14T05%2525253A23Z%25252522%2525252C%25252522EndTime%25252522%2525253A%252525222026-07-14T06%2525253A23Z%25252522%2525252C%25252522key%25252522%2525253A%25252522PgSQLLocalDiskUsageSTAT%25252522%2525252C%25252522dBInstanceId%25252522%2525253A%25252522pgm-wz9t7bv5jsk55jh1%25252522%2525252C%25252522UseNullWhenMissingPoint%25252522%2525253Atrue%2525252C%25252522RegionId%25252522%2525253A%25252522cn-shenzhen%25252522%2525257D%252526sec_token%25253DeIrlFmLDgToEOzMPbhI438%252526umid%25253DY29b3ca4c152f1edb542c34bd8848d7a8%252526collina%25253D140%25252523tZfD%2525252B49jzzPYAQo24xHF43SXhQKnaYvqPjBApIdcjK7PvBHRLskY4O%2525252FqM9zps04ReXnEfGDfzPiolp1zzX7H8iN%2525252Fvbzx3m8za3Etzzrb22U3l6GoJD2jV8EtqzHFmiDod6txDL1OD1AUeIrLgPvJiSlfDbNlHEHnZuTtr%2525252BLoNRGtQbftESlaSdW7tAkMMzZQuFDpzu0s2MYXlZjlzNqeIP%2525252BtcHKWLXZkqZPexTNbLycBM5UBoKcRbzplqOkKmYdPCoano98THxVqe0cwDFcCib9YuqarHi6%2525252FWUhtrLD5FWhkEdDHrQYmvUxStsgOZK9yuFJVd381Zdw68EJOdDrSV1h%2525252FtFzz2Prt76CZmF1AaHmijDapV4qcdh3ijZpraYBv9fCXafRH3IDUMeGLDmntcYtqaWWnuzgluMAmk9%2525252BZ48xEGsD4EmfDQ%2525252FKT3uz3sfg1u5ux%2525252FcpeMInRcoIlGL7WtOqsxTmfBQDziEd3b7lMV9v6s3SkLtAGzBbxRbknY2%2525252BDPFC2GLN%2525252Bqf%2525252Bp2AwUk5KBSUF%2525252BIqGaABPhso7oASvoyb37%2525252BkkzcH5DAVSx%2525252BDgjapQIFSkxJ1lwYmVFoUIkiEASZho%2525252BdYuyQRMnx2vQLa4I%2525252BUIFe3dRJDtw6T%2525252FPRsE1NVdiPMjvKiXwTxncVNfyA2ZJ4PTj6TOoamx1e3uHvM2PxGnzTdRpkj1lWBNDw73OKMcSZQ4X9bgDOzpysWDoMfkl2O82afvl8s9rbrIUrvP9Gvokgt9kpGoYxGHjDxdkcyS%2525252FIcXT5OoGfBraUKmcxjMy%2525252FX%2525252B1qS0nU8nBSkZhA9oBmrVf8kpUsqR97JxKSFgf7%2525252ForKyL43QdsqX6FWIFbrzcsSyEkvpNTnyZ8oKJqPInmtmIdYyQQhrP8YhM73Phf84vru0yuYTy%2525252FSrSKefBDzcttaYKINTJem7iOPX9MfnIyzke401HPWyjr9kNZzRw0JC2UBnQOV5rQaF9w16gX586Rg8pYw00hqKA6X%2525252FKOyqJfQNBtwcbjanlqBPdspljiLtbg9iMQkroybwO1jtGi3AeyDlyfHjXt4ct8kJF%2525252BJlUis2l0w1tyNUru76OFmVz%2525253D%252526region%25253Dcn-shenzhen%2526response%253D%25257B%25250A%252509%252522code%252522%25253A%252522200%252522%25252C%25250A%252509%252522data%252522%25253A%25257B%25250A%252509%252509%252522PerformanceKeys%252522%25253A%25257B%25250A%252509%252509%252509%252522PerformanceKey%252522%25253A%25255B%25250A%252509%252509%252509%252509%25257B%25250A%252509%252509%252509%252509%252509%252522ValueFormat%252522%25253A%252522mean_local_fs_size_usage%252522%25252C%25250A%252509%252509%252509%252509%252509%252522Values%252522%25253A%25257B%25250A%252509%252509%252509%252509%252509%252509%252522PerformanceValue%252522%25253A%25255B%25250A%252509%252509%252509%252509%252509%252509%252509%25257B%25250A%252509%252509%252509%252509%252509%252509%252509%252509%252522Value%252522%25253A%2525224.29%252522%25252C%25250A%252509%252509%252509%252509%252509%252509%252509%252509%252522Date%252522%25253A%2525222026-07-14T05%25253A23%25253A00Z%252522%25250A%252509%252509%252509%252509%252509%252509%252509%25257D%25252C%25250A%252509%252509%252509%252509%252509%252509%252509%25257B%25250A%252509%252509%252509%252509%252509%252509%252509%252509%252522Value%252522%25253A%2525224.29%252522%25252C%25250A%252509%252509%252509%252509%252509%252509%252509%252509%252522Date%252522%25253A%2525222026-07-14T05%25253A23%25253A05Z%252522%25250A%252509%252509%252509%252509%252509%252509%252509%25257D%25252C%25250A%252509%252509%252509%252509%252509%252509%252509%25257B%25250A%252509%252509%252509%252509%252509%252509%252509%252509%252522Value%252522%25253A%2525224.29%252522%25252C%25250A%252509%252509%252509%252509%252509%252509%252509%252509%252522Date%252522%25253A%2525222026-07-14T05%25253A23%25253A10Z%252522%25250A%252509%252509%252509%252509%252509%252509%252509%25257D%25252C%25250A%252509%252509%252509%252509%252509%252509%252509%25257B%25250A%252509%252509%252509%252509%252509%252509%252509%252509%252522Value%252522%25253A%2525224.29%252522%25252C%25250A%252509%252509%252509%252509%252509%252509%252509%252509%252522Date%252522%25253A%2525222026-07-14T05%25253A23%25253A15Z%252522%25250A%252509%252509%252509%252509%252509%252509%252509%25257D%25252C%25250A%252509%252509%252509%252509%252509%252509%252509%25257B%25250A%252509%252509%252509%252509%252509%252509%252509%252509%252522Value%252522%25253A%2525224.29%252522%25252C%25250A%252509%252509%252509%252509%252509%252509%252509%252509%252522Date%252522%25253A%2525222026-07-14T05%25253A23%25253A20Z%252522%25250A%252509%252509%252509%252509%252509%252509%252509%25257D%25252C%25250A%252509%252509%252509%252509%252509%252509%252509%25257B%25250A%252509%252509%252509%252509%252509%252509%252509%252509%252522Value%252522%25253A%2525224.29%252522%25252C%25250A%252509%252509%252509%252509%252509%252509%252509%252509%252522Date%252522%25253A%2525222026-07-14T05%25253A23%25253A25Z%252522%25250A%252509%252509%252509%252509%252509%252509%252509%25257D%25252C%25250A%252509%252509%252509%252509%252509%252509%252509%25257B%25250A%252509%252509%252509%252509%252509%252509%252509%252509%252522Value%252522%25253A%2525224.29%252522%25252C%25250A%252509%252509%252509%252509%252509%252509%252509%252509%252522Date%252522%25253A%2525222026-07-14T05%25253A23%25253A30Z%252522%25250A%252509%252509%252509%252509%252509%252509%252509%25257D%25252C%25250A%252509%252509%252509%252509%252509%252509%252509%25257B%25250A%252509%252509%252509%252509%252509%252509%252509%252509%252522Value%252522%25253A%2525224.29%252522%25252C%25250A%252509%252509%252509%252509%252509%252509%252509%252509%252522Date%252522%25253A%2525222026-07-14T05%25253A23%25253A35Z%252522%25250A%252509%252509%252509%252509%252509%252509%252509%25257D%25252C%25250A%252509%252509%252509%252509%252509%252509%252509%25257B%25250A%252509%252509%252509%252509%252509%252509%252509%252509%252522Value%252522%25253A%2525224.29%252522%25252C%25250A%252509%252509%252509%252509%252509%252509%252509%252509%252522Date%252522%25253A%2525222026-07-14T05%25253A23%25253A40Z%252522%25250A%252509%252509%252509%252509%252509%252509%252509%25257D%25252C%25250A%252509%252509%252509%252509%252509%252509%252509%25257B%25250A%252509%252509%252509%252509%252509%252509%252509%252509%252522Value%252522%25253A%2525224.29%252522%25252C%25250A%252509%252509%252509%252509%252509%252509%252509%252509%252522Date%252522%25253A%2525222026-07-14T05%25253A23%25253A45Z%252522%25250A%252509%252509%252509%252509%252509%252509%252509%25257D%25252C%25250A%252509%252509%252509%252509%252509%252509%252509%25257B%25250A%252509%252509%252509%252509%252509%252509%252509%252509%252522Value%252522%25253A%2525224.29%252522%25252C%25250A%252509%252509%252509%252509%252509%252509%252509%252509%252522Date%252522%25253A%2525222026-07-14T05%25253A23%25253A50Z%252522%25250A%252509%252509%252509%252509%252509%252509%252509%25257D%25252C%25250A%252509%252509%252509%252509%252509%252509%252509%25257B%25250A%252509%252509%252509%252509%252509%252509%252509%252509%252522Value%252522%25253A%2525224.29%252522%25252C%25250A%252509%252509%252509%252509%252509%252509%252509%252509%252522Date%252522%25253A%2525222026-07-14T05%25253A23%25253A55Z%252522%25250A%252509%252509%252509%252509%252509%252509%252509%25257D%25252C%25250A%252509%252509%252509%252509%252509%252509%252509%25257B%25250A%252509%252509%252509%252509%252509%252509%252509%252509%252522Value%252522%25253A%2525224.29%252522%25252C%25250A%252509%252509%252509%252509%252509%252509%252509%252509%252522Date%252522%25253A%2525222026-07-14T05%25253A24%25253A00Z%252522%25250A%252509%252509%252509%252509%252509%252509%252509%25257D%25252C%25250A%252509%252509%252509%252509%252509%252509%252509%25257B%25250A%252509%252509%252509%252509%252509%252509%252509%252509%252522Value%252522%25253A%2525224.29%252522%25252C%25250A%252509%252509%252509%252509%252509%252509%252509%252509%252522Date%252522%25253A%2525222026-07-14T05%25253A24%25253A05Z%252522%25250A%252509%252509%252509%252509%252509%252509%252509%25257D%25252C%25250A%252509%252509%252509%252509%252509%252509%252509%25257B%25250A%252509%252509%252509%252509%252509%252509%252509%252509%252522Value%252522%25253A%2525224.29%252522%25252C%25250A%252509%252509%252509%252509%252509%252509%252509%252509%252522Date%252522%25253A%2525222026-07-14T05%25253A24%25253A10Z%252522%25250A%252509%252509%252509%252509%252509%252509%252509%25257D%25252C%25250A%252509%252509%252509%252509%252509%252509%252509%25257B%25250A%252509%252509%252509%252509%252509%252509%252509%252509%252522Value%252522%25253A%2525224.29%252522%25252C%25250A%252509%252509%252509%252509%252509%252509%252509%252509%252522Date%252522%25253A%2525222026-07-14T05%25253A24%25253A15Z%252522%25250A%252509%252509%252509%252509%252509%252509%252509%25257D%25252C%25250A%252509%252509%252509%252509%252509%252509%252509%25257B%25250A%252509%252509%252509%252509%252509%252509%252509%252509%252522Value%252522%25253A%2525224.29%252522%25252C%25250A%252509%252509%252509%252509%252509%252509%252509%252509%252522Date%252522%25253A%2525222026-07-14T05%25253A24%25253A20Z%252522%25250A%252509%252509%252509%252509%252509%252509%252509%25257D%25252C%25250A%252509%252509%252509%252509%252509%252509%252509%25257B%25250A%252509%252509%252509%252509%252509%252509%252509%252509%252522Value%252522%25253A%2525224.29%252522%25252C%25250A%252509%252509%252509%252509%252509%252509%252509%252509%252522Date%252522%25253A%2525222026-07-14T05%25253A24%25253A25Z%252522%25250A%252509%252509%252509%252509%252509%252509%252509%25257D%25252C%25250A%252509%252509%252509%252509%252509%252509%252509%25257B%25250A%252509%252509%252509%252509%252509%252509%252509%252509%252522Value%252522%25253A%2525224.29%252522%25252C%25250A%252509%252509%252509%252509%252509%252509%252509%252509%252522Date%252522%25253A%2525222026-07-14T05%25253A24%25253A30Z%252522%25250A%252509%252509%252509%252509%252509%252509%252509%25257D%25252C%25250A%252509%252509%252509%252509%252509%252509%252509%25257B%25250A%252509%252509%252509%252509%252509%252509%252509%252509%252522Value%252522%25253A%2525224.29%252522%25252C%25250A%252509%252509%252509%252509%252509%252509%252509%252509%252522Date%252522%25253A%2525222026-07-14T05%25253A24%25253A35Z%252522%25250A%252509%252509%252509%252509%252509%252509%252509%25257D%25252C%25250A%252509%252509%252509%252509%252509%252509%252509%25257B%25250A%252509%252509%252509%252509%252509%252509%252509%252509%252522Value%252522%25253A%2525224.29%252522%25252C%25250A%252509%252509%252509%252509%252509%252509%252509%252509%252522Date%252522%25253A%2525222026-07-14T05%25253A24%25253A40Z%252522%25250A%252509%252509%252509%252509%252509%252509%252509%25257D%25252C%25250A%252509%252509%252509%252509%252509%252509%252509%25257B%25250A%252509%252509%252509%252509%252509%252509%252509%252509%252522Value%252522%25253A%2525224.29%252522%25252C%25250A%252509%252509%252509%252509%252509%252509%252509%252509%252522Date%252522%25253A%2525222026-07-14T05%25253A24%25253A45Z%252522%25250A%252509%252509%252509%252509%252509%252509%252509%25257D%25252C%25250A%252509%252509%252509%252509%252509%252509%252509%25257B%25250A%252509%252509%252509%252509%252509%252509%252509%252509%252522Value%252522%25253A%2525224.29%252522%25252C%25250A%252509%252509%252509%252509%252509%252509%252509%252509%252522Date%252522%25253A%2525222026-07-14T05%25253A24%25253A50Z%252522%25250A%252509%252509%252509%252509%252509%252509%252509%25257D%25252C%25250A%252509%252509%252509%252509%252509%252509%252509%25257B%25250A%252509%252509%252509%252509%252509%252509%252509%252509%252522Value%252522%25253A%2525224.29%252522%25252C%25250A%252509%252509%252509%252509%252509%252509%252509%252509%252522Date%252522%25253A%2525222026-07-14T05%25253A24%25253A55Z%252522%25250A%252509%252509%252509%252509%252509%252509%252509%25257D%25252C%25250A%252509%252509%252509%252509%252509%252509%252509%25257B%25250A%252509%252509%252509%252509%252509%252509%252509%252509%252522Value%252522%25253A%2525224.29%252522%25252C%25250A%252509%252509%252509%252509%252509%252509%252509%252509%252522Date%252522%25253A%2525222026-07-14T05%25253A25%25253A00Z%252522%25250A%252509%252509%252509%252509%252509%252509%252509%25257D%25252C%25250A%252509%252509%252509%252509%252509%252509%252509%25257B%25250A%252509%252509%252509%252509%252509%252509%252509%252509%252522Value%252522%25253A%2525224.29%252522%25252C%25250A%252509%252509%252509%252509%252509%252509%252509%252509%252522Date%252522%25253A%2525222026-07-14T05%25253A25%25253A05Z%252522%25250A%252509%252509%252509%252509%252509%252509%252509%25257D%25252C%25250A%252509%252509%252509%252509%252509%252509%252509%25257B%25250A%252509%252509%252509%252509%252509%252509%252509%252509%252522Value%252522%25253A%2525224.29%252522%25252C%25250A%252509%252509%252509%252509%252509%252509%252509%252509%252522Date%252522%25253A%2525222026-07-14T05%25253A25%25253A10Z%252522%25250A%252509%252509%252509%252509%252509%252509%252509%25257D%25252C%25250A%252509%252509%252509%252509%252509%252509%252509%25257B%25250A%252509%252509%252509%252509%252509%252509%252509%252509%252522Value%252522%25253A%2525224.29%252522%25252C%25250A%252509%252509%252509%252509%252509%252509%252509%252509%252522Date%252522%25253A%2525222026-07-14T05%25253A25%25253A15Z%252522%25250A%252509%252509%252509%252509%252509%252509%252509%25257D%25252C%25250A%252509%252509%252509%252509%252509%252509%252509%25257B%25250A%252509%252509%252509%252509%252509%252509%252509%252509%252522Value%252522%25253A%2525224.29%252522%25252C%25250A%252509%252509%252509%252509%252509%252509%252509%252509%252522Date%252522%25253A%2525222026-07-14T05%25253A25%25253A20Z%252522%25250A%252509%252509%252509%252509%252509%252509%252509%25257D%25252C%25250A%252509%252509%252509%252509%252509%252509%252509%25257B%25250A%252509%252509%252509%252509%252509%252509%252509%252509%252522Value%252522%25253A%2525224.29%252522%25252C%25250A%252509%252509%252509%252509%252509%252509%252509%252509%252522Date%252522%25253A%2525222026-07-14T05%25253A25%25253A25Z%252522%25250A%252509%252509%252509%252509%252509%252509%252509%25257D%25252C%25250A%252509%252509%252509%252509%252509%252509%252509%25257B%25250A%252509%252509%252509%252509%252509%252509%252509%252509%252522Value%252522%25253A%2525224.29%252522%25252C%25250A%252509%252509%252509%252509%252509%252509%252509%252509%252522Date%252522%25253A%2525222026-07-14T05%25253A25%25253A30Z%252522%25250A%252509%252509%252509%252509%252509%252509%252509%25257D%25252C%25250A%252509%252509%252509%252509%252509%252509%252509%25257B%25250A%252509%252509%252509%252509%252509%252509%252509%252509%252522Value%252522%25253A%2525224.29%252522%25252C%25250A%252509%252509%252509%252509%252509%252509%252509%252509%252522Date%252522%25253A%2525222026-07-14T05%25253A25%25253A35Z%252522%25250A%252509%252509%252509%252509%252509%252509%252509%25257D%25252C%25250A%252509%252509%252509%252509%252509%252509%252509%25257B%25250A%252509%252509%252509%252509%252509%252509%252509%252509%252522Value%252522%25253A%2525224.29%252522%25252C%25250A%252509%252509%252509%252509%252509%252509%252509%252509%252522Date%252522%25253A%2525222026-07-14T05%25253A25%25253A40Z%252522%25250A%252509%252509%252509%252509%252509%252509%252509%25257D%25252C%25250A%252509%252509%252509%252509%252509%252509%252509%25257B%25250A%252509%252509%252509%252509%252509%252509%252509%252509%252522Value%252522%25253A%2525224.29%252522%25252C%25250A%252509%252509%252509%252509%252509%252509%252509%252509%252522Date%252522%25253A%2525222026-07-14T05%25253A25%25253A45Z%252522%25250A%252509%252509%252509%252509%252509%252509%252509%25257D%25252C%25250A%252509%252509%252509%252509%252509%252509%252509%25257B%25250A%252509%252509%252509%252509%252509%252509%252509%252509%252522Value%252522%25253A%2525224.29%252522%25252C%25250A%252509%252509%252509%252509%252509%252509%252509%252509%252522Date%252522%25253A%2525222026-07-14T05%25253A25%25253A50Z%252522%25250A%252509%252509%252509%252509%252509%252509%252509%25257D%25252C%25250A%252509%252509%252509%252509%252509%252509%252509%25257B%25250A%252509%252509%252509%252509%252509%252509%252509%252509%252522Value%252522%25253A%2525224.29%252522%25252C%25250A%252509%252509%252509%252509%252509%252509%252509%252509%252522Date%252522%25253A%2525222026-07-14T05%25253A25%25253A55Z%252522%25250A%252509%252509%252509%252509%252509%252509%252509%25257D%25252C%25250A%252509%252509%252509%252509%252509%252509%252509%25257B%25250A%252509%252509%252509%252509%252509%252509%252509%252509%252522Value%252522%25253A%2525224.29%252522%25252C%25250A%252509%252509%252509%252509%252509%252509%252509%252509%252522Date%252522%25253A%2525222026-07-14T05%25253A26%25253A00Z%252522%25250A%252509%252509%252509%252509%252509%252509%252509%25257D%25252C%25250A%252509%252509%252509%252509%252509%252509%252509%25257B%25250A%252509%252509%252509%252509%252509%252509%252509%252509%252522Value%252522%25253A%2525224.29%252522%25252C%25250A%252509%252509%252509%252509%252509%252509%252509%252509%252522Date%252522%25253A%2525222026-07-14T05%25253A26%25253A05Z%252522%25250A%252509%252509%252509%252509%252509%252509%252509%25257D%25252C%25250A%252509%252509%252509%252509%252509%252509%252509%25257B%25250A%252509%252509%252509%252509%252509%252509%252509%252509%252522Value%252522%25253A%2525224.29%252522%25252C%25250A%252509%252509%252509%252509%252509%252509%252509%252509%252522Date%252522%25253A%2525222026-07-14T05%25253A26%25253A10Z%252522%25250A%252509%252509%252509%252509%252509%252509%252509%25257D%25252C%25250A%252509%252509%252509%252509%252509%252509%252509%25257B%25250A%252509%252509%252509%252509%252509%252509%252509%252509%252522Value%252522%25253A%2525224.29%252522%25252C%25250A%252509%252509%252509%252509%252509%252509%252509%252509%252522Date%252522%25253A%2525222026-07-14T05%25253A26%25253A15Z%252522%25250A%252509%252509%252509%252509%252509%252509%252509%25257D%25252C%25250A%252509%252509%252509%252509%252509%252509%252509%25257B%25250A%252509%252509%252509%252509%252509%252509%252509%252509%252522Value%252522%25253A%2525224.29%252522%25252C%25250A%252509%252509%252509%252509%252509%252509%252509%252509%252522Date%252522%25253A%2525222026-07-14T05%25253A26%25253A20Z%252522%25250A%252509%252509%252509%252509%252509%252509%252509%25257D%25252C%25250A%252509%252509%252509%252509%252509%252509%252509%25257B%25250A%252509%252509%252509%252509%252509%252509%252509%252509%252522Value%252522%25253A%2525224.29%252522%25252C%25250A%252509%252509%252509%252509%252509%252509%252509%252509%252522Date%252522%25253A%2525222026-07-14T05%25253A26%25253A25Z%252522%25250A%252509%252509%252509%252509%252509%252509%252509%25257D%25252C%25250A%252509%252509%252509%252509%252509%252509%252509%25257B%25250A%252509%252509%252509%252509%252509%252509%252509%252509%252522Value%252522%25253A%2525224.29%252522%25252C%25250A%252509%252509%252509%252509%252509%252509%252509%252509%252522Date%252522%25253A%2525222026-07-14T05%25253A26%25253A30Z%252522%25250A%252509%252509%252509%252509%252509%252509%252509%25257D%25252C%25250A%252509%252509%252509%252509%252509%252509%252509%25257B%25250A%252509%252509%252509%252509%252509%252509%252509%252509%252522Value%252522%25253A%2525224.29%252522%25252C%25250A%252509%252509%252509%252509%252509%252509%252509%252509%252522Date%252522%25253A%2525222026-07-14T05%25253A26%25253A35Z%252522%25250A%252509%252509%252509%252509%252509%252509%252509%25257D%25252C%25250A%252509%252509%252509%252509%252509%252509%252509%25257B%25250A%252509%252509%252509%252509%252509%252509%252509%252509%252522Value%252522%25253A%2525224.29%252522%25252C%25250A%252509%252509%252509%252509%252509%252509%252509%252509%252522Date%252522%25253A%2525222026-07-14T05%25253A26%25253A40Z%252522%25250A%252509%252509%252509%252509%252509%252509%252509%25257D%25252C%25250A%252509%252509%252509%252509%252509%252509%252509%25257B%25250A%252509%252509%252509%252509%252509%252509%252509%252509%252522Value%252522%25253A%2525224.29%252522%25252C%25250A%252509%252509%252509%252509%252509%252509%252509%252509%252522Date%252522%25253A%2525222026-07-14T05%25253A26%25253A45Z%252522%25250A%252509%252509%252509%252509%252509%252509%252509%25257D%25252C%25250A%252509%252509%252509%252509%252509%252509%252509%25257B%25250A%252509%252509%252509%252509%252509%252509%252509%252509%252522Value%252522%25253A%2525224.29%252522%25252C%25250A%252509%252509%252509%252509%252509%252509%252509%252509%252522Date%252522%25253A%2525222026-07-14T05%25253A26%25253A50Z%252522%25250A%252509%252509%252509%252509%252509%252509%252509%25257D%25252C%25250A%252509%252509%252509%252509%252509%252509%252509%25257B%25250A%252509%252509%252509%252509%252509%252509%252509%252509%252522Value%252522%25253A%2525224.29%252522%25252C%25250A%252509%252509%252509%252509%252509%252509%252509%252509%252522Date%252522%25253A%2525222026-07-14T05%25253A26%25253A55Z%252522%25250A%252509%252509%252509%252509%252509%252509%252509%25257D%25252C%25250A%252509%252509%252509%252509%252509%252509%252509%25257B%25250A%252509%252509%252509%252509%252509%252509%252509%252509%252522Value%252522%25253A%2525224.29%252522%25252C%25250A%252509%252509%252509%252509%252509%252509%252509%252509%252522Date%252522%25253A%2525222026-07-14T05%25253A27%25253A00Z%252522%25250A%252509%252509%252509%252509%252509%252509%252509%25257D%25252C%25250A%252509%252509%252509%252509%252509%252509%252509%25257B%25250A%252509%252509%252509%252509%252509%252509%252509%252509%252522Value%252522%25253A%2525224.29%252522%25252C%25250A%252509%252509%252509%252509%252509%252509%252509%252509%252522Date%252522%25253A%2525222026-07-14T05%25253A27%25253A05Z%252522%25250A%252509%252509%252509%252509%252509%252509%252509%25257D%25252C%25250A%252509%252509%252509%252509%252509%252509%252509%25257B%25250A%252509%252509%252509%252509%252509%252509%252509%252509%252522Value%252522%25253A%2525224.29%252522%25252C%25250A%252509%252509%252509%252509%252509%252509%252509%252509%252522Date%252522%25253A%2525222026-07-14T05%25253A27%25253A10Z%252522%25250A%252509%252509%252509%252509%252509%252509%252509%25257D%25252C%25250A%252509%252509%252509%252509%252509%252509%252509%25257B%25250A%252509%252509%252509%252509%252509%252509%252509%252509%252522Value%252522%25253A%2525224.29%252522%25252C%25250A%252509%252509%252509%252509%252509%252509%252509%252509%252522Date%252522%25253A%2525222026-07-14T05%25253A27%25253A15Z%252522%25250A%252509%252509%252509%252509%252509%252509%252509%25257D%25252C%25250A%252509%252509%252509%252509%252509%252509%252509%25257B%25250A%252509%252509%252509%252509%252509%252509%252509%252509%252522Value%252522%25253A%2525224.29%252522%25252C%25250A%252509%252509%252509%252509%252509%252509%252509%252509%252522Date%252522%25253A%2525222026-07-14T05%25253A27%25253A20Z%252522%25250A%252509%252509%252509%252509%252509%252509%252509%25257D%25252C%25250A%252509%252509%252509%252509%252509%252509%252509%25257B%25250A%252509%252509%252509%252509%252509%252509%252509%252509%252522Value%252522%25253A%2525224.29%252522%25252C%25250A%252509%252509%252509%252509%252509%252509%252509%252509%252522Date%252522%25253A%2525222026-07-14T05%25253A27%25253A25Z%252522%25250A%252509%252509%252509%252509%252509%252509%252509%25257D%25252C%25250A%252509%252509%252509%252509%252509%252509%252509%25257B%25250A%252509%252509%252509%252509%252509%252509%252509%252509%252522Value%252522%25253A%2525224.29%252522%25252C%25250A%252509%252509%252509%252509%252509%252509%252509%252509%252522Date%252522%25253A%2525222026-07-14T05%25253A27%25253A30Z%252522%25250A%252509%252509%252509%252509%252509%252509%252509%25257D%25252C%25250A%252509%252509%252509%252509%252509%252509%252509%25257B%25250A%252509%252509%252509%252509%252509%252509%252509%252509%252522Value%252522%25253A%2525224.29%252522%25252C%25250A%252509%252509%252509%252509%252509%252509%252509%252509%252522Date%252522%25253A%2525222026-07-14T05%25253A27%25253A35Z%252522%25250A%252509%252509%252509%252509%252509%252509%252509%25257D%25252C%25250A%252509%252509%252509%252509%252509%252509%252509%25257B%25250A%252509%252509%252509%252509%252509%252509%252509%252509%252522Value%252522%25253A%2525224.29%252522%25252C%25250A%252509%252509%252509%252509%252509%252509%252509%252509%252522Date%252522%25253A%2525222026-07-14T05%25253A27%25253A40Z%252522%25250A%252509%252509%252509%252509%252509%252509%252509%25257D%25252C%25250A%252509%252509%252509%252509%252509%252509%252509%25257B%25250A%252509%252509%252509%252509%252509%252509%252509%252509%252522Value%252522%25253A%2525224.29%252522%25252C%25250A%252509%252509%252509%252509%252509%252509%252509%252509%252522Date%252522%25253A%2525222026-07-14T05%25253A27%25253A45Z%252522%25250A%252509%252509%252509%252509%252509%252509%252509%25257D%25252C%25250A%252509%252509%252509%252509%252509%252509%252509%25257B%25250A%252509%252509%252509%252509%252509%252509%252509%252509%252522Value%252522%25253A%2525224.29%252522%25252C%25250A%252509%252509%252509%252509%252509%252509%252509%252509%252522Date%252522%25253A%2525222026-07-14T05%25253A27%25253A50Z%252522%25250A%252509%252509%252509%252509%252509%252509%252509%25257D%25252C%25250A%252509%252509%252509%252509%252509%252509%252509%25257B%25250A%252509%252509%252509%252509%252509%252509%252509%252509%252522Value%252522%25253A%2525224.29%252522%25252C%25250A%252509%252509%252509%252509%252509%252509%252509%252509%252522Date%252522%25253A%2525222026-07-14T05%25253A27%25253A55Z%252522%25250A%252509%252509%252509%252509%252509%252509%252509%25257D%25252C%25250A%252509%252509%252509%252509%252509%252509%252509%25257B%25250A%252509%252509%252509%252509%252509%252509%252509%252509%252522Value%252522%25253A%2525224.29%252522%25252C%25250A%252509%252509%252509%252509%252509%252509%252509%252509%252522Date%252522%25253A%2525222026-07-14T05%25253A28%25253A00Z%252522%25250A%252509%252509%252509%252509%252509%252509%252509%25257D%25252C%25250A%252509%252509%252509%252509%252509%252509%252509%25257B%25250A%252509%252509%252509%252509%252509%252509%252509%252509%252522Value%252522%25253A%2525224.29%252522%25252C%25250A%252509%252509%252509%252509%252509%252509%252509%252509%252522Date%252522%25253A%2525222026-07-14T05%25253A28%25253A05Z%252522%25250A%252509%252509%252509%252509%252509%252509%252509%25257D%25252C%25250A%252509%252509%252509%252509%252509%252509%252509%25257B%25250A%252509%252509%252509%252509%252509%252509%252509%252509%252522Value%252522%25253A%2525224.29%252522%25252C%25250A%252509%252509%252509%252509%252509%252509%252509%252509%252522Date%252522%25253A%2525222026-07-14T05%25253A28%25253A10Z%252522%25250A%252509%252509%252509%252509%252509%252509%252509%25257D%25252C%25250A%252509%252509%252509%252509%252509%252509%252509%25257B%25250A%252509%252509%252509%252509%252509%252509%252509%252509%252522Value%252522%25253A%2525224.29%252522%25252C%25250A%252509%252509%252509%252509%252509%252509%252509%252509%252522Date%252522%25253A%2525222026-07-14T05%25253A28%25253A15Z%252522%25250A%252509%252509%252509%252509%252509%252509%252509%25257D%25252C%25250A%252509%252509%252509%252509%252509%252509%252509%25257B%25250A%252509%252509%252509%252509%252509%252509%252509%252509%252522Value%252522%25253A%2525224.29%252522%25252C%25250A%252509%252509%252509%252509%252509%252509%252509%252509%252522Date%252522%25253A%2525222026-07-14T05%25253A28%25253A20Z%252522%25250A%252509%252509%252509%252509%252509%252509%252509%25257D%25252C%25250A%252509%252509%252509%252509%252509%252509%252509%25257B%25250A%252509%252509%252509%252509%252509%252509%252509%252509%252522Value%252522%25253A%2525224.29%252522%25252C%25250A%252509%252509%252509%252509%252509%252509%252509%252509%252522Date%252522%25253A%2525222026-07-14T05%25253A28%25253A25Z%252522%25250A%252509%252509%252509%252509%252509%252509%252509%25257D%25252C%25250A%252509%252509%252509%252509%252509%252509%252509%25257B%25250A%252509%252509%252509%252509%252509%252509%252509%252509%252522Value%252522%25253A%2525224.29%252522%25252C%25250A%252509%252509%252509%252509%252509%252509%252509%252509%252522Date%252522%25253A%2525222026-07-14T05%25253A28%25253A30Z%252522%25250A%252509%252509%252509%252509%252509%252509%252509%25257D%25252C%25250A%252509%252509%252509%252509%252509%252509%252509%25257B%25250A%252509%252509%252509%252509%252509%252509%252509%252509%252522Value%252522%25253A%2525224.29%252522%25252C%25250A%252509%252509%252509%252509%252509%252509%252509%252509%252522Date%252522%25253A%2525222026-07-14T05%25253A28%25253A35Z%252522%25250A%252509%252509%252509%252509%252509%252509%252509%25257D%25252C%25250A%252509%252509%252509%252509%252509%252509%252509%25257B%25250A%252509%252509%252509%252509%252509%252509%252509%252509%252522Value%252522%25253A%2525224.29%252522%25252C%25250A%252509%252509%252509%252509%252509%252509%252509%252509%252522Date%252522%25253A%2525222026-07-14T05%25253A28%25253A40Z%252522%25250A%252509%252509%252509%252509%252509%252509%252509%25257D%25252C%25250A%252509%252509%252509%252509%252509%252509%252509%25257B%25250A%252509%252509%252509%252509%252509%252509%252509%252509%252522Value%252522%25253A%2525224.29%252522%25252C%25250A%252509%252509%252509%252509%252509%252509%252509%252509%252522Date%252522%25253A%2525222026-07-14T05%25253A28%25253A45Z%252522%25250A%252509%252509%252509%252509%252509%252509%252509%25257D%25252C%25250A%252509%252509%252509%252509%252509%252509%252509%25257B%25250A%252509%252509%252509%252509%252509%252509%252509%252509%252522Value%252522%25253A%2525224.29%252522%25252C%25250A%252509%252509%252509%252509%252509%252509%252509%252509%252522Date%252522%25253A%2525222026-07-14T05%25253A28%25253A50Z%252522%25250A%252509%252509%252509%252509%252509%252509%252509%25257D%25252C%25250A%252509%252509%252509%252509%252509%252509%252509%25257B%25250A%252509%252509%252509%252509%252509%252509%252509%252509%252522Value%252522%25253A%2525224.29%252522%25252C%25250A%252509%252509%252509%252509%252509%252509%252509%252509%252522Date%252522%25253A%2525222026-07-14T05%25253A28%25253A55Z%252522%25250A%252509%252509%252509%252509%252509%252509%252509%25257D%25252C%25250A%252509%252509%252509%252509%252509%252509%252509%25257B%25250A%252509%252509%252509%252509%252509%252509%252509%252509%252522Value%252522%25253A%2525224.29%252522%25252C%25250A%252509%252509%252509%252509%252509%252509%252509%252509%252522Date%252522%25253A%2525222026-07-14T05%25253A29%25253A00Z%252522%25250A%252509%252509%252509%252509%252509%252509%252509%25257D%25252C%25250A%252509%252509%252509%252509%252509%252509%252509%25257B%25250A%252509%252509%252509%252509%252509%252509%252509%252509%252522Value%252522%25253A%2525224.29%252522%25252C%25250A%252509%252509%252509%252509%252509%252509%252509%252509%252522Date%252522%25253A%2525222026-07-14T05%25253A29%25253A05Z%252522%25250A%252509%252509%252509%252509%252509%252509%252509%25257D%25252C%25250A%252509%252509%252509%252509%252509%252509%252509%25257B%25250A%252509%252509%252509%252509%252509%252509%252509%252509%252522Value%252522%25253A%2525224.29%252522%25252C%25250A%252509%252509%252509%252509%252509%252509%252509%252509%252522Date%252522%25253A%2525222026-07-14T05%25253A29%25253A10Z%252522%25250A%252509%252509%252509%252509%252509%252509%252509%25257D%25252C%25250A%252509%252509%252509%252509%252509%252509%252509%25257B%25250A%252509%252509%252509%252509%252509%252509%252509%252509%252522Value%252522%25253A%2525224.29%252522%25252C%25250A%252509%252509%252509%252509%252509%252509%252509%252509%252522Date%252522%25253A%2525222026-07-14T05%25253A29%25253A15Z%252522%25250A%252509%252509%252509%252509%252509%252509%252509%25257D%25252C%25250A%252509%252509%252509%252509%252509%252509%252509%25257B%25250A%252509%252509%252509%252509%252509%252509%252509%252509%252522Value%252522%25253A%2525224.29%252522%25252C%25250A%252509%252509%252509%252509%252509%252509%252509%252509%252522Date%252522%25253A%2525222026-07-14T05%25253A29%25253A20Z%252522%25250A%252509%252509%252509%252509%252509%252509%252509%25257D%25252C%25250A%252509%252509%252509%252509%252509%252509%252509%25257B%25250A%252509%252509%252509%252509%252509%252509%252509%252509%252522Value%252522%25253A%2525224.29%252522%25252C%25250A%252509%252509%252509%252509%252509%252509%252509%252509%252522Date%252522%25253A%2525222026-07-14T05%25253A29%25253A25Z%252522%25250A%252509%252509%252509%252509%252509%252509%252509%25257D%25252C%25250A%252509%252509%252509%252509%252509%252509%252509%25257B%25250A%252509%252509%252509%252509%252509%252509%252509%252509%252522Value%252522%25253A%2525224.29%252522%25252C%25250A%252509%252509%252509%252509%252509%252509%252509%252509%252522Date%252522%25253A%2525222026-07-14T05%25253A29%25253A30Z%252522%25250A%252509%252509%252509%252509%252509%252509%252509%25257D%25252C%25250A%252509%252509%252509%252509%252509%252509%252509%25257B%25250A%252509%252509%252509%252509%252509%252509%252509%252509%252522Value%252522%25253A%2525224.29%252522%25252C%25250A%252509%252509%252509%252509%252509%252509%252509%252509%252522Date%252522%25253A%2525222026-07-14T05%25253A29%25253A35Z%252522%25250A%252509%252509%252509%252509%252509%252509%252509%25257D%25252C%25250A%252509%252509%252509%252509%252509%252509%252509%25257B%25250A%252509%252509%252509%252509%252509%252509%252509%252509%252522Value%252522%25253A%2525224.29%252522%25252C%25250A%252509%252509%252509%252509%252509%252509%252509%252509%252522Date%252522%25253A%2525222026-07-14T05%25253A29%25253A40Z%252522%25250A%252509%252509%252509%252509%252509%252509%252509%25257D%25252C%25250A%252509%252509%252509%252509%252509%252509%252509%25257B%25250A%252509%252509%252509%252509%252509%252509%252509%252509%252522Value%252522%25253A%2525224.29%252522%25252C%25250A%252509%252509%252509%252509%252509%252509%252509%252509%252522Date%252522%25253A%2525222026-07-14T05%25253A29%25253A45Z%252522%25250A%252509%252509%252509%252509%252509%252509%252509%25257D%25252C%25250A%252509%252509%252509%252509%252509%252509%252509%25257B%25250A%252509%252509%252509%252509%252509%252509%252509%252509%252522Value%252522%25253A%2525224.29%252522%25252C%25250A%252509%252509%252509%252509%252509%252509%252509%252509%252522Date%252522%25253A%2525222026-07-14T05%25253A29%25253A50Z%252522%25250A%252509%252509%252509%252509%252509%252509%252509%25257D%25252C%25250A%252509%252509%252509%252509%252509%252509%252509%25257B%25250A%252509%252509%252509%252509%252509%252509%252509%252509%252522Value%252522%25253A%2525224.29%252522%25252C%25250A%252509%252509%252509%252509%252509%252509%252509%252509%252522Date%252522%25253A%2525222026-07-14T05%25253A29%25253A55Z%252522%25250A%252509%252509%252509%252509%252509%252509%252509%25257D%25252C%25250A%252509%252509%252509%252509%252509%252509%252509%25257B%25250A%252509%252509%252509%252509%252509%252509%252509%252509%252522Value%252522%25253A%2525224.29%252522%25252C%25250A%252509%252509%252509%252509%252509%252509%252509%252509%252522Date%252522%25253A%2525222026-07-14T05%25253A30%25253A00Z%252522%25250A%252509%252509%252509%252509%252509%252509%252509%25257D%25252C%25250A%252509%252509%252509%252509%252509%252509%252509%25257B%25250A%252509%252509%252509%252509%252509%252509%252509%252509%252522Value%252522%25253A%2525224.29%252522%25252C%25250A%252509%252509%252509%252509%252509%252509%252509%252509%252522Date%252522%25253A%2525222026-07-14T05%25253A30%25253A05Z%252522%25250A%252509%252509%252509%252509%252509%252509%252509%25257D%25252C%25250A%252509%252509%252509%252509%252509%252509%252509%25257B%25250A%252509%252509%252509%252509%252509%252509%252509%252509%252522Value%252522%25253A%2525224.29%252522%25252C%25250A%252509%252509%252509%252509%252509%252509%252509%252509%252522Date%252522%25253A%2525222026-07-14T05%25253A30%25253A10Z%252522%25250A%252509%252509%252509%252509%252509%252509%252509%25257D%25252C%25250A%252509%252509%252509%252509%252509%252509%252509%25257B%25250A%252509%252509%252509%252509%252509%252509%252509%252509%252522Value%252522%25253A%2525224.29%252522%25252C%25250A%252509%252509%252509%252509%252509%252509%252509%252509%252522Date%252522%25253A%2525222026-07-14T05%25253A30%25253A15Z%252522%25250A%252509%252509%252509%252509%252509%252509%252509%25257D%25252C%25250A%252509%252509%252509%252509%252509%252509%252509%25257B%25250A%252509%252509%252509%252509%252509%252509%252509%252509%252522Value%252522%25253A%2525224.29%252522%25252C%25250A%252509%252509%252509%252509%252509%252509%252509%252509%252522Date%252522%25253A%2525222026-07-14T05%25253A30%25253A20Z%252522%25250A%252509%252509%252509%252509%252509%252509%252509%25257D%25252C%25250A%252509%252509%252509%252509%252509%252509%252509%25257B%25250A%252509%252509%252509%252509%252509%252509%252509%252509%252522Value%252522%25253A%2525224.29%252522%25252C%25250A%252509%252509%252509%252509%252509%252509%252509%252509%252522Date%252522%25253A%2525222026-07-14T05%25253A30%25253A25Z%252522%25250A%252509%252509%252509%252509%252509%252509%252509%25257D%25252C%25250A%252509%252509%252509%252509%252509%252509%252509%25257B%25250A%252509%252509%252509%252509%252509%252509%252509%252509%252522Value%252522%25253A%2525224.29%252522%25252C%25250A%252509%252509%252509%252509%252509%252509%252509%252509%252522Date%252522%25253A%2525222026-07-14T05%25253A30%25253A30Z%252522%25250A%252509%252509%252509%252509%252509%252509%252509%25257D%25252C%25250A%252509%252509%252509%252509%252509%252509%252509%25257B%25250A%252509%252509%252509%252509%252509%252509%252509%252509%252522Value%252522%25253A%2525224.29%252522%25252C%25250A%252509%252509%252509%252509%252509%252509%252509%252509%252522Date%252522%25253A%2525222026-07-14T05%25253A30%25253A35Z%252522%25250A%252509%252509%252509%252509%252509%252509%252509%25257D%25252C%25250A%252509%252509%252509%252509%252509%252509%252509%25257B%25250A%252509%252509%252509%252509%252509%252509%252509%252509%252522Value%252522%25253A%2525224.29%252522%25252C%25250A%252509%252509%252509%252509%252509%252509%252509%252509%252522Date%252522%25253A%2525222026-07-14T05%25253A30%25253A40Z%252522%25250A%252509%252509%252509%252509%252509%252509%252509%25257D%25252C%25250A%252509%252509%252509%252509%252509%252509%252509%25257B%25250A%252509%252509%252509%252509%252509%252509%252509%252509%252522Value%252522%25253A%2525224.29%252522%25252C%25250A%252509%252509%252509%252509%252509%252509%252509%252509%252522Date%252522%25253A%2525222026-07-14T05%25253A30%25253A45Z%252522%25250A%252509%252509%252509%252509%252509%252509%252509%25257D%25252C%25250A%252509%252509%252509%252509%252509%252509%252509%25257B%25250A%252509%252509%252509%252509%252509%252509%252509%252509%252522Value%252522%25253A%2525224.29%252522%25252C%25250A%252509%252509%252509%252509%252509%252509%252509%252509%252522Date%252522%25253A%2525222026-07-14T05%25253A30%25253A50Z%252522%25250A%252509%252509%252509%252509%252509%252509%252509%25257D%25252C%25250A%252509%252509%252509%252509%252509%252509%252509%25257B%25250A%252509%252509%252509%252509%252509%252509%252509%252509%252522Value%252522%25253A%2525224.29%252522%25252C%25250A%252509%252509%252509%252509%252509%252509%252509%252509%252522Date%252522%25253A%2525222026-07-14T05%25253A30%25253A55Z%252522%25250A%252509%252509%252509%252509%252509%252509%252509%25257D%25252C%25250A%252509%252509%252509%252509%252509%252509%252509%25257B%25250A%252509%252509%252509%252509%252509%252509%252509%252509%252522Value%252522%25253A%2525224.29%252522%25252C%25250A%252509%252509%252509%252509%252509%252509%252509%252509%252522Date%252522%25253A%2525222026-07-14T05%25253A31%25253A00Z%252522%25250A%252509%252509%252509%252509%252509%252509%252509%25257D%25252C%25250A%252509%252509%252509%252509%252509%252509%252509%25257B%25250A%252509%252509%252509%252509%252509%252509%252509%252509%252522Value%252522%25253A%2525224.29%252522%25252C%25250A%252509%252509%252509%252509%252509%252509%252509%252509%252522Date%252522%25253A%2525222026-07-14T05%25253A31%25253A05Z%252522%25250A%252509%252509%252509%252509%252509%252509%252509%25257D%25252C%25250A%252509%252509%252509%252509%252509%252509%252509%25257B%25250A%252509%252509%252509%252509%252509%252509%252509%252509%252522Value%252522%25253A%2525224.29%252522%25252C%25250A%252509%252509%252509%252509%252509%252509%252509%252509%252522Date%252522%25253A%2525222026-07-14T05%25253A31%25253A10Z%252522%25250A%252509%252509%252509%252509%252509%252509%252509%25257D%25252C%25250A%252509%252509%252509%252509%252509%252509%252509%25257B%25250A%252509%252509%252509%252509%252509%252509%252509%252509%252522Value%252522%25253A%2525224.29%252522%25252C%25250A%252509%252509%252509%252509%252509%252509%252509%252509%252522Date%252522%25253A%2525222026-07-14T05%25253A31%25253A15Z%252522%25250A%252509%252509%252509%252509%252509%252509%252509%25257D%25252C%25250A%252509%252509%252509%252509%252509%252509%252509%25257B%25250A%252509%252509%252509%252509%252509%252509%252509%252509%252522Value%252522%25253A%2525224.29%252522%25252C%25250A%252509%252509%252509%252509%252509%252509%252509%252509%252522Date%252522%25253A%2525222026-07-14T05%25253A31%25253A20Z%252522%25250A%252509%252509%252509%252509%252509%252509%252509%25257D%25252C%25250A%252509%252509%252509%252509%252509%252509%252509%25257B%25250A%252509%252509%252509%252509%252509%252509%252509%252509%252522Value%252522%25253A%2525224.29%252522%25252C%25250A%252509%252509%252509%252509%252509%252509%252509%252509%252522Date%252522%25253A%2525222026-07-14T05%25253A31%25253A25Z%252522%25250A%252509%252509%252509%252509%252509%252509%252509%25257D%25252C%25250A%252509%252509%252509%252509%252509%252509%252509%25257B%25250A%252509%252509%252509%252509%252509%252509%252509%252509%252522Value%252522%25253A%2525224.29%252522%25252C%25250A%252509%252509%252509%252509%252509%252509%252509%252509%252522Date%252522%25253A%2525222026-07-14T05%25253A31%25253A30Z%252522%25250A%252509%252509%252509%252509%252509%252509%252509%25257D%25252C%25250A%252509%252509%252509%252509%252509%252509%252509%25257B%25250A%252509%252509%252509%252509%252509%252509%252509%252509%252522Value%252522%25253A%2525224.29%252522%25252C%25250A%252509%252509%252509%252509%252509%252509%252509%252509%252522Date%252522%25253A%2525222026-07-14T05%25253A31%25253A35Z%252522%25250A%252509%252509%252509%252509%252509%252509%252509%25257D%25252C%25250A%252509%252509%252509%252509%252509%252509%252509%25257B%25250A%252509%252509%252509%252509%252509%252509%252509%252509%252522Value%252522%25253A%2525224.29%252522%25252C%25250A%252509%252509%252509%252509%252509%252509%252509%252509%252522Date%252522%25253A%2525222026-07-14T05%25253A31%25253A40Z%252522%25250A%252509%252509%252509%252509%252509%252509%252509%25257D%25252C%25250A%252509%252509%252509%252509%252509%252509%252509%25257B%25250A%252509%252509%252509%252509%252509%252509%252509%252509%252522Value%252522%25253A%2525224.29%252522%25252C%25250A%252509%252509%252509%252509%252509%252509%252509%252509%252522Date%252522%25253A%2525222026-07-14T05%25253A31%25253A45Z%252522%25250A%252509%252509%252509%252509%252509%252509%252509%25257D%25252C%25250A%252509%252509%252509%252509%252509%252509%252509%25257B%25250A%252509%252509%252509%252509%252509%252509%252509%252509%252522Value%252522%25253A%2525224.29%252522%25252C%25250A%252509%252509%252509%252509%252509%252509%252509%252509%252522Date%252522%25253A%2525222026-07-14T05%25253A31%25253A50Z%252522%25250A%252509%252509%252509%252509%252509%252509%252509%25257D%25252C%25250A%252509%252509%252509%252509%252509%252509%252509%25257B%25250A%252509%252509%252509%252509%252509%252509%252509%252509%252522Value%252522%25253A%2525224.29%252522%25252C%25250A%252509%252509%252509%252509%252509%252509%252509%252509%252522Date%252522%25253A%2525222026-07-14T05%25253A31%25253A55Z%252522%25250A%252509%252509%252509%252509%252509%252509%252509%25257D%25252C%25250A%252509%252509%252509%252509%252509%252509%252509%25257B%25250A%252509%252509%252509%252509%252509%252509%252509%252509%252522Value%252522%25253A%2525224.29%252522%25252C%25250A%252509%252509%252509%252509%252509%252509%252509%252509%252522Date%252522%25253A%2525222026-07-14T05%25253A32%25253A00Z%252522%25250A%252509%252509%252509%252509%252509%252509%252509%25257D%25252C%25250A%252509%252509%252509%252509%252509%252509%252509%25257B%25250A%252509%252509%252509%252509%252509%252509%252509%252509%252522Value%252522%25253A%2525224.29%252522%25252C%25250A%252509%252509%252509%252509%252509%252509%252509%252509%252522Date%252522%25253A%2525222026-07-14T05%25253A32%25253A05Z%252522%25250A%252509%252509%252509%252509%252509%252509%252509%25257D%25252C%25250A%252509%252509%252509%252509%252509%252509%252509%25257B%25250A%252509%252509%252509%252509%252509%252509%252509%252509%252522Value%252522%25253A%2525224.29%252522%25252C%25250A%252509%252509%252509%252509%252509%252509%252509%252509%252522Date%252522%25253A%2525222026-07-14T05%25253A32%25253A10Z%252522%25250A%252509%252509%252509%252509%252509%252509%252509%25257D%25252C%25250A%252509%252509%252509%252509%252509%252509%252509%25257B%25250A%252509%252509%252509%252509%252509%252509%252509%252509%252522Value%252522%25253A%2525224.29%252522%25252C%25250A%252509%252509%252509%252509%252509%252509%252509%252509%252522Date%252522%25253A%2525222026-07-14T05%25253A32%25253A15Z%252522%25250A%252509%252509%252509%252509%252509%252509%252509%25257D%25252C%25250A%252509%252509%252509%252509%252509%252509%252509%25257B%25250A%252509%252509%252509%252509%252509%252509%252509%252509%252522Value%252522%25253A%2525224.29%252522%25252C%25250A%252509%252509%252509%252509%252509%252509%252509%252509%252522Date%252522%25253A%2525222026-07-14T05%25253A32%25253A20Z%252522%25250A%252509%252509%252509%252509%252509%252509%252509%25257D%25252C%25250A%252509%252509%252509%252509%252509%252509%252509%25257B%25250A%252509%252509%252509%252509%252509%252509%252509%252509%252522Value%252522%25253A%2525224.29%252522%25252C%25250A%252509%252509%252509%252509%252509%252509%252509%252509%252522Date%252522%25253A%2525222026-07-14T05%25253A32%25253A25Z%252522%25250A%252509%252509%252509%252509%252509%252509%252509%25257D%25252C%25250A%252509%252509%252509%252509%252509%252509%252509%25257B%25250A%252509%252509%252509%252509%252509%252509%252509%252509%252522Value%252522%25253A%2525224.29%252522%25252C%25250A%252509%252509%252509%252509%252509%252509%252509%252509%252522Date%252522%25253A%2525222026-07-14T05%25253A32%25253A30Z%252522%25250A%252509%252509%252509%252509%252509%252509%252509%25257D%25252C%25250A%252509%252509%252509%252509%252509%252509%252509%25257B%25250A%252509%252509%252509%252509%252509%252509%252509%252509%252522Value%252522%25253A%2525224.29%252522%25252C%25250A%252509%252509%252509%252509%252509%252509%252509%252509%252522Date%252522%25253A%2525222026-07-14T05%25253A32%25253A35Z%252522%25250A%252509%252509%252509%252509%252509%252509%252509%25257D%25252C%25250A%252509%252509%252509%252509%252509%252509%252509%25257B%25250A%252509%252509%252509%252509%252509%252509%252509%252509%252522Value%252522%25253A%2525224.29%252522%25252C%25250A%252509%252509%252509%252509%252509%252509%252509%252509%252522Date%252522%25253A%2525222026-07-14T05%25253A32%25253A40Z%252522%25250A%252509%252509%252509%252509%252509%252509%252509%25257D%25252C%25250A%252509%252509%252509%252509%252509%252509%252509%25257B%25250A%252509%252509%252509%252509%252509%252509%252509%252509%252522Value%252522%25253A%2525224.29%252522%25252C%25250A%252509%252509%252509%252509%252509%252509%252509%252509%252522Date%252522%25253A%2525222026-07-14T05%25253A32%25253A45Z%252522%25250A%252509%252509%252509%252509%252509%252509%252509%25257D%25252C%25250A%252509%252509%252509%252509%252509%252509%252509%25257B%25250A%252509%252509%252509%252509%252509%252509%252509%252509%252522Value%252522%25253A%2525224.29%252522%25252C%25250A%252509%252509%252509%252509%252509%252509%252509%252509%252522Date%252522%25253A%2525222026-07-14T05%25253A32%25253A50Z%252522%25250A%252509%252509%252509%252509%252509%252509%252509%25257D%25252C%25250A%252509%252509%252509%252509%252509%252509%252509%25257B%25250A%252509%252509%252509%252509%252509%252509%252509%252509%252522Value%252522%25253A%2525224.29%252522%25252C%25250A%252509%252509%252509%252509%252509%252509%252509%252509%252522Date%252522%25253A%2525222026-07-14T05%25253A32%25253A55Z%252522%25250A%252509%252509%252509%252509%252509%252509%252509%25257D%25252C%25250A%252509%252509%252509%252509%252509%252509%252509%25257B%25250A%252509%252509%252509%252509%252509%252509%252509%252509%252522Value%252522%25253A%2525224.29%252522%25252C%25250A%252509%252509%252509%252509%252509%252509%252509%252509%252522Date%252522%25253A%2525222026-07-14T05%25253A33%25253A00Z%252522%25250A%252509%252509%252509%252509%252509%252509%252509%25257D%25252C%25250A%252509%252509%252509%252509%252509%252509%252509%25257B%25250A%252509%252509%252509%252509%252509%252509%252509%252509%252522Value%252522%25253A%2525224.2...%2526headers%253D%25257B%252522Content-Type%252522%25253A%252522application%25252Fx-www-form-urlencoded%252522%25257D%2526rtype%253Dxhr%2526plugin_version%253D3.2.4%2526ts%253D1784010223926%2526type%253Dapi%26cache%3D6c79a4a%26jsver%3Daplus.js%26lver%3D1.13.27%26customSdkId%3D%26platformType%3Dpc%26device_model%3DMacintosh%26os%3DMac%20OS%20X%26os_version%3D10.15.7%26o%3Dmac%26w%3Dwebkit%26s%3D1280x720%26scr%3D1280x720%26m%3D%26ism%3Dmac%26p%3D1%26b%3Dchrome149%26tag%3D0%26stag%3D-3%26lstag%3D-1%26_g_encode%3Dutf-8&cna=&spm-cnt=5176.19908494.0.0.52d91450cxuUDN&spm-url=5176.28369458.0.0.36961450Jepyio&_gr_uid_=1048726631550559&uidaplus=1048726631550559&logtype=2&scr=1280x720&_p_url=https%3A%2F%2Frdsnext.console.aliyun.com%2Fdetail%2Fpgm-wz9t7bv5jsk55jh1%2FmonitorAlarm%3Fspm%3D5176.28369458.0.0.36961450Jepyio%26region%3Dcn-shenzhen%26DedicatedHostGroupId%3D:0
[  595149ms] [ERROR] Failed to load resource: net::ERR_CONNECTION_CLOSED @ https://d-gm.mmstat.com/aes.1.1?gmkey=EXP&gokey=uidaplus%3D1048726631550559%26spm-url%3D5176.28369458.0.0.36961450Jepyio%26spm-pre%3D%26spm-cnt%3D5176.19908494.0.0.52d91450cxuUDN%26_f_t%3Dfalse%26pid%3Drdsnext%26sdk_version%3D3.3.18%26pv_id%3DLJQGceZrM3uv2y5lenKW%26timezone_offset%3D-480%26title%3DRDS%25E7%25AE%25A1%25E7%2590%2586%25E6%258E%25A7%25E5%2588%25B6%25E5%258F%25B0%26spm_a%3D5176%26spm_b%3D19908494%26dpi%3D1%26sr%3D1280x720%26platform%3Dweb%26language%3Den-US%26user_type%3D6%26uid%3D1048726631550559%26env%3Dprod%26downlink%3D10%26net_type%3D4g%26page_id%3D%252Fdetail%252F%253ADBInstanceId%252FmonitorAlarm%26user_agent_data%3D%257B%2522mobile%2522%253Afalse%252C%2522model%2522%253A%2522%2522%252C%2522platform%2522%253A%2522macOS%2522%252C%2522platformVersion%2522%253A%252226.5.2%2522%252C%2522fullVersionList%2522%253A%255B%257B%2522brand%2522%253A%2522Google%2520Chrome%2522%252C%2522version%2522%253A%2522149.0.7827.201%2522%257D%252C%257B%2522brand%2522%253A%2522Chromium%2522%252C%2522version%2522%253A%2522149.0.7827.201%2522%257D%252C%257B%2522brand%2522%253A%2522Not)A%253BBrand%2522%252C%2522version%2522%253A%252224.0.0.0%2522%257D%255D%257D%26origin_url%3Dhttps%253A%252F%252Frdsnext.console.aliyun.com%252Fdetail%252Fpgm-wz9t7bv5jsk55jh1%252FmonitorAlarm%253Fspm%253D5176.28369458.0.0.36961450Jepyio%2526region%253Dcn-shenzhen%2526DedicatedHostGroupId%253D%26msg%3Durl%253DDescribeDBInstancePerformance%2526method%253DPOST%2526success%253Dtrue%2526msg%253D019F5F4B-B01F-5625-8CC4-B4FBB681D443%2526status%253D200%2526code%253D200%2526duration%253D482%2526trace_id%253D1a0f4b2d17840102236157329e8a1f%2526params%253D__action%25253DDescribeDBInstancePerformance%2526body%253Dproduct%25253Drds%252526action%25253DDescribeDBInstancePerformance%252526params%25253D%2525257B%25252522StartTime%25252522%2525253A%252525222026-07-14T05%2525253A23Z%25252522%2525252C%25252522EndTime%25252522%2525253A%252525222026-07-14T06%2525253A23Z%25252522%2525252C%25252522key%25252522%2525253A%25252522PgSQLNetIOSTAT%25252522%2525252C%25252522dBInstanceId%25252522%2525253A%25252522pgm-wz9t7bv5jsk55jh1%25252522%2525252C%25252522UseNullWhenMissingPoint%25252522%2525253Atrue%2525252C%25252522RegionId%25252522%2525253A%25252522cn-shenzhen%25252522%2525257D%252526sec_token%25253DeIrlFmLDgToEOzMPbhI438%252526umid%25253DY29b3ca4c152f1edb542c34bd8848d7a8%252526collina%25253D140%25252523lrbDcg98zzP1yzo24xHF43SXhQKnaYvqPjBApIdcjK7PvBHRLskY4O%2525252FqM9zps04ReXnEfGDCzP%2525252FWlp1zzX7H8iN%2525252FvbzxGcHy9phqzFzb22U3l98TziOImI5YqLzKrD1RrfyxvbbmHnGlHDn6DqT7ZSMxD7um%2525252BI94CQMtQiKGFMGWczCKnq93PCexn7ZQxLU%2525252BflLE8XQV1epRdH%2525252BD5hfSLkCjqR%2525252BdiLKHFCGG81z0VrtmrXO%2525252BQRSpxahPCX14OXkoR0LsvKQOxfpDj41LSRu7zjWf4OFHn1Htmc5TSKdxrMeqFTSWvOpDusv3zNbfY7IRWWuVlKirIcA5mTuf6mirV2VtlzDa2DD%2525252BVfg6DbFpoiwOONdOHaU%2525252B61XCsUd9cMP79NqyZtI9ZSOU2mBWCSS2stMB9eY93%2525252BtQogtEZfJYS5rg2n40Q2g%2525252BsFmncmMeQzU5WgiEdQdTjlCP2tSXKm%2525252FS0p3UiYQnQpZJz2Dn%2525252BfUDJ%2525252FPK0%2525252FUQUW1yeCSxNzd0o1%2525252FObQLLxuVS015GF8MiABBhrGNWRz8Lh09ApmNQKs3wPuKwzUsEh1zX7rLwKFrQm6aalDLDW1cgVtBON3z4jmYn3wZns%2525252BQC98CxvFurI%2525252Fz0Ok2EjLofMA0TLeBl56L0E4IY%2525252BwdmZauYdiBQrujKGPAficT6m57l8bKOsnVfeQa%2525252FFi2nSuoQA0lG7Vt3N1LjsUbhFjZ5xw0mPhf1aklA6k3KqYftTVPJNYy8bj2OnkSzpEvyVMSvz0A6IiW%2525252BUNozXMbTe444PceY6k0K4pv%2525252B%2525252FNc%2525252BfC0S1KqDNcgEot8CJoSnDW0uuDCo8fDB%2525252F72VArTc3vhjwj1gGk8e1jagfO%2525252BdBycmWTtG4pyUoQRDNyEcBCy3CGY0eHWL8IPiLLBSOF3I4XEhd2FJpMDLa2K0sktEG2s3l3HdzWN34cThrNb8aTdUfaSntCRALqHDhudp3GUmXcz3M1%2525252FByJycbnRzyBmnD3LgjeZsPQwpf23G0nwdh2OhQ4bYitQr9h1bft0UpEwdgNQp6E19al7g%2525252FNNiaF95P3slLXcMyTti6HzOuKGv59vPg%2525252Bf0IVBzJFz99gcy%252526region%25253Dcn-shenzhen%2526response%253D%25257B%25250A%252509%252522code%252522%25253A%252522200%252522%25252C%25250A%252509%252522data%252522%25253A%25257B%25250A%252509%252509%252522PerformanceKeys%252522%25253A%25257B%25250A%252509%252509%252509%252522PerformanceKey%252522%25253A%25255B%25250A%252509%252509%252509%252509%25257B%25250A%252509%252509%252509%252509%252509%252522ValueFormat%252522%25253A%252522mean_network_in_io%252526mean_network_io%252526mean_network_out_io%252522%25252C%25250A%252509%252509%252509%252509%252509%252522Values%252522%25253A%25257B%25250A%252509%252509%252509%252509%252509%252509%252522PerformanceValue%252522%25253A%25255B%25250A%252509%252509%252509%252509%252509%252509%252509%25257B%25250A%252509%252509%252509%252509%252509%252509%252509%252509%252522Value%252522%25253A%2525220.0%2525260.01%2525260.01%252522%25252C%25250A%252509%252509%252509%252509%252509%252509%252509%252509%252522Date%252522%25253A%2525222026-07-14T05%25253A23%25253A00Z%252522%25250A%252509%252509%252509%252509%252509%252509%252509%25257D%25252C%25250A%252509%252509%252509%252509%252509%252509%252509%25257B%25250A%252509%252509%252509%252509%252509%252509%252509%252509%252522Value%252522%25253A%2525220.0%2525260.0%2525260.0%252522%25252C%25250A%252509%252509%252509%252509%252509%252509%252509%252509%252522Date%252522%25253A%2525222026-07-14T05%25253A23%25253A05Z%252522%25250A%252509%252509%252509%252509%252509%252509%252509%25257D%25252C%25250A%252509%252509%252509%252509%252509%252509%252509%25257B%25250A%252509%252509%252509%252509%252509%252509%252509%252509%252522Value%252522%25253A%2525220.0%2525260.01%2525260.0%252522%25252C%25250A%252509%252509%252509%252509%252509%252509%252509%252509%252522Date%252522%25253A%2525222026-07-14T05%25253A23%25253A10Z%252522%25250A%252509%252509%252509%252509%252509%252509%252509%25257D%25252C%25250A%252509%252509%252509%252509%252509%252509%252509%25257B%25250A%252509%252509%252509%252509%252509%252509%252509%252509%252522Value%252522%25253A%2525220.0%2525260.0%2525260.0%252522%25252C%25250A%252509%252509%252509%252509%252509%252509%252509%252509%252522Date%252522%25253A%2525222026-07-14T05%25253A23%25253A15Z%252522%25250A%252509%252509%252509%252509%252509%252509%252509%25257D%25252C%25250A%252509%252509%252509%252509%252509%252509%252509%25257B%25250A%252509%252509%252509%252509%252509%252509%252509%252509%252522Value%252522%25253A%2525220.0%2525260.01%2525260.0%252522%25252C%25250A%252509%252509%252509%252509%252509%252509%252509%252509%252522Date%252522%25253A%2525222026-07-14T05%25253A23%25253A20Z%252522%25250A%252509%252509%252509%252509%252509%252509%252509%25257D%25252C%25250A%252509%252509%252509%252509%252509%252509%252509%25257B%25250A%252509%252509%252509%252509%252509%252509%252509%252509%252522Value%252522%25253A%2525220.0%2525260.0%2525260.0%252522%25252C%25250A%252509%252509%252509%252509%252509%252509%252509%252509%252522Date%252522%25253A%2525222026-07-14T05%25253A23%25253A25Z%252522%25250A%252509%252509%252509%252509%252509%252509%252509%25257D%25252C%25250A%252509%252509%252509%252509%252509%252509%252509%25257B%25250A%252509%252509%252509%252509%252509%252509%252509%252509%252522Value%252522%25253A%2525220.0%2525260.01%2525260.0%252522%25252C%25250A%252509%252509%252509%252509%252509%252509%252509%252509%252522Date%252522%25253A%2525222026-07-14T05%25253A23%25253A30Z%252522%25250A%252509%252509%252509%252509%252509%252509%252509%25257D%25252C%25250A%252509%252509%252509%252509%252509%252509%252509%25257B%25250A%252509%252509%252509%252509%252509%252509%252509%252509%252522Value%252522%25253A%2525220.0%2525260.0%2525260.0%252522%25252C%25250A%252509%252509%252509%252509%252509%252509%252509%252509%252522Date%252522%25253A%2525222026-07-14T05%25253A23%25253A35Z%252522%25250A%252509%252509%252509%252509%252509%252509%252509%25257D%25252C%25250A%252509%252509%252509%252509%252509%252509%252509%25257B%25250A%252509%252509%252509%252509%252509%252509%252509%252509%252522Value%252522%25253A%2525220.0%2525260.01%2525260.0%252522%25252C%25250A%252509%252509%252509%252509%252509%252509%252509%252509%252522Date%252522%25253A%2525222026-07-14T05%25253A23%25253A40Z%252522%25250A%252509%252509%252509%252509%252509%252509%252509%25257D%25252C%25250A%252509%252509%252509%252509%252509%252509%252509%25257B%25250A%252509%252509%252509%252509%252509%252509%252509%252509%252522Value%252522%25253A%2525220.0%2525260.0%2525260.0%252522%25252C%25250A%252509%252509%252509%252509%252509%252509%252509%252509%252522Date%252522%25253A%2525222026-07-14T05%25253A23%25253A45Z%252522%25250A%252509%252509%252509%252509%252509%252509%252509%25257D%25252C%25250A%252509%252509%252509%252509%252509%252509%252509%25257B%25250A%252509%252509%252509%252509%252509%252509%252509%252509%252522Value%252522%25253A%2525220.0%2525260.01%2525260.0%252522%25252C%25250A%252509%252509%252509%252509%252509%252509%252509%252509%252522Date%252522%25253A%2525222026-07-14T05%25253A23%25253A50Z%252522%25250A%252509%252509%252509%252509%252509%252509%252509%25257D%25252C%25250A%252509%252509%252509%252509%252509%252509%252509%25257B%25250A%252509%252509%252509%252509%252509%252509%252509%252509%252522Value%252522%25253A%2525220.0%2525260.0%2525260.0%252522%25252C%25250A%252509%252509%252509%252509%252509%252509%252509%252509%252522Date%252522%25253A%2525222026-07-14T05%25253A23%25253A55Z%252522%25250A%252509%252509%252509%252509%252509%252509%252509%25257D%25252C%25250A%252509%252509%252509%252509%252509%252509%252509%25257B%25250A%252509%252509%252509%252509%252509%252509%252509%252509%252522Value%252522%25253A%2525220.0%2525260.01%2525260.0%252522%25252C%25250A%252509%252509%252509%252509%252509%252509%252509%252509%252522Date%252522%25253A%2525222026-07-14T05%25253A24%25253A00Z%252522%25250A%252509%252509%252509%252509%252509%252509%252509%25257D%25252C%25250A%252509%252509%252509%252509%252509%252509%252509%25257B%25250A%252509%252509%252509%252509%252509%252509%252509%252509%252522Value%252522%25253A%2525220.0%2525260.0%2525260.0%252522%25252C%25250A%252509%252509%252509%252509%252509%252509%252509%252509%252522Date%252522%25253A%2525222026-07-14T05%25253A24%25253A05Z%252522%25250A%252509%252509%252509%252509%252509%252509%252509%25257D%25252C%25250A%252509%252509%252509%252509%252509%252509%252509%25257B%25250A%252509%252509%252509%252509%252509%252509%252509%252509%252522Value%252522%25253A%2525220.0%2525260.01%2525260.0%252522%25252C%25250A%252509%252509%252509%252509%252509%252509%252509%252509%252522Date%252522%25253A%2525222026-07-14T05%25253A24%25253A10Z%252522%25250A%252509%252509%252509%252509%252509%252509%252509%25257D%25252C%25250A%252509%252509%252509%252509%252509%252509%252509%25257B%25250A%252509%252509%252509%252509%252509%252509%252509%252509%252522Value%252522%25253A%2525220.0%2525260.0%2525260.0%252522%25252C%25250A%252509%252509%252509%252509%252509%252509%252509%252509%252522Date%252522%25253A%2525222026-07-14T05%25253A24%25253A15Z%252522%25250A%252509%252509%252509%252509%252509%252509%252509%25257D%25252C%25250A%252509%252509%252509%252509%252509%252509%252509%25257B%25250A%252509%252509%252509%252509%252509%252509%252509%252509%252522Value%252522%25253A%2525220.0%2525260.01%2525260.0%252522%25252C%25250A%252509%252509%252509%252509%252509%252509%252509%252509%252522Date%252522%25253A%2525222026-07-14T05%25253A24%25253A20Z%252522%25250A%252509%252509%252509%252509%252509%252509%252509%25257D%25252C%25250A%252509%252509%252509%252509%252509%252509%252509%25257B%25250A%252509%252509%252509%252509%252509%252509%252509%252509%252522Value%252522%25253A%2525220.0%2525260.0%2525260.0%252522%25252C%25250A%252509%252509%252509%252509%252509%252509%252509%252509%252522Date%252522%25253A%2525222026-07-14T05%25253A24%25253A25Z%252522%25250A%252509%252509%252509%252509%252509%252509%252509%25257D%25252C%25250A%252509%252509%252509%252509%252509%252509%252509%25257B%25250A%252509%252509%252509%252509%252509%252509%252509%252509%252522Value%252522%25253A%2525220.0%2525260.01%2525260.0%252522%25252C%25250A%252509%252509%252509%252509%252509%252509%252509%252509%252522Date%252522%25253A%2525222026-07-14T05%25253A24%25253A30Z%252522%25250A%252509%252509%252509%252509%252509%252509%252509%25257D%25252C%25250A%252509%252509%252509%252509%252509%252509%252509%25257B%25250A%252509%252509%252509%252509%252509%252509%252509%252509%252522Value%252522%25253A%2525220.0%2525260.0%2525260.0%252522%25252C%25250A%252509%252509%252509%252509%252509%252509%252509%252509%252522Date%252522%25253A%2525222026-07-14T05%25253A24%25253A35Z%252522%25250A%252509%252509%252509%252509%252509%252509%252509%25257D%25252C%25250A%252509%252509%252509%252509%252509%252509%252509%25257B%25250A%252509%252509%252509%252509%252509%252509%252509%252509%252522Value%252522%25253A%2525220.0%2525260.01%2525260.0%252522%25252C%25250A%252509%252509%252509%252509%252509%252509%252509%252509%252522Date%252522%25253A%2525222026-07-14T05%25253A24%25253A40Z%252522%25250A%252509%252509%252509%252509%252509%252509%252509%25257D%25252C%25250A%252509%252509%252509%252509%252509%252509%252509%25257B%25250A%252509%252509%252509%252509%252509%252509%252509%252509%252522Value%252522%25253A%2525220.0%2525260.0%2525260.0%252522%25252C%25250A%252509%252509%252509%252509%252509%252509%252509%252509%252522Date%252522%25253A%2525222026-07-14T05%25253A24%25253A45Z%252522%25250A%252509%252509%252509%252509%252509%252509%252509%25257D%25252C%25250A%252509%252509%252509%252509%252509%252509%252509%25257B%25250A%252509%252509%252509%252509%252509%252509%252509%252509%252522Value%252522%25253A%2525220.0%2525260.01%2525260.0%252522%25252C%25250A%252509%252509%252509%252509%252509%252509%252509%252509%252522Date%252522%25253A%2525222026-07-14T05%25253A24%25253A50Z%252522%25250A%252509%252509%252509%252509%252509%252509%252509%25257D%25252C%25250A%252509%252509%252509%252509%252509%252509%252509%25257B%25250A%252509%252509%252509%252509%252509%252509%252509%252509%252522Value%252522%25253A%2525220.0%2525260.0%2525260.0%252522%25252C%25250A%252509%252509%252509%252509%252509%252509%252509%252509%252522Date%252522%25253A%2525222026-07-14T05%25253A24%25253A55Z%252522%25250A%252509%252509%252509%252509%252509%252509%252509%25257D%25252C%25250A%252509%252509%252509%252509%252509%252509%252509%25257B%25250A%252509%252509%252509%252509%252509%252509%252509%252509%252522Value%252522%25253A%2525220.0%2525260.01%2525260.0%252522%25252C%25250A%252509%252509%252509%252509%252509%252509%252509%252509%252522Date%252522%25253A%2525222026-07-14T05%25253A25%25253A00Z%252522%25250A%252509%252509%252509%252509%252509%252509%252509%25257D%25252C%25250A%252509%252509%252509%252509%252509%252509%252509%25257B%25250A%252509%252509%252509%252509%252509%252509%252509%252509%252522Value%252522%25253A%2525220.0%2525260.0%2525260.0%252522%25252C%25250A%252509%252509%252509%252509%252509%252509%252509%252509%252522Date%252522%25253A%2525222026-07-14T05%25253A25%25253A05Z%252522%25250A%252509%252509%252509%252509%252509%252509%252509%25257D%25252C%25250A%252509%252509%252509%252509%252509%252509%252509%25257B%25250A%252509%252509%252509%252509%252509%252509%252509%252509%252522Value%252522%25253A%2525220.0%2525260.01%2525260.0%252522%25252C%25250A%252509%252509%252509%252509%252509%252509%252509%252509%252522Date%252522%25253A%2525222026-07-14T05%25253A25%25253A10Z%252522%25250A%252509%252509%252509%252509%252509%252509%252509%25257D%25252C%25250A%252509%252509%252509%252509%252509%252509%252509%25257B%25250A%252509%252509%252509%252509%252509%252509%252509%252509%252522Value%252522%25253A%2525220.0%2525260.0%2525260.0%252522%25252C%25250A%252509%252509%252509%252509%252509%252509%252509%252509%252522Date%252522%25253A%2525222026-07-14T05%25253A25%25253A15Z%252522%25250A%252509%252509%252509%252509%252509%252509%252509%25257D%25252C%25250A%252509%252509%252509%252509%252509%252509%252509%25257B%25250A%252509%252509%252509%252509%252509%252509%252509%252509%252522Value%252522%25253A%2525220.0%2525260.01%2525260.0%252522%25252C%25250A%252509%252509%252509%252509%252509%252509%252509%252509%252522Date%252522%25253A%2525222026-07-14T05%25253A25%25253A20Z%252522%25250A%252509%252509%252509%252509%252509%252509%252509%25257D%25252C%25250A%252509%252509%252509%252509%252509%252509%252509%25257B%25250A%252509%252509%252509%252509%252509%252509%252509%252509%252522Value%252522%25253A%2525220.0%2525260.0%2525260.0%252522%25252C%25250A%252509%252509%252509%252509%252509%252509%252509%252509%252522Date%252522%25253A%2525222026-07-14T05%25253A25%25253A25Z%252522%25250A%252509%252509%252509%252509%252509%252509%252509%25257D%25252C%25250A%252509%252509%252509%252509%252509%252509%252509%25257B%25250A%252509%252509%252509%252509%252509%252509%252509%252509%252522Value%252522%25253A%2525220.0%2525260.01%2525260.0%252522%25252C%25250A%252509%252509%252509%252509%252509%252509%252509%252509%252522Date%252522%25253A%2525222026-07-14T05%25253A25%25253A30Z%252522%25250A%252509%252509%252509%252509%252509%252509%252509%25257D%25252C%25250A%252509%252509%252509%252509%252509%252509%252509%25257B%25250A%252509%252509%252509%252509%252509%252509%252509%252509%252522Value%252522%25253A%2525220.0%2525260.0%2525260.0%252522%25252C%25250A%252509%252509%252509%252509%252509%252509%252509%252509%252522Date%252522%25253A%2525222026-07-14T05%25253A25%25253A35Z%252522%25250A%252509%252509%252509%252509%252509%252509%252509%25257D%25252C%25250A%252509%252509%252509%252509%252509%252509%252509%25257B%25250A%252509%252509%252509%252509%252509%252509%252509%252509%252522Value%252522%25253A%2525220.0%2525260.01%2525260.0%252522%25252C%25250A%252509%252509%252509%252509%252509%252509%252509%252509%252522Date%252522%25253A%2525222026-07-14T05%25253A25%25253A40Z%252522%25250A%252509%252509%252509%252509%252509%252509%252509%25257D%25252C%25250A%252509%252509%252509%252509%252509%252509%252509%25257B%25250A%252509%252509%252509%252509%252509%252509%252509%252509%252522Value%252522%25253A%2525220.0%2525260.0%2525260.0%252522%25252C%25250A%252509%252509%252509%252509%252509%252509%252509%252509%252522Date%252522%25253A%2525222026-07-14T05%25253A25%25253A45Z%252522%25250A%252509%252509%252509%252509%252509%252509%252509%25257D%25252C%25250A%252509%252509%252509%252509%252509%252509%252509%25257B%25250A%252509%252509%252509%252509%252509%252509%252509%252509%252522Value%252522%25253A%2525220.0%2525260.01%2525260.0%252522%25252C%25250A%252509%252509%252509%252509%252509%252509%252509%252509%252522Date%252522%25253A%2525222026-07-14T05%25253A25%25253A50Z%252522%25250A%252509%252509%252509%252509%252509%252509%252509%25257D%25252C%25250A%252509%252509%252509%252509%252509%252509%252509%25257B%25250A%252509%252509%252509%252509%252509%252509%252509%252509%252522Value%252522%25253A%2525220.0%2525260.0%2525260.0%252522%25252C%25250A%252509%252509%252509%252509%252509%252509%252509%252509%252522Date%252522%25253A%2525222026-07-14T05%25253A25%25253A55Z%252522%25250A%252509%252509%252509%252509%252509%252509%252509%25257D%25252C%25250A%252509%252509%252509%252509%252509%252509%252509%25257B%25250A%252509%252509%252509%252509%252509%252509%252509%252509%252522Value%252522%25253A%2525220.0%2525260.01%2525260.0%252522%25252C%25250A%252509%252509%252509%252509%252509%252509%252509%252509%252522Date%252522%25253A%2525222026-07-14T05%25253A26%25253A00Z%252522%25250A%252509%252509%252509%252509%252509%252509%252509%25257D%25252C%25250A%252509%252509%252509%252509%252509%252509%252509%25257B%25250A%252509%252509%252509%252509%252509%252509%252509%252509%252522Value%252522%25253A%2525220.0%2525260.0%2525260.0%252522%25252C%25250A%252509%252509%252509%252509%252509%252509%252509%252509%252522Date%252522%25253A%2525222026-07-14T05%25253A26%25253A05Z%252522%25250A%252509%252509%252509%252509%252509%252509%252509%25257D%25252C%25250A%252509%252509%252509%252509%252509%252509%252509%25257B%25250A%252509%252509%252509%252509%252509%252509%252509%252509%252522Value%252522%25253A%2525220.0%2525260.01%2525260.0%252522%25252C%25250A%252509%252509%252509%252509%252509%252509%252509%252509%252522Date%252522%25253A%2525222026-07-14T05%25253A26%25253A10Z%252522%25250A%252509%252509%252509%252509%252509%252509%252509%25257D%25252C%25250A%252509%252509%252509%252509%252509%252509%252509%25257B%25250A%252509%252509%252509%252509%252509%252509%252509%252509%252522Value%252522%25253A%2525220.0%2525260.0%2525260.0%252522%25252C%25250A%252509%252509%252509%252509%252509%252509%252509%252509%252522Date%252522%25253A%2525222026-07-14T05%25253A26%25253A15Z%252522%25250A%252509%252509%252509%252509%252509%252509%252509%25257D%25252C%25250A%252509%252509%252509%252509%252509%252509%252509%25257B%25250A%252509%252509%252509%252509%252509%252509%252509%252509%252522Value%252522%25253A%2525220.0%2525260.01%2525260.0%252522%25252C%25250A%252509%252509%252509%252509%252509%252509%252509%252509%252522Date%252522%25253A%2525222026-07-14T05%25253A26%25253A20Z%252522%25250A%252509%252509%252509%252509%252509%252509%252509%25257D%25252C%25250A%252509%252509%252509%252509%252509%252509%252509%25257B%25250A%252509%252509%252509%252509%252509%252509%252509%252509%252522Value%252522%25253A%2525220.0%2525260.0%2525260.0%252522%25252C%25250A%252509%252509%252509%252509%252509%252509%252509%252509%252522Date%252522%25253A%2525222026-07-14T05%25253A26%25253A25Z%252522%25250A%252509%252509%252509%252509%252509%252509%252509%25257D%25252C%25250A%252509%252509%252509%252509%252509%252509%252509%25257B%25250A%252509%252509%252509%252509%252509%252509%252509%252509%252522Value%252522%25253A%2525220.0%2525260.01%2525260.0%252522%25252C%25250A%252509%252509%252509%252509%252509%252509%252509%252509%252522Date%252522%25253A%2525222026-07-14T05%25253A26%25253A30Z%252522%25250A%252509%252509%252509%252509%252509%252509%252509%25257D%25252C%25250A%252509%252509%252509%252509%252509%252509%252509%25257B%25250A%252509%252509%252509%252509%252509%252509%252509%252509%252522Value%252522%25253A%2525220.0%2525260.0%2525260.0%252522%25252C%25250A%252509%252509%252509%252509%252509%252509%252509%252509%252522Date%252522%25253A%2525222026-07-14T05%25253A26%25253A35Z%252522%25250A%252509%252509%252509%252509%252509%252509%252509%25257D%25252C%25250A%252509%252509%252509%252509%252509%252509%252509%25257B%25250A%252509%252509%252509%252509%252509%252509%252509%252509%252522Value%252522%25253A%2525220.0%2525260.01%2525260.0%252522%25252C%25250A%252509%252509%252509%252509%252509%252509%252509%252509%252522Date%252522%25253A%2525222026-07-14T05%25253A26%25253A40Z%252522%25250A%252509%252509%252509%252509%252509%252509%252509%25257D%25252C%25250A%252509%252509%252509%252509%252509%252509%252509%25257B%25250A%252509%252509%252509%252509%252509%252509%252509%252509%252522Value%252522%25253A%2525220.0%2525260.0%2525260.0%252522%25252C%25250A%252509%252509%252509%252509%252509%252509%252509%252509%252522Date%252522%25253A%2525222026-07-14T05%25253A26%25253A45Z%252522%25250A%252509%252509%252509%252509%252509%252509%252509%25257D%25252C%25250A%252509%252509%252509%252509%252509%252509%252509%25257B%25250A%252509%252509%252509%252509%252509%252509%252509%252509%252522Value%252522%25253A%2525220.0%2525260.01%2525260.0%252522%25252C%25250A%252509%252509%252509%252509%252509%252509%252509%252509%252522Date%252522%25253A%2525222026-07-14T05%25253A26%25253A50Z%252522%25250A%252509%252509%252509%252509%252509%252509%252509%25257D%25252C%25250A%252509%252509%252509%252509%252509%252509%252509%25257B%25250A%252509%252509%252509%252509%252509%252509%252509%252509%252522Value%252522%25253A%2525220.0%2525260.0%2525260.0%252522%25252C%25250A%252509%252509%252509%252509%252509%252509%252509%252509%252522Date%252522%25253A%2525222026-07-14T05%25253A26%25253A55Z%252522%25250A%252509%252509%252509%252509%252509%252509%252509%25257D%25252C%25250A%252509%252509%252509%252509%252509%252509%252509%25257B%25250A%252509%252509%252509%252509%252509%252509%252509%252509%252522Value%252522%25253A%2525220.0%2525260.01%2525260.0%252522%25252C%25250A%252509%252509%252509%252509%252509%252509%252509%252509%252522Date%252522%25253A%2525222026-07-14T05%25253A27%25253A00Z%252522%25250A%252509%252509%252509%252509%252509%252509%252509%25257D%25252C%25250A%252509%252509%252509%252509%252509%252509%252509%25257B%25250A%252509%252509%252509%252509%252509%252509%252509%252509%252522Value%252522%25253A%2525220.0%2525260.0%2525260.0%252522%25252C%25250A%252509%252509%252509%252509%252509%252509%252509%252509%252522Date%252522%25253A%2525222026-07-14T05%25253A27%25253A05Z%252522%25250A%252509%252509%252509%252509%252509%252509%252509%25257D%25252C%25250A%252509%252509%252509%252509%252509%252509%252509%25257B%25250A%252509%252509%252509%252509%252509%252509%252509%252509%252522Value%252522%25253A%2525220.0%2525260.01%2525260.0%252522%25252C%25250A%252509%252509%252509%252509%252509%252509%252509%252509%252522Date%252522%25253A%2525222026-07-14T05%25253A27%25253A10Z%252522%25250A%252509%252509%252509%252509%252509%252509%252509%25257D%25252C%25250A%252509%252509%252509%252509%252509%252509%252509%25257B%25250A%252509%252509%252509%252509%252509%252509%252509%252509%252522Value%252522%25253A%2525220.0%2525260.0%2525260.0%252522%25252C%25250A%252509%252509%252509%252509%252509%252509%252509%252509%252522Date%252522%25253A%2525222026-07-14T05%25253A27%25253A15Z%252522%25250A%252509%252509%252509%252509%252509%252509%252509%25257D%25252C%25250A%252509%252509%252509%252509%252509%252509%252509%25257B%25250A%252509%252509%252509%252509%252509%252509%252509%252509%252522Value%252522%25253A%2525220.0%2525260.01%2525260.0%252522%25252C%25250A%252509%252509%252509%252509%252509%252509%252509%252509%252522Date%252522%25253A%2525222026-07-14T05%25253A27%25253A20Z%252522%25250A%252509%252509%252509%252509%252509%252509%252509%25257D%25252C%25250A%252509%252509%252509%252509%252509%252509%252509%25257B%25250A%252509%252509%252509%252509%252509%252509%252509%252509%252522Value%252522%25253A%2525220.0%2525263.2%2525263.2%252522%25252C%25250A%252509%252509%252509%252509%252509%252509%252509%252509%252522Date%252522%25253A%2525222026-07-14T05%25253A27%25253A25Z%252522%25250A%252509%252509%252509%252509%252509%252509%252509%25257D%25252C%25250A%252509%252509%252509%252509%252509%252509%252509%25257B%25250A%252509%252509%252509%252509%252509%252509%252509%252509%252522Value%252522%25253A%2525220.0%2525260.01%2525260.0%252522%25252C%25250A%252509%252509%252509%252509%252509%252509%252509%252509%252522Date%252522%25253A%2525222026-07-14T05%25253A27%25253A30Z%252522%25250A%252509%252509%252509%252509%252509%252509%252509%25257D%25252C%25250A%252509%252509%252509%252509%252509%252509%252509%25257B%25250A%252509%252509%252509%252509%252509%252509%252509%252509%252522Value%252522%25253A%2525220.0%2525260.0%2525260.0%252522%25252C%25250A%252509%252509%252509%252509%252509%252509%252509%252509%252522Date%252522%25253A%2525222026-07-14T05%25253A27%25253A35Z%252522%25250A%252509%252509%252509%252509%252509%252509%252509%25257D%25252C%25250A%252509%252509%252509%252509%252509%252509%252509%25257B%25250A%252509%252509%252509%252509%252509%252509%252509%252509%252522Value%252522%25253A%2525220.0%2525260.01%2525260.0%252522%25252C%25250A%252509%252509%252509%252509%252509%252509%252509%252509%252522Date%252522%25253A%2525222026-07-14T05%25253A27%25253A40Z%252522%25250A%252509%252509%252509%252509%252509%252509%252509%25257D%25252C%25250A%252509%252509%252509%252509%252509%252509%252509%25257B%25250A%252509%252509%252509%252509%252509%252509%252509%252509%252522Value%252522%25253A%2525220.0%2525260.0%2525260.0%252522%25252C%25250A%252509%252509%252509%252509%252509%252509%252509%252509%252522Date%252522%25253A%2525222026-07-14T05%25253A27%25253A45Z%252522%25250A%252509%252509%252509%252509%252509%252509%252509%25257D%25252C%25250A%252509%252509%252509%252509%252509%252509%252509%25257B%25250A%252509%252509%252509%252509%252509%252509%252509%252509%252522Value%252522%25253A%2525220.0%2525260.01%2525260.0%252522%25252C%25250A%252509%252509%252509%252509%252509%252509%252509%252509%252522Date%252522%25253A%2525222026-07-14T05%25253A27%25253A50Z%252522%25250A%252509%252509%252509%252509%252509%252509%252509%25257D%25252C%25250A%252509%252509%252509%252509%252509%252509%252509%25257B%25250A%252509%252509%252509%252509%252509%252509%252509%252509%252522Value%252522%25253A%2525220.0%2525260.0%2525260.0%252522%25252C%25250A%252509%252509%252509%252509%252509%252509%252509%252509%252522Date%252522%25253A%2525222026-07-14T05%25253A27%25253A55Z%252522%25250A%252509%252509%252509%252509%252509%252509%252509%25257D%25252C%25250A%252509%252509%252509%252509%252509%252509%252509%25257B%25250A%252509%252509%252509%252509%252509%252509%252509%252509%252522Value%252522%25253A%2525220.0%2525260.01%2525260.01%252522%25252C%25250A%252509%252509%252509%252509%252509%252509%252509%252509%252522Date%252522%25253A%2525222026-07-14T05%25253A28%25253A00Z%252522%25250A%252509%252509%252509%252509%252509%252509%252509%25257D%25252C%25250A%252509%252509%252509%252509%252509%252509%252509%25257B%25250A%252509%252509%252509%252509%252509%252509%252509%252509%252522Value%252522%25253A%2525220.0%2525260.0%2525260.0%252522%25252C%25250A%252509%252509%252509%252509%252509%252509%252509%252509%252522Date%252522%25253A%2525222026-07-14T05%25253A28%25253A05Z%252522%25250A%252509%252509%252509%252509%252509%252509%252509%25257D%25252C%25250A%252509%252509%252509%252509%252509%252509%252509%25257B%25250A%252509%252509%252509%252509%252509%252509%252509%252509%252522Value%252522%25253A%2525220.0%2525260.01%2525260.0%252522%25252C%25250A%252509%252509%252509%252509%252509%252509%252509%252509%252522Date%252522%25253A%2525222026-07-14T05%25253A28%25253A10Z%252522%25250A%252509%252509%252509%252509%252509%252509%252509%25257D%25252C%25250A%252509%252509%252509%252509%252509%252509%252509%25257B%25250A%252509%252509%252509%252509%252509%252509%252509%252509%252522Value%252522%25253A%2525220.0%2525260.0%2525260.0%252522%25252C%25250A%252509%252509%252509%252509%252509%252509%252509%252509%252522Date%252522%25253A%2525222026-07-14T05%25253A28%25253A15Z%252522%25250A%252509%252509%252509%252509%252509%252509%252509%25257D%25252C%25250A%252509%252509%252509%252509%252509%252509%252509%25257B%25250A%252509%252509%252509%252509%252509%252509%252509%252509%252522Value%252522%25253A%2525220.0%2525260.01%2525260.0%252522%25252C%25250A%252509%252509%252509%252509%252509%252509%252509%252509%252522Date%252522%25253A%2525222026-07-14T05%25253A28%25253A20Z%252522%25250A%252509%252509%252509%252509%252509%252509%252509%25257D%25252C%25250A%252509%252509%252509%252509%252509%252509%252509%25257B%25250A%252509%252509%252509%252509%252509%252509%252509%252509%252522Value%252522%25253A%2525220.0%2525260.0%2525260.0%252522%25252C%25250A%252509%252509%252509%252509%252509%252509%252509%252509%252522Date%252522%25253A%2525222026-07-14T05%25253A28%25253A25Z%252522%25250A%252509%252509%252509%252509%252509%252509%252509%25257D%25252C%25250A%252509%252509%252509%252509%252509%252509%252509%25257B%25250A%252509%252509%252509%252509%252509%252509%252509%252509%252522Value%252522%25253A%2525220.0%2525260.01%2525260.0%252522%25252C%25250A%252509%252509%252509%252509%252509%252509%252509%252509%252522Date%252522%25253A%2525222026-07-14T05%25253A28%25253A30Z%252522%25250A%252509%252509%252509%252509%252509%252509%252509%25257D%25252C%25250A%252509%252509%252509%252509%252509%252509%252509%25257B%25250A%252509%252509%252509%252509%252509%252509%252509%252509%252522Value%252522%25253A%2525220.0%2525260.0%2525260.0%252522%25252C%25250A%252509%252509%252509%252509%252509%252509%252509%252509%252522Date%252522%25253A%2525222026-07-14T05%25253A28%25253A35Z%252522%25250A%252509%252509%252509%252509%252509%252509%252509%25257D%25252C%25250A%252509%252509%252509%252509%252509%252509%252509%25257B%25250A%252509%252509%252509%252509%252509%252509%252509%252509%252522Value%252522%25253A%2525220.0%2525260.01%2525260.0%252522%25252C%25250A%252509%252509%252509%252509%252509%252509%252509%252509%252522Date%252522%25253A%2525222026-07-14T05%25253A28%25253A40Z%252522%25250A%252509%252509%252509%252509%252509%252509%252509%25257D%25252C%25250A%252509%252509%252509%252509%252509%252509%252509%25257B%25250A%252509%252509%252509%252509%252509%252509%252509%252509%252522Value%252522%25253A%2525220.0%2525260.0%2525260.0%252522%25252C%25250A%252509%252509%252509%252509%252509%252509%252509%252509%252522Date%252522%25253A%2525222026-07-14T05%25253A28%25253A45Z%252522%25250A%252509%252509%252509%252509%252509%252509%252509%25257D%25252C%25250A%252509%252509%252509%252509%252509%252509%252509%25257B%25250A%252509%252509%252509%252509%252509%252509%252509%252509%252522Value%252522%25253A%2525220.0%2525260.01%2525260.0%252522%25252C%25250A%252509%252509%252509%252509%252509%252509%252509%252509%252522Date%252522%25253A%2525222026-07-14T05%25253A28%25253A50Z%252522%25250A%252509%252509%252509%252509%252509%252509%252509%25257D%25252C%25250A%252509%252509%252509%252509%252509%252509%252509%25257B%25250A%252509%252509%252509%252509%252509%252509%252509%252509%252522Value%252522%25253A%2525220.0%2525260.0%2525260.0%252522%25252C%25250A%252509%252509%252509%252509%252509%252509%252509%252509%252522Date%252522%25253A%2525222026-07-14T05%25253A28%25253A55Z%252522%25250A%252509%252509%252509%252509%252509%252509%252509%25257D%25252C%25250A%252509%252509%252509%252509%252509%252509%252509%25257B%25250A%252509%252509%252509%252509%252509%252509%252509%252509%252522Value%252522%25253A%2525220.0%2525260.01%2525260.0%252522%25252C%25250A%252509%252509%252509%252509%252509%252509%252509%252509%252522Date%252522%25253A%2525222026-07-14T05%25253A29%25253A00Z%252522%25250A%252509%252509%252509%252509%252509%252509%252509%25257D%25252C%25250A%252509%252509%252509%252509%252509%252509%252509%25257B%25250A%252509%252509%252509%252509%252509%252509%252509%252509%252522Value%252522%25253A%2525220.0%2525260.0%2525260.0%252522%25252C%25250A%252509%252509%252509%252509%252509%252509%252509%252509%252522Date%252522%25253A%2525222026-07-14T05%25253A29%25253A05Z%252522%25250A%252509%252509%252509%252509%252509%252509%252509%25257D%25252C%25250A%252509%252509%252509%252509%252509%252509%252509%25257B%25250A%252509%252509%252509%252509%252509%252509%252509%252509%252522Value%252522%25253A%2525220.0%2525260.01%2525260.0%252522%25252C%25250A%252509%252509%252509%252509%252509%252509%252509%252509%252522Date%252522%25253A%2525222026-07-14T05%25253A29%25253A10Z%252522%25250A%252509%252509%252509%252509%252509%252509%252509%25257D%25252C%25250A%252509%252509%252509%252509%252509%252509%252509%25257B%25250A%252509%252509%252509%252509%252509%252509%252509%252509%252522Value%252522%25253A%2525220.0%2525260.0%2525260.0%252522%25252C%25250A%252509%252509%252509%252509%252509%252509%252509%252509%252522Date%252522%25253A%2525222026-07-14T05%25253A29%25253A15Z%252522%25250A%252509%252509%252509%252509%252509%252509%252509%25257D%25252C%25250A%252509%252509%252509%252509%252509%252509%252509%25257B%25250A%252509%252509%252509%252509%252509%252509%252509%252509%252522Value%252522%25253A%2525220.0%2525260.01%2525260.0%252522%25252C%25250A%252509%252509%252509%252509%252509%252509%252509%252509%252522Date%252522%25253A%2525222026-07-14T05%25253A29%25253A20Z%252522%25250A%252509%252509%252509%252509%252509%252509%252509%25257D%25252C%25250A%252509%252509%252509%252509%252509%252509%252509%25257B%25250A%252509%252509%252509%252509%252509%252509%252509%252509%252522Value%252522%25253A%2525220.0%2525260.0%2525260.0%252522%25252C%25250A%252509%252509%252509%252509%252509%252509%252509%252509%252522Date%252522%25253A%2525222026-07-14T05%25253A29%25253A25Z%252522%25250A%252509%252509%252509%252509%252509%252509%252509%25257D%25252C%25250A%252509%252509%252509%252509%252509%252509%252509%25257B%25250A%252509%252509%252509%252509%252509%252509%252509%252509%252522Value%252522%25253A%2525220.0%2525260.01%2525260.0%252522%25252C%25250A%252509%252509%252509%252509%252509%252509%252509%252509%252522Date%252522%25253A%2525222026-07-14T05%25253A29%25253A30Z%252522%25250A%252509%252509%252509%252509%252509%252509%252509%25257D%25252C%25250A%252509%252509%252509%252509%252509%252509%252509%25257B%25250A%252509%252509%252509%252509%252509%252509%252509%252509%252522Value%252522%25253A%2525220.0%2525260.0%2525260.0%252522%25252C%25250A%252509%252509%252509%252509%252509%252509%252509%252509%252522Date%252522%25253A%2525222026-07-14T05%25253A29%25253A35Z%252522%25250A%252509%252509%252509%252509%252509%252509%252509%25257D%25252C%25250A%252509%252509%252509%252509%252509%252509%252509%25257B%25250A%252509%252509%252509%252509%252509%252509%252509%252509%252522Value%252522%25253A%2525220.0%2525260.01%2525260.0%252522%25252C%25250A%252509%252509%252509%252509%252509%252509%252509%252509%252522Date%252522%25253A%2525222026-07-14T05%25253A29%25253A40Z%252522%25250A%252509%252509%252509%252509%252509%252509%252509%25257D%25252C%25250A%252509%252509%252509%252509%252509%252509%252509%25257B%25250A%252509%252509%252509%252509%252509%252509%252509%252509%252522Value%252522%25253A%2525220.0%2525260.0%2525260.0%252522%25252C%25250A%252509%252509%252509%252509%252509%252509%252509%252509%252522Date%252522%25253A%2525222026-07-14T05%25253A29%25253A45Z%252522%25250A%252509%252509%252509%252509%252509%252509%252509%25257D%25252C%25250A%252509%252509%252509%252509%252509%252509%252509%25257B%25250A%252509%252509%252509%252509%252509%252509%252509%252509%252522Value%252522%25253A%2525220.0%2525260.01%2525260.0%252522%25252C%25250A%252509%252509%252509%252509%252509%252509%252509%252509%252522Date%252522%25253A%2525222026-07-14T05%25253A29%25253A50Z%252522%25250A%252509%252509%252509%252509%252509%252509%252509%25257D%25252C%25250A%252509%252509%252509%252509%252509%252509%252509%25257B%25250A%252509%252509%252509%252509%252509%252509%252509%252509%252522Value%252522%25253A%2525220.0%2525260.0%2525260.0%252522%25252C%25250A%252509%252509%252509%252509%252509%252509%252509%252509%252522Date%252522%25253A%2525222026-07-14T05%25253A29%25253A55Z%252522%25250A%252509%252509%252509%252509%252509%252509%252509%25257D%25252C%25250A%252509%252509%252509%252509%252509%252509%252509%25257B%25250A%252509%252509%252509%252509%252509%252509%252509%252509%252522Value%252522%25253A%2525220.0%2525260.01%2525260.0%252522%25252C%25250A%252509%252509%252509%252509%252509%252509%252509%252509%252522Date%252522%25253A%2525222026-07-14T05%25253A30%25253A00Z%252522%25250A%252509%252509%252509%252509%252509%252509%252509%25257D%25252C%25250A%252509%252509%252509%252509%252509%252509%252509%25257B%25250A%252509%252509%252509%252509%252509%252509%252509%252509%252522Value%252522%25253A%2525220.0%2525260.01%2525260.0%252522%25252C%25250A%252509%252509%252509%252509%252509%252509%252509%252509%252522Date%252522%25253A%2525222026-07-14T05%25253A30%25253A05Z%252522%25250A%252509%252509%252509%252509%252509%252509%252509%25257D%25252C%25250A%252509%252509%252509%252509%252509%252509%252509%25257B%25250A%252509%252509%252509%252509%252509%252509%252509%252509%252522Value%252522%25253A%2525220.0%2525260.01%2525260.0%252522%25252C%25250A%252509%252509%252509%252509%252509%252509%252509%252509%252522Date%252522%25253A%2525222026-07-14T05%25253A30%25253A10Z%252522%25250A%252509%252509%252509%252509%252509%252509%252509%25257D%25252C%25250A%252509%252509%252509%252509%252509%252509%252509%25257B%25250A%252509%252509%252509%252509%252509%252509%252509%252509%252522Value%252522%25253A%2525220.0%2525260.0%2525260.0%252522%25252C%25250A%252509%252509%252509%252509%252509%252509%252509%252509%252522Date%252522%25253A%2525222026-07-14T05%25253A30%25253A15Z%252522%25250A%252509%252509%252509%252509%252509%252509%252509%25257D%25252C%25250A%252509%252509%252509%252509%252509%252509%252509%25257B%25250A%252509%252509%252509%252509%252509%252509%252509%252509%252522Value%252522%25253A%2525220.0%2525260.01%2525260.0%252522%25252C%25250A%252509%252509%252509%252509%252509%252509%252509%252509%252522Date%252522%25253A%2525222026-07-14T05%25253A30%25253A20Z%252522%25250A%252509%252509%252509%252509%252509%252509%252509%25257D%25252C%25250A%252509%252509%252509%252509%252509%252509%252509%25257B%25250A%252509%252509%252509%252509%252509%252509%252509%252509%252522Value%252522%25253A%2525220.0%2525260.0%2525260.0%252522%25252C%25250A%252509%252509%252509%252509%252509%252509%252509%252509%252522Date%252522%25253A%2525222026-07-14T05%25253A30%25253A25Z%252522%25250A%252509%252509%252509%252509%252509%252509%252509%25257D%25252C%25250A%252509%252509%252509%252509%252509%252509%252509%25257B%25250A%252509%252509%252509%252509%252509%252509%252509%252509%252522Value%252522%25253A%2525220.0%2525260.01%2525260.0%252522%25252C%25250A%252509%252509%252509%252509%252509%252509%252509%252509%252522Date%252522%25253A%2525222026-07-14T05%25253A30%25253A30Z%252522%25250A%252509%252509%252509%252509%252509%252509%252509%25257D%25252C%25250A%252509%252509%252509%252509%252509%252509%252509%25257B%25250A%252509%252509%252509%252509%252509%252509%252509%252509%252522Value%252522%25253A%2525220.0%2525260.0%2525260.0%252522%25252C%25250A%252509%252509%252509%252509%252509%252509%252509%252509%252522Date%252522%25253A%2525222026-07-14T05%25253A30%25253A35Z%252522%25250A%252509%252509%252509%252509%252509%252509%252509%25257D%25252C%25250A%252509%252509%252509%252509%252509%252509%252509%25257B%25250A%252509%252509%252509%252509%252509%252509%252509%252509%252522Value%252522%25253A%2525220.0%2525260.01%2525260.0%252522%25252C%25250A%252509%252509%252509%252509%252509%252509%252509%252509%252522Date%252522%25253A%2525222026-07-14T05%25253A30%25253A40Z%252522%25250A%252509%252509%252509%252509%252509%252509%252509%25257D%25252C%25250A%252509%252509%252509%252509%252509%252509%252509%25257B%25250A%252509%252509%252509%252509%252509%252509%252509%252509%252522Value%252522%25253A%2525220.0%2525260.0%2525260.0%252522%25252C%25250A%252509%252509%252509%252509%252509%252509%252509%252509%252522Date%252522%25253A%2525222026-07-14T05%25253A30%25253A45Z%252522%25250A%252509%252509%252509%252509%252509%252509%252509%25257D%25252C%25250A%252509%252509%252509%252509%252509%252509%252509%25257B%25250A%252509%252509%252509%252509%252509%252509%252509%252509%252522Value%252522%25253A%2525220.0%2525260.01%2525260.0%252522%25252C%25250A%252509%252509%252509%252509%252509%252509%252509%252509%252522Date%252522%25253A%2525222026-07-14T05%25253A30%25253A50Z%252522%25250A%252509%252509%252509%252509%252509%252509%252509%25257D%25252C%25250A%252509%252509%252509%252509%252509%252509%252509%25257B%25250A%252509%252509%252509%252509%252509%252509%252509%252509%252522Value%252522%25253A%2525220.0%2525260.0%2525260.0%252522%25252C%25250A%252509%252509%252509%252509%252509%252509%252509%252509%252522Date%252522%25253A%2525222026-07-14T05%25253A30%25253A55Z%252522%25250A%252509%252509%252509%252509%252509%252509%252509%25257D%25252C%25250A%252509%252509%252509%252509%252509%252509%252509%25257B%25250A%252509%252509%252509%252509%252509%252509%252509%252509%252522Value%252522%25253A%2525220.0%2525260.01%2525260.0%252522%25252C%25250A%252509%252509%252509%252509%252509%252509%252509%252509%252522Date%252522%25253A%2525222026-07-14T05%25253A31%25253A00Z%252522%25250A%252509%252509%252509%252509%252509%252509%252509%25257D%25252C%25250A%252509%252509%252509%252509%252509%252509%252509%25257B%25250A%252509%252509%252509%252509%252509%252509%252509%252509%252522Value%252522%25253A%2525220.0%2525260.0%2525260.0%252522%25252C%25250A%252509%252509%252509%252509%252509%252509%252509%252509%252522Date%252522%25253A%2525222026-07-14T05%25253A31%25253A05Z%252522%25250A%252509%252509%252509%252509%252509%252509%252509%25257D%25252C%25250A%252509%252509%252509%252509%252509%252509%252509%25257B%25250A%252509%252509%252509%252509%252509%252509%252509%252509%252522Value%252522%25253A%2525220.0%2525260.01%2525260.0%252522%25252C%25250A%252509%252509%252509%252509%252509%252509%252509%252509%252522Date%252522%25253A%2525222026-07-14T05%25253A31%25253A10Z%252522%25250A%252509%252509%252509%252509%252509%252509%252509%25257D%25252C%25250A%252509%252509%252509%252509%252509%252509%252509%25257B%25250A%252509%252509%252509%252509%252509%252509%252509%252509%252522Value%252522%25253A%2525220.0%2525260.0%2525260.0%252522%25252C%25250A%252509%252509%252509%252509%252509%252509%252509%252509%252522Date%252522%25253A%2525222026-07-14T05%25253A31%25253A15Z%252522%25250A%252509%252509%252509%252509%252509%252509%252509%25257D%25252C%25250A%252509%252509%252509%252509%252509%252509%252509%25257B%25250A%252509%252509%252509%252509%252509%252509%252509%252509%252522Value%252522%25253A%2525220.0%2525260.01%2525260.0%252522%25252C%25250A%252509%252509%252509%252509%252509%252509%252509%252509%252522Date%252522%25253A%2525222026-07-14T05%25253A31%25253A20Z%252522%25250A%252509%252509%252509%252509%252509%252509%252509%25257D%25252C%25250A%252509%252509%252509%252509%252509%252509%252509%25257B%25250A%252509%252509%252509%252509%252509%252509%252509%252509%252522Value%252522%25253A%2525220.0%2525260.0%2525260.0%252522%25252C%25250A%252509%252509%252509%252509%252509%252509%252509%252509%252522Date%252522%25253A%2525222026-07-14T05%25253A31%25253A25Z%252522%25250A%252509%252509%252509%252509%252509%252509%252509%25257D%25252C%25250A%252509%252509%252509%252509%252509%252509%252509%25257B%25250A%252509%252509%252509%252509%252509%252509%252509%252509%252522Value%252522%25253A%2525220.0%2525260.01%2525260.0%252522%25252C%25250A%252509%252509%252509%252509%252509%252509%252509%252509%252522Date%252522%25253A%2525222026-07-14T05%25253A31%25253A30Z%252522%25250A%252509%252509%252509%252509%252509%252509%252509%25257D%25252C%25250A%252509%252509%252509%252509%252509%252509%252509%25257B%25250A%252509%252509%252509%252509%252509%252509%252509%252509%252522Value%252522%25253A%2525220.0%2525260.01%2525260.0%252522%25252C%25250A%252509%252509%252509%252509%252509%252509%252509%252509%252522Date%252522%25253A%2525222026-07-14T05%25253A31%25253A35Z%252522%25250A%252509%252509%252509%252509%252509%252509%252509%25257D%25252C%25250A%252509%252509%252509%252509%252509%252509%252509%25257B%25250A%252509%252509%252509%252509%252509%252509%252509%252509%252522Value%252522%25253A%2525220.0%2525260.01%2525260.0%252522%25252C%25250A%252509%252509%252509%252509%252509%252509%252509%252509%252522Date%252522%25253A%2525222026-07-14T05%25253A31%25253A40Z%252522%25250A%252509%252509%252509%252509%252509%252509%252509%25257D%25252C%25250A%252509%252509%252509%252509%252509%252509%252509%25257B%25250A%252509%252509%252509%252509%252509%252509%252509%252509%252522Value%252522%25253A%2525220.0%2525260.0%2525260.0%252522%25252C%25250A%252509%252509%252509%252509%252509%252509%252509%252509%252522Date%252522%25253A%2525222026-07-14T05%25253A31%25253A45Z%252522%25250A%252509%252509%252509%252509%252509%252509%252509%25257D%25252C%25250A%252509%252509%252509%252509%252509%252509%252509%25257B%25250A%252509%252509%252509%252509%252509%252509%252509%252509%252522Value%252522%25253A%2525220.0%2525260.01%2525260.0%252522%25252C%25250A%252509%252509%252509%252509%252509%252509%252509%252509%252522Date%252522%25253A%2525222026-07-14T05%25253A31%25253A50Z%252522%25250A%252509%252509%252509%252509%252509%252509%252509%25257D%25252C%25250A%252509%252509%252509%252509%252509%252509%252509%25257B%25250A%252509%252509%252509%252509%252509%252509%252509%252509%252522Value%252522%25253A%2525220.0%2525260.0%2525260.0%252522%25252C%25250A%252509%252509%252509%252509%252509%252509%252509%252509%252522Date%252522%25253A%2525222026-07-14T05%25253A31%25253A55Z%252522%25250A%252509%252509%252509%252509%252509%252509%252509%25257D%25252C%25250A%252509%252509%252509%252509%252509%252509%252509%25257B%25250A%252509%252509%252509%252509%252509%252509%252509%252509%252522Value%252522%25253A%2525220.0%2525260.01%2525260.0%252522%25252C%25250A%252509%252509%252509%252509%252509%252509%252509%252509%252522Date%252522%25253A%2525222026-07-14T05%25253A32%25253A00Z%252522%25250A%252509%252509%252509%252509%252509%252509%252509%25257D%25252C%25250A%252509%252509%252509%252509%252509%252509%252509%25257B%25250A%252509%252509%252509%252509%252509%252509%252509%252509%252522Value%252522%25253A%2525220.0%2525260.0%2525260.0%252522%25252C%25250A%252509%252509%252509%252509%252509%252509%252509%252509%252522Date%252522%25253A%2525222026-07-14T05%25253A32%25253A05Z%252522%25250A%252509%252509%252509%252509%252509%252509%252509%25257D%25252C%25250A%252509%252509%252509%252509%252509%252509%252509%25257B%25250A%252509%252509%252509%252509%252509%252509%252509%252509%252522Value%252522%25253A%2525220.0%2525260.01%2525260.0%252522%25252C%25250A%252509%252509%252509%252509%252509%252509%252509%252509%252522Date%252522%25253A%2525222026...%2526headers%253D%25257B%252522Content-Type%252522%25253A%252522application%25252Fx-www-form-urlencoded%252522%25257D%2526rtype%253Dxhr%2526plugin_version%253D3.2.4%2526ts%253D1784010223956%2526type%253Dapi%26cache%3Dd502264%26jsver%3Daplus.js%26lver%3D1.13.27%26customSdkId%3D%26platformType%3Dpc%26device_model%3DMacintosh%26os%3DMac%20OS%20X%26os_version%3D10.15.7%26o%3Dmac%26w%3Dwebkit%26s%3D1280x720%26scr%3D1280x720%26m%3D%26ism%3Dmac%26p%3D1%26b%3Dchrome149%26tag%3D0%26stag%3D-3%26lstag%3D-1%26_g_encode%3Dutf-8&cna=&spm-cnt=5176.19908494.0.0.52d91450cxuUDN&spm-url=5176.28369458.0.0.36961450Jepyio&_gr_uid_=1048726631550559&uidaplus=1048726631550559&logtype=2&scr=1280x720&_p_url=https%3A%2F%2Frdsnext.console.aliyun.com%2Fdetail%2Fpgm-wz9t7bv5jsk55jh1%2FmonitorAlarm%3Fspm%3D5176.28369458.0.0.36961450Jepyio%26region%3Dcn-shenzhen%26DedicatedHostGroupId%3D:0
[  595150ms] [ERROR] Failed to load resource: net::ERR_CONNECTION_CLOSED @ https://d-gm.mmstat.com/aes.1.1:0
[  595150ms] [WARNING] [APLUS] -- 日志上报失败，注意，要切成动态网络啦! @ :2
[  595150ms] [WARNING] [APLUS] -- 日志上报失败，注意，要切成动态网络啦! @ :2
[  595178ms] [LOG] teamix debugger execute @ https://g.alicdn.com/apsaradb-fe/das/0.3.2/static/js/1401.53564c4b.chunk.js:0
[  595212ms] [LOG] teamix debugger execute @ https://g.alicdn.com/apsaradb-fe/das/0.3.2/static/js/1401.53564c4b.chunk.js:0
[  595233ms] [LOG] teamix debugger execute @ https://g.alicdn.com/apsaradb-fe/das/0.3.2/static/js/1401.53564c4b.chunk.js:0
[  595254ms] [LOG] teamix debugger execute @ https://g.alicdn.com/apsaradb-fe/das/0.3.2/static/js/1401.53564c4b.chunk.js:0
[  595642ms] [ERROR] Failed to load resource: net::ERR_CONNECTION_CLOSED @ https://log.mmstat.com/eg.js:0
[  595672ms] [ERROR] Failed to load resource: net::ERR_CONNECTION_CLOSED @ https://d-gm.mmstat.com/aes.1.1:0
[  596609ms] [ERROR] Failed to load resource: net::ERR_CONNECTION_CLOSED @ https://log.mmstat.com/eg.js:0
[  596640ms] [ERROR] Failed to load resource: net::ERR_CONNECTION_CLOSED @ https://d-gm.mmstat.com/aes.1.1:0
[  596641ms] [ERROR] Failed to load resource: net::ERR_CONNECTION_CLOSED @ https://d-gm.mmstat.com/aes.1.1:0
[  604475ms] [ERROR] Failed to load resource: net::ERR_CONNECTION_CLOSED @ https://log.mmstat.com/eg.js:0
[  604506ms] [ERROR] Failed to load resource: net::ERR_CONNECTION_CLOSED @ https://d-gm.mmstat.com/aes.1.1:0
[  604507ms] [ERROR] Failed to load resource: net::ERR_CONNECTION_CLOSED @ https://d-gm.mmstat.com/aes.1.1:0
[  606730ms] [ERROR] Failed to load resource: net::ERR_CONNECTION_CLOSED @ https://log.mmstat.com/eg.js:0
[  606759ms] [ERROR] Failed to load resource: net::ERR_CONNECTION_CLOSED @ https://d-gm.mmstat.com/aes.1.1:0
[  606760ms] [ERROR] Failed to load resource: net::ERR_CONNECTION_CLOSED @ https://d-gm.mmstat.com/aes.1.1:0
[  614628ms] [ERROR] Failed to load resource: net::ERR_CONNECTION_CLOSED @ https://log.mmstat.com/eg.js:0
[  614661ms] [ERROR] Failed to load resource: net::ERR_CONNECTION_CLOSED @ https://d-gm.mmstat.com/aes.1.1:0
[  614661ms] [ERROR] Failed to load resource: net::ERR_CONNECTION_CLOSED @ https://d-gm.mmstat.com/aes.1.1:0
[  616882ms] [ERROR] Failed to load resource: net::ERR_CONNECTION_CLOSED @ https://log.mmstat.com/eg.js:0
[  616914ms] [ERROR] Failed to load resource: net::ERR_CONNECTION_CLOSED @ https://d-gm.mmstat.com/aes.1.1:0
[  616915ms] [ERROR] Failed to load resource: net::ERR_CONNECTION_CLOSED @ https://d-gm.mmstat.com/aes.1.1:0
[  624733ms] [ERROR] Failed to load resource: net::ERR_CONNECTION_CLOSED @ https://log.mmstat.com/eg.js:0
[  624764ms] [ERROR] Failed to load resource: net::ERR_CONNECTION_CLOSED @ https://d-gm.mmstat.com/aes.1.1:0
[  624764ms] [ERROR] Failed to load resource: net::ERR_CONNECTION_CLOSED @ https://d-gm.mmstat.com/aes.1.1:0
[  627006ms] [ERROR] Failed to load resource: net::ERR_CONNECTION_CLOSED @ https://log.mmstat.com/eg.js:0
[  627039ms] [ERROR] Failed to load resource: net::ERR_CONNECTION_CLOSED @ https://d-gm.mmstat.com/aes.1.1:0
[  627039ms] [ERROR] Failed to load resource: net::ERR_CONNECTION_CLOSED @ https://d-gm.mmstat.com/aes.1.1:0
[  634829ms] [ERROR] Failed to load resource: net::ERR_CONNECTION_CLOSED @ https://log.mmstat.com/eg.js:0
[  634860ms] [ERROR] Failed to load resource: net::ERR_CONNECTION_CLOSED @ https://d-gm.mmstat.com/aes.1.1:0
[  634860ms] [ERROR] Failed to load resource: net::ERR_CONNECTION_CLOSED @ https://d-gm.mmstat.com/aes.1.1:0
[  637129ms] [ERROR] Failed to load resource: net::ERR_CONNECTION_CLOSED @ https://log.mmstat.com/eg.js:0
[  637160ms] [ERROR] Failed to load resource: net::ERR_CONNECTION_CLOSED @ https://d-gm.mmstat.com/aes.1.1:0
[  637160ms] [ERROR] Failed to load resource: net::ERR_CONNECTION_CLOSED @ https://d-gm.mmstat.com/aes.1.1:0
[  644949ms] [ERROR] Failed to load resource: net::ERR_CONNECTION_CLOSED @ https://log.mmstat.com/eg.js:0
[  644979ms] [ERROR] Failed to load resource: net::ERR_CONNECTION_CLOSED @ https://d-gm.mmstat.com/aes.1.1:0
[  644979ms] [ERROR] Failed to load resource: net::ERR_CONNECTION_CLOSED @ https://d-gm.mmstat.com/aes.1.1:0
[  647197ms] [ERROR] Failed to load resource: net::ERR_CONNECTION_CLOSED @ https://log.mmstat.com/eg.js:0
[  647228ms] [ERROR] Failed to load resource: net::ERR_CONNECTION_CLOSED @ https://d-gm.mmstat.com/aes.1.1:0
[  647229ms] [ERROR] Failed to load resource: net::ERR_CONNECTION_CLOSED @ https://d-gm.mmstat.com/aes.1.1:0
[  655051ms] [ERROR] Failed to load resource: net::ERR_CONNECTION_CLOSED @ https://log.mmstat.com/eg.js:0
[  655084ms] [ERROR] Failed to load resource: net::ERR_CONNECTION_CLOSED @ https://d-gm.mmstat.com/aes.1.1:0
[  655084ms] [ERROR] Failed to load resource: net::ERR_CONNECTION_CLOSED @ https://d-gm.mmstat.com/aes.1.1:0
[  657303ms] [ERROR] Failed to load resource: net::ERR_CONNECTION_CLOSED @ https://log.mmstat.com/eg.js:0
[  657335ms] [ERROR] Failed to load resource: net::ERR_CONNECTION_CLOSED @ https://d-gm.mmstat.com/aes.1.1:0
[  657335ms] [ERROR] Failed to load resource: net::ERR_CONNECTION_CLOSED @ https://d-gm.mmstat.com/aes.1.1:0
[  665158ms] [ERROR] Failed to load resource: net::ERR_CONNECTION_CLOSED @ https://log.mmstat.com/eg.js:0
[  665189ms] [ERROR] Failed to load resource: net::ERR_CONNECTION_CLOSED @ https://d-gm.mmstat.com/aes.1.1:0
[  665189ms] [ERROR] Failed to load resource: net::ERR_CONNECTION_CLOSED @ https://d-gm.mmstat.com/aes.1.1:0
[  667397ms] [ERROR] Failed to load resource: net::ERR_CONNECTION_CLOSED @ https://log.mmstat.com/eg.js:0
[  667428ms] [ERROR] Failed to load resource: net::ERR_CONNECTION_CLOSED @ https://d-gm.mmstat.com/aes.1.1:0
[  667428ms] [ERROR] Failed to load resource: net::ERR_CONNECTION_CLOSED @ https://d-gm.mmstat.com/aes.1.1:0
[  675249ms] [ERROR] Failed to load resource: net::ERR_CONNECTION_CLOSED @ https://log.mmstat.com/eg.js:0
[  675280ms] [ERROR] Failed to load resource: net::ERR_CONNECTION_CLOSED @ https://d-gm.mmstat.com/aes.1.1:0
[  675280ms] [ERROR] Failed to load resource: net::ERR_CONNECTION_CLOSED @ https://d-gm.mmstat.com/aes.1.1:0
[  677496ms] [ERROR] Failed to load resource: net::ERR_CONNECTION_CLOSED @ https://log.mmstat.com/eg.js:0
[  677527ms] [ERROR] Failed to load resource: net::ERR_CONNECTION_CLOSED @ https://d-gm.mmstat.com/aes.1.1:0
[  677527ms] [ERROR] Failed to load resource: net::ERR_CONNECTION_CLOSED @ https://d-gm.mmstat.com/aes.1.1:0
[  685415ms] [ERROR] Failed to load resource: net::ERR_CONNECTION_CLOSED @ https://log.mmstat.com/eg.js:0
[  685445ms] [ERROR] Failed to load resource: net::ERR_CONNECTION_CLOSED @ https://d-gm.mmstat.com/aes.1.1:0
[  685445ms] [ERROR] Failed to load resource: net::ERR_CONNECTION_CLOSED @ https://d-gm.mmstat.com/aes.1.1:0
[  687649ms] [ERROR] Failed to load resource: net::ERR_CONNECTION_CLOSED @ https://log.mmstat.com/eg.js:0
[  687682ms] [ERROR] Failed to load resource: net::ERR_CONNECTION_CLOSED @ https://d-gm.mmstat.com/aes.1.1:0
[  687682ms] [ERROR] Failed to load resource: net::ERR_CONNECTION_CLOSED @ https://d-gm.mmstat.com/aes.1.1:0
[  695506ms] [ERROR] Failed to load resource: net::ERR_CONNECTION_CLOSED @ https://log.mmstat.com/eg.js:0
[  695537ms] [ERROR] Failed to load resource: net::ERR_CONNECTION_CLOSED @ https://d-gm.mmstat.com/aes.1.1:0
[  695537ms] [ERROR] Failed to load resource: net::ERR_CONNECTION_CLOSED @ https://d-gm.mmstat.com/aes.1.1:0
[  697753ms] [ERROR] Failed to load resource: net::ERR_CONNECTION_CLOSED @ https://log.mmstat.com/eg.js:0
[  697784ms] [ERROR] Failed to load resource: net::ERR_CONNECTION_CLOSED @ https://d-gm.mmstat.com/aes.1.1:0
[  697784ms] [ERROR] Failed to load resource: net::ERR_CONNECTION_CLOSED @ https://d-gm.mmstat.com/aes.1.1:0
[  705603ms] [ERROR] Failed to load resource: net::ERR_CONNECTION_CLOSED @ https://log.mmstat.com/eg.js:0
[  705633ms] [ERROR] Failed to load resource: net::ERR_CONNECTION_CLOSED @ https://d-gm.mmstat.com/aes.1.1:0
[  705633ms] [ERROR] Failed to load resource: net::ERR_CONNECTION_CLOSED @ https://d-gm.mmstat.com/aes.1.1:0
[  707899ms] [ERROR] Failed to load resource: net::ERR_CONNECTION_CLOSED @ https://log.mmstat.com/eg.js:0
[  707930ms] [ERROR] Failed to load resource: net::ERR_CONNECTION_CLOSED @ https://d-gm.mmstat.com/aes.1.1:0
[  707930ms] [ERROR] Failed to load resource: net::ERR_CONNECTION_CLOSED @ https://d-gm.mmstat.com/aes.1.1:0
[  715737ms] [ERROR] Failed to load resource: net::ERR_CONNECTION_CLOSED @ https://log.mmstat.com/eg.js:0
[  715767ms] [ERROR] Failed to load resource: net::ERR_CONNECTION_CLOSED @ https://d-gm.mmstat.com/aes.1.1:0
[  715768ms] [ERROR] Failed to load resource: net::ERR_CONNECTION_CLOSED @ https://d-gm.mmstat.com/aes.1.1:0
[  717992ms] [ERROR] Failed to load resource: net::ERR_CONNECTION_CLOSED @ https://log.mmstat.com/eg.js:0
[  718023ms] [ERROR] Failed to load resource: net::ERR_CONNECTION_CLOSED @ https://d-gm.mmstat.com/aes.1.1:0
[  718024ms] [ERROR] Failed to load resource: net::ERR_CONNECTION_CLOSED @ https://d-gm.mmstat.com/aes.1.1:0
[  725840ms] [ERROR] Failed to load resource: net::ERR_CONNECTION_CLOSED @ https://log.mmstat.com/eg.js:0
[  725871ms] [ERROR] Failed to load resource: net::ERR_CONNECTION_CLOSED @ https://d-gm.mmstat.com/aes.1.1:0
[  725871ms] [ERROR] Failed to load resource: net::ERR_CONNECTION_CLOSED @ https://d-gm.mmstat.com/aes.1.1:0
[  728098ms] [ERROR] Failed to load resource: net::ERR_CONNECTION_CLOSED @ https://log.mmstat.com/eg.js:0
[  728128ms] [ERROR] Failed to load resource: net::ERR_CONNECTION_CLOSED @ https://d-gm.mmstat.com/aes.1.1:0
[  728128ms] [ERROR] Failed to load resource: net::ERR_CONNECTION_CLOSED @ https://d-gm.mmstat.com/aes.1.1:0
[  735954ms] [ERROR] Failed to load resource: net::ERR_CONNECTION_CLOSED @ https://log.mmstat.com/eg.js:0
[  735987ms] [ERROR] Failed to load resource: net::ERR_CONNECTION_CLOSED @ https://d-gm.mmstat.com/aes.1.1:0
[  735987ms] [ERROR] Failed to load resource: net::ERR_CONNECTION_CLOSED @ https://d-gm.mmstat.com/aes.1.1:0
[  738300ms] [ERROR] Failed to load resource: net::ERR_CONNECTION_CLOSED @ https://log.mmstat.com/eg.js:0
[  738330ms] [ERROR] Failed to load resource: net::ERR_CONNECTION_CLOSED @ https://d-gm.mmstat.com/aes.1.1:0
[  738330ms] [ERROR] Failed to load resource: net::ERR_CONNECTION_CLOSED @ https://d-gm.mmstat.com/aes.1.1:0
[  742085ms] [ERROR] Failed to load resource: net::ERR_CONNECTION_CLOSED @ https://log.mmstat.com/eg.js:0
[  742115ms] [ERROR] Failed to load resource: net::ERR_CONNECTION_CLOSED @ https://d-gm.mmstat.com/aes.1.1:0
[  742528ms] [ERROR] Failed to load resource: net::ERR_CONNECTION_CLOSED @ https://log.mmstat.com/eg.js:0
[  742559ms] [ERROR] Failed to load resource: net::ERR_CONNECTION_CLOSED @ https://d-gm.mmstat.com/aes.1.1:0
[  742559ms] [ERROR] Failed to load resource: net::ERR_CONNECTION_CLOSED @ https://d-gm.mmstat.com/aes.1.1:0
[  742559ms] [ERROR] Failed to load resource: net::ERR_CONNECTION_CLOSED @ https://d-gm.mmstat.com/aes.1.1:0
[  743326ms] [ERROR] Failed to load resource: net::ERR_CONNECTION_CLOSED @ https://log.mmstat.com/eg.js:0
[  743380ms] [ERROR] Failed to load resource: net::ERR_CONNECTION_CLOSED @ https://d-gm.mmstat.com/aes.1.1?gmkey=EXP&gokey=uidaplus%3D1048726631550559%26spm-url%3D5176.28369458.0.0.36961450Jepyio%26spm-pre%3D%26spm-cnt%3D5176.19908494.0.0.52d91450cxuUDN%26_f_t%3Dfalse%26pid%3Drdsnext%26sdk_version%3D3.3.18%26pv_id%3DLJQGceZrM3uv2y5lenKW%26timezone_offset%3D-480%26title%3DRDS%25E7%25AE%25A1%25E7%2590%2586%25E6%258E%25A7%25E5%2588%25B6%25E5%258F%25B0%26spm_a%3D5176%26spm_b%3D19908494%26dpi%3D1%26sr%3D1280x720%26platform%3Dweb%26language%3Den-US%26user_type%3D6%26uid%3D1048726631550559%26env%3Dprod%26downlink%3D10%26net_type%3D4g%26page_id%3D%252Fdetail%252F%253ADBInstanceId%252FmonitorAlarm%26user_agent_data%3D%257B%2522mobile%2522%253Afalse%252C%2522model%2522%253A%2522%2522%252C%2522platform%2522%253A%2522macOS%2522%252C%2522platformVersion%2522%253A%252226.5.2%2522%252C%2522fullVersionList%2522%253A%255B%257B%2522brand%2522%253A%2522Google%2520Chrome%2522%252C%2522version%2522%253A%2522149.0.7827.201%2522%257D%252C%257B%2522brand%2522%253A%2522Chromium%2522%252C%2522version%2522%253A%2522149.0.7827.201%2522%257D%252C%257B%2522brand%2522%253A%2522Not)A%253BBrand%2522%252C%2522version%2522%253A%252224.0.0.0%2522%257D%255D%257D%26origin_url%3Dhttps%253A%252F%252Frdsnext.console.aliyun.com%252Fdetail%252Fpgm-wz9t7bv5jsk55jh1%252FmonitorAlarm%253Fspm%253D5176.28369458.0.0.36961450Jepyio%2526region%253Dcn-shenzhen%2526DedicatedHostGroupId%253D%26msg%3Durl%253DDescribeAvailableMetrics%2526method%253DPOST%2526success%253Dtrue%2526msg%253D019F5F4D-F195-555D-9456-531C600E8B56%2526status%253D200%2526code%253D200%2526duration%253D612%2526trace_id%253D1a0f4b2d17840103714394829e8a1f%2526params%253D__action%25253DDescribeAvailableMetrics%2526body%253Dproduct%25253Drds%252526action%25253DDescribeAvailableMetrics%252526params%25253D%2525257B%25252522RegionId%25252522%2525253A%25252522cn-shenzhen%25252522%2525252C%25252522DBInstanceName%25252522%2525253A%25252522pgm-wz9t7bv5jsk55jh1%25252522%2525257D%252526sec_token%25253DeIrlFmLDgToEOzMPbhI438%252526umid%25253DY29b3ca4c152f1edb542c34bd8848d7a8%252526collina%25253D140%25252523IZfD5YrpzzF4yQo2KinF%2525252B3SrctV15m%2525252BLbl11XfOn8dBIRjROLSw76fhly42U7%2525252BrYf6cOK1GC8zLw2XZF6F3WM3hqzzcH8sOBvG1zzZb3IHoulFzx2DD3VtgqwBQIcOTslCbDSD1Fb5%2525252FCFFIqHzNdtpXiD%2525252FM9h1R3ezOmp8s8iMC4nZoDFh0qCu2dnuG3Y9xfYlA%2525252Fp3zrunrz7FnL7D3K03MwpQmvpXSVnZIVS8wr%2525252FvSfpF%2525252FmODRZ06%2525252Bt0QEi0Xzmtla4VIkifyQYiQYuJDbXlpRiybSxy1XHqvnaiDO%2525252FCM6NlZDFsfrkgs5FIi%2525252BKIG6bRnB4YrWaRCrm15WuNrZAJushYxPfNLyy3841YrPLRnz3G5WtNSZfJssGbZFcOGSzCrIEbMFwoiO455CdoSANSubg7ZqL7LpsDZCjpM8xjnftUZgTzS6gV%2525252BrfOZYPOLAmdF8JYSSiIXJqlaOz2Dc%2525252BncevxrfKvMcI1wba7XERHydD%2525252Ftv2l8K01k9dBFcHpIRuyV%2525252BThimo1K95L6If57hvkxetsq6Pr9EZLVV9XNKnd79Oo84AHSRubzIUzsWuJoCzoBd4kn%2525252BCzC57tt2iUZb1pkPjMljn7z%2525252FDecTzb2u5WXH662YRgBoR4ICAqFc1zwX4ikIozSSd8KPBVnyomPdApJsW0G3So2vNjywMNhzYQeRLQGXojE4JbxIsFyXGzWzJUa7u2SL4bBk3eNI1Mz6OJOueRrqQExqvLuctxQPLTDjV1V3OS3WZwBQvAJ%2525252FnM0B%2525252BkmO5Xfpc9EOwdJzZ5OhyLAPrBEMJcJ%2525252FHzYIQq3WCD96DrbqZQ4xwB%2525252F0N3MUhbyaEjopx9ruoUigEWML%2525252BDmH6qnzePlIj8w6Ocoyx%2525252FTVg4K%2525252BNySxbwUHyzBtkBPuHhLrZyGBxRN3gVfaJqR%2525252BfBP4GJGNKOHHZ4m76f3CQJNA%2525252BS2A05K46CvRLvG9aeyUg4Qomg6JUNtxWNWVr2xHu4CnEXcwn5tl2umWOO%2525252FD5UlU10QOjQmhT94P6Pem3eZQGkhm3g5z%2525252FALu5d7rGC%2525252B8SxHrASk%2525252B6vDt0GQbj0xze5z5Yib133avXqRTldENPgJRzSDl6RiBY6fGA%2525252FTsinMWOX9jigD%2525252FB099Nb38s%2525252BxlqhXa%2525252FnH9PH%2525252BPY6UVAquKeVFOlcg0O%2525252Be7Xb%2525252BAy63AdXW0mf9A02ER6dIj0iW19n3v31nrzkD9tE1eoyPHAcvatNWV7rEaplo%2525252B%2525253D%252526region%25253Dcn-shenzhen%2526response%253D%25257B%25250A%252509%252522code%252522%25253A%252522200%252522%25252C%25250A%252509%252522data%252522%25253A%25257B%25250A%252509%252509%252522TotalRecordCount%252522%25253A393%25252C%25250A%252509%252509%252522RequestId%252522%25253A%252522019F5F4D-F195-555D-9456-531C600E8B56%252522%25252C%25250A%252509%252509%252522Items%252522%25253A%25255B%25250A%252509%252509%252509%25257B%25250A%252509%252509%252509%252509%252522Description%252522%25253A%252522%2525E6%2525B4%2525BB%2525E8%2525B7%252583%2525E8%2525BF%25259E%2525E6%25258E%2525A5%2525E6%252595%2525B0%252522%25252C%25250A%252509%252509%252509%252509%252522GroupKeyType%252522%25253A%252522%2525E8%2525BF%25259E%2525E6%25258E%2525A5%252522%25252C%25250A%252509%252509%252509%252509%252522MetricsKey%252522%25253A%252522db.connections.active.avg%252522%25252C%25250A%252509%252509%252509%252509%252522GroupKey%252522%25253A%252522db.connections%252522%25252C%25250A%252509%252509%252509%252509%252522Dimension%252522%25253A%252522db%252522%25252C%25250A%252509%252509%252509%252509%252522Method%252522%25253A%252522avg%252522%25252C%25250A%252509%252509%252509%252509%252522Unit%252522%25253A%252522Counts%252522%25252C%25250A%252509%252509%252509%252509%252522SortRule%252522%25253A3%25252C%25250A%252509%252509%252509%252509%252522DbType%252522%25253A%252522pgsql%252522%25252C%25250A%252509%252509%252509%252509%252522MetricsKeyAlias%252522%25253A%252522db.connections.active%252522%25250A%252509%252509%252509%25257D%25252C%25250A%252509%252509%252509%25257B%25250A%252509%252509%252509%252509%252522Description%252522%25253A%252522%2525E7%2525AD%252589%2525E5%2525BE%252585%2525E8%2525BF%25259E%2525E6%25258E%2525A5%2525E6%252595%2525B0%252522%25252C%25250A%252509%252509%252509%252509%252522GroupKeyType%252522%25253A%252522%2525E8%2525BF%25259E%2525E6%25258E%2525A5%252522%25252C%25250A%252509%252509%252509%252509%252522MetricsKey%252522%25253A%252522db.connections.waiting.avg%252522%25252C%25250A%252509%252509%252509%252509%252522GroupKey%252522%25253A%252522db.connections%252522%25252C%25250A%252509%252509%252509%252509%252522Dimension%252522%25253A%252522db%252522%25252C%25250A%252509%252509%252509%252509%252522Method%252522%25253A%252522avg%252522%25252C%25250A%252509%252509%252509%252509%252522Unit%252522%25253A%252522Counts%252522%25252C%25250A%252509%252509%252509%252509%252522SortRule%252522%25253A4%25252C%25250A%252509%252509%252509%252509%252522DbType%252522%25253A%252522pgsql%252522%25252C%25250A%252509%252509%252509%252509%252522MetricsKeyAlias%252522%25253A%252522db.connections.waiting%252522%25250A%252509%252509%252509%25257D%25252C%25250A%252509%252509%252509%25257B%25250A%252509%252509%252509%252509%252522Description%252522%25253A%252522%2525E7%2525A9%2525BA%2525E9%252597%2525B2%2525E8%2525BF%25259E%2525E6%25258E%2525A5%2525E6%252595%2525B0%252522%25252C%25250A%252509%252509%252509%252509%252522GroupKeyType%252522%25253A%252522%2525E8%2525BF%25259E%2525E6%25258E%2525A5%252522%25252C%25250A%252509%252509%252509%252509%252522MetricsKey%252522%25253A%252522db.connections.idle.avg%252522%25252C%25250A%252509%252509%252509%252509%252522GroupKey%252522%25253A%252522db.connections%252522%25252C%25250A%252509%252509%252509%252509%252522Dimension%252522%25253A%252522db%252522%25252C%25250A%252509%252509%252509%252509%252522Method%252522%25253A%252522avg%252522%25252C%25250A%252509%252509%252509%252509%252522Unit%252522%25253A%252522Counts%252522%25252C%25250A%252509%252509%252509%252509%252522SortRule%252522%25253A5%25252C%25250A%252509%252509%252509%252509%252522DbType%252522%25253A%252522pgsql%252522%25252C%25250A%252509%252509%252509%252509%252522MetricsKeyAlias%252522%25253A%252522db.connections.idle%252522%25250A%252509%252509%252509%25257D%25252C%25250A%252509%252509%252509%25257B%25250A%252509%252509%252509%252509%252522Description%252522%25253A%252522%2525E8%2525BF%25259E%2525E6%25258E%2525A5%2525E6%252595%2525B0%252522%25252C%25250A%252509%252509%252509%252509%252522GroupKeyType%252522%25253A%252522%2525E8%2525BF%25259E%2525E6%25258E%2525A5%252522%25252C%25250A%252509%252509%252509%252509%252522MetricsKey%252522%25253A%252522db.connections.total.avg%252522%25252C%25250A%252509%252509%252509%252509%252522GroupKey%252522%25253A%252522db.connections%252522%25252C%25250A%252509%252509%252509%252509%252522Dimension%252522%25253A%252522db%252522%25252C%25250A%252509%252509%252509%252509%252522Method%252522%25253A%252522avg%252522%25252C%25250A%252509%252509%252509%252509%252522Unit%252522%25253A%252522Counts%252522%25252C%25250A%252509%252509%252509%252509%252522SortRule%252522%25253A6%25252C%25250A%252509%252509%252509%252509%252522DbType%252522%25253A%252522pgsql%252522%25252C%25250A%252509%252509%252509%252509%252522MetricsKeyAlias%252522%25253A%252522db.connections.total%252522%25250A%252509%252509%252509%25257D%25252C%25250A%252509%252509%252509%25257B%25250A%252509%252509%252509%252509%252522Description%252522%25253A%252522%2525E8%2525A7%252584%2525E6%2525A0%2525BC%2525E8%2525BF%25259E%2525E6%25258E%2525A5%2525E6%252595%2525B0%252522%25252C%25250A%252509%252509%252509%252509%252522GroupKeyType%252522%25253A%252522%2525E8%2525BF%25259E%2525E6%25258E%2525A5%252522%25252C%25250A%252509%252509%252509%252509%252522MetricsKey%252522%25253A%252522db.connections.spec.avg%252522%25252C%25250A%252509%252509%252509%252509%252522GroupKey%252522%25253A%252522db.connections%252522%25252C%25250A%252509%252509%252509%252509%252522Dimension%252522%25253A%252522db%252522%25252C%25250A%252509%252509%252509%252509%252522Method%252522%25253A%252522avg%252522%25252C%25250A%252509%252509%252509%252509%252522Unit%252522%25253A%252522Counts%252522%25252C%25250A%252509%252509%252509%252509%252522SortRule%252522%25253A7%25252C%25250A%252509%252509%252509%252509%252522DbType%252522%25253A%252522pgsql%252522%25252C%25250A%252509%252509%252509%252509%252522MetricsKeyAlias%252522%25253A%252522db.connections.spec%252522%25250A%252509%252509%252509%25257D%25252C%25250A%252509%252509%252509%25257B%25250A%252509%252509%252509%252509%252522Description%252522%25253A%252522%2525E6%2525AF%25258F%2525E7%2525A7%252592%2525E8%2525BF%252594%2525E5%25259B%25259E%2525E8%2525A1%25258C%2525E6%252595%2525B0%252522%25252C%25250A%252509%252509%252509%252509%252522GroupKeyType%252522%25253A%252522SQL%252522%25252C%25250A%252509%252509%252509%252509%252522MetricsKey%252522%25253A%252522db.sql.tup_returned.avg%252522%25252C%25250A%252509%252509%252509%252509%252522GroupKey%252522%25253A%252522db.sql%252522%25252C%25250A%252509%252509%252509%252509%252522Dimension%252522%25253A%252522db%252522%25252C%25250A%252509%252509%252509%252509%252522Method%252522%25253A%252522avg%252522%25252C%25250A%252509%252509%252509%252509%252522Unit%252522%25253A%252522Tuples%25252Fs%252522%25252C%25250A%252509%252509%252509%252509%252522SortRule%252522%25253A8%25252C%25250A%252509%252509%252509%252509%252522DbType%252522%25253A%252522pgsql%252522%25252C%25250A%252509%252509%252509%252509%252522MetricsKeyAlias%252522%25253A%252522db.sql.tup_returned%252522%25250A%252509%252509%252509%25257D%25252C%25250A%252509%252509%252509%25257B%25250A%252509%252509%252509%252509%252522Description%252522%25253A%252522%2525E6%2525AF%25258F%2525E7%2525A7%252592%2525E8%2525AF%2525BB%2525E5%25258F%252596%2525E8%2525A1%25258C%2525E6%252595%2525B0%252522%25252C%25250A%252509%252509%252509%252509%252522GroupKeyType%252522%25253A%252522SQL%252522%25252C%25250A%252509%252509%252509%252509%252522MetricsKey%252522%25253A%252522db.sql.tup_fetched.avg%252522%25252C%25250A%252509%252509%252509%252509%252522GroupKey%252522%25253A%252522db.sql%252522%25252C%25250A%252509%252509%252509%252509%252522Dimension%252522%25253A%252522db%252522%25252C%25250A%252509%252509%252509%252509%252522Method%252522%25253A%252522avg%252522%25252C%25250A%252509%252509%252509%252509%252522Unit%252522%25253A%252522Tuples%25252Fs%252522%25252C%25250A%252509%252509%252509%252509%252522SortRule%252522%25253A9%25252C%25250A%252509%252509%252509%252509%252522DbType%252522%25253A%252522pgsql%252522%25252C%25250A%252509%252509%252509%252509%252522MetricsKeyAlias%252522%25253A%252522db.sql.tup_fetched%252522%25250A%252509%252509%252509%25257D%25252C%25250A%252509%252509%252509%25257B%25250A%252509%252509%252509%252509%252522Description%252522%25253A%252522%2525E6%2525AF%25258F%2525E7%2525A7%252592%2525E6%25258F%252592%2525E5%252585%2525A5%2525E8%2525A1%25258C%2525E6%252595%2525B0%252522%25252C%25250A%252509%252509%252509%252509%252522GroupKeyType%252522%25253A%252522SQL%252522%25252C%25250A%252509%252509%252509%252509%252522MetricsKey%252522%25253A%252522db.sql.tup_inserted.avg%252522%25252C%25250A%252509%252509%252509%252509%252522GroupKey%252522%25253A%252522db.sql%252522%25252C%25250A%252509%252509%252509%252509%252522Dimension%252522%25253A%252522db%252522%25252C%25250A%252509%252509%252509%252509%252522Method%252522%25253A%252522avg%252522%25252C%25250A%252509%252509%252509%252509%252522Unit%252522%25253A%252522Tuples%25252Fs%252522%25252C%25250A%252509%252509%252509%252509%252522SortRule%252522%25253A10%25252C%25250A%252509%252509%252509%252509%252522DbType%252522%25253A%252522pgsql%252522%25252C%25250A%252509%252509%252509%252509%252522MetricsKeyAlias%252522%25253A%252522db.sql.tup_inserted%252522%25250A%252509%252509%252509%25257D%25252C%25250A%252509%252509%252509%25257B%25250A%252509%252509%252509%252509%252522Description%252522%25253A%252522%2525E6%2525AF%25258F%2525E7%2525A7%252592%2525E5%252588%2525A0%2525E9%252599%2525A4%2525E8%2525A1%25258C%2525E6%252595%2525B0%252522%25252C%25250A%252509%252509%252509%252509%252522GroupKeyType%252522%25253A%252522SQL%252522%25252C%25250A%252509%252509%252509%252509%252522MetricsKey%252522%25253A%252522db.sql.tup_deleted.avg%252522%25252C%25250A%252509%252509%252509%252509%252522GroupKey%252522%25253A%252522db.sql%252522%25252C%25250A%252509%252509%252509%252509%252522Dimension%252522%25253A%252522db%252522%25252C%25250A%252509%252509%252509%252509%252522Method%252522%25253A%252522avg%252522%25252C%25250A%252509%252509%252509%252509%252522Unit%252522%25253A%252522Tuples%25252Fs%252522%25252C%25250A%252509%252509%252509%252509%252522SortRule%252522%25253A11%25252C%25250A%252509%252509%252509%252509%252522DbType%252522%25253A%252522pgsql%252522%25252C%25250A%252509%252509%252509%252509%252522MetricsKeyAlias%252522%25253A%252522db.sql.tup_deleted%252522%25250A%252509%252509%252509%25257D%25252C%25250A%252509%252509%252509%25257B%25250A%252509%252509%252509%252509%252522Description%252522%25253A%252522%2525E6%2525AF%25258F%2525E7%2525A7%252592%2525E6%25259B%2525B4%2525E6%252596%2525B0%2525E8%2525A1%25258C%2525E6%252595%2525B0%252522%25252C%25250A%252509%252509%252509%252509%252522GroupKeyType%252522%25253A%252522SQL%252522%25252C%25250A%252509%252509%252509%252509%252522MetricsKey%252522%25253A%252522db.sql.tup_updated.avg%252522%25252C%25250A%252509%252509%252509%252509%252522GroupKey%252522%25253A%252522db.sql%252522%25252C%25250A%252509%252509%252509%252509%252522Dimension%252522%25253A%252522db%252522%25252C%25250A%252509%252509%252509%252509%252522Method%252522%25253A%252522avg%252522%25252C%25250A%252509%252509%252509%252509%252522Unit%252522%25253A%252522Tuples%25252Fs%252522%25252C%25250A%252509%252509%252509%252509%252522SortRule%252522%25253A12%25252C%25250A%252509%252509%252509%252509%252522DbType%252522%25253A%252522pgsql%252522%25252C%25250A%252509%252509%252509%252509%252522MetricsKeyAlias%252522%25253A%252522db.sql.tup_updated%252522%25250A%252509%252509%252509%25257D%25252C%25250A%252509%252509%252509%25257B%25250A%252509%252509%252509%252509%252522Description%252522%25253A%252522%2525E5%2525B7%2525B2%2525E6%252589%2525A7%2525E8%2525A1%25258C1s%2525E7%25259A%252584SQL%2525E6%252595%2525B0%252522%25252C%25250A%252509%252509%252509%252509%252522GroupKeyType%252522%25253A%252522%2525E6%252585%2525A2SQL%252522%25252C%25250A%252509%252509%252509%252509%252522MetricsKey%252522%25253A%252522db.slow_sql.one_second.avg%252522%25252C%25250A%252509%252509%252509%252509%252522GroupKey%252522%25253A%252522db.slow_sql%252522%25252C%25250A%252509%252509%252509%252509%252522Dimension%252522%25253A%252522db%252522%25252C%25250A%252509%252509%252509%252509%252522Method%252522%25253A%252522avg%252522%25252C%25250A%252509%252509%252509%252509%252522Unit%252522%25253A%252522Counts%252522%25252C%25250A%252509%252509%252509%252509%252522SortRule%252522%25253A13%25252C%25250A%252509%252509%252509%252509%252522DbType%252522%25253A%252522pgsql%252522%25252C%25250A%252509%252509%252509%252509%252522MetricsKeyAlias%252522%25253A%252522db.slow_sql.one_second%252522%25250A%252509%252509%252509%25257D%25252C%25250A%252509%252509%252509%25257B%25250A%252509%252509%252509%252509%252522Description%252522%25253A%252522%2525E5%2525B7%2525B2%2525E6%252589%2525A7%2525E8%2525A1%25258C3s%2525E7%25259A%252584SQL%2525E6%252595%2525B0%252522%25252C%25250A%252509%252509%252509%252509%252522GroupKeyType%252522%25253A%252522%2525E6%252585%2525A2SQL%252522%25252C%25250A%252509%252509%252509%252509%252522MetricsKey%252522%25253A%252522db.slow_sql.three_seconds.avg%252522%25252C%25250A%252509%252509%252509%252509%252522GroupKey%252522%25253A%252522db.slow_sql%252522%25252C%25250A%252509%252509%252509%252509%252522Dimension%252522%25253A%252522db%252522%25252C%25250A%252509%252509%252509%252509%252522Method%252522%25253A%252522avg%252522%25252C%25250A%252509%252509%252509%252509%252522Unit%252522%25253A%252522Counts%252522%25252C%25250A%252509%252509%252509%252509%252522SortRule%252522%25253A14%25252C%25250A%252509%252509%252509%252509%252522DbType%252522%25253A%252522pgsql%252522%25252C%25250A%252509%252509%252509%252509%252522MetricsKeyAlias%252522%25253A%252522db.slow_sql.three_seconds%252522%25250A%252509%252509%252509%25257D%25252C%25250A%252509%252509%252509%25257B%25250A%252509%252509%252509%252509%252522Description%252522%25253A%252522%2525E5%2525B7%2525B2%2525E6%252589%2525A7%2525E8%2525A1%25258C5s%2525E7%25259A%252584SQL%2525E6%252595%2525B0%252522%25252C%25250A%252509%252509%252509%252509%252522GroupKeyType%252522%25253A%252522%2525E6%252585%2525A2SQL%252522%25252C%25250A%252509%252509%252509%252509%252522MetricsKey%252522%25253A%252522db.slow_sql.five_seconds.avg%252522%25252C%25250A%252509%252509%252509%252509%252522GroupKey%252522%25253A%252522db.slow_sql%252522%25252C%25250A%252509%252509%252509%252509%252522Dimension%252522%25253A%252522db%252522%25252C%25250A%252509%252509%252509%252509%252522Method%252522%25253A%252522avg%252522%25252C%25250A%252509%252509%252509%252509%252522Unit%252522%25253A%252522Counts%252522%25252C%25250A%252509%252509%252509%252509%252522SortRule%252522%25253A15%25252C%25250A%252509%252509%252509%252509%252522DbType%252522%25253A%252522pgsql%252522%25252C%25250A%252509%252509%252509%252509%252522MetricsKeyAlias%252522%25253A%252522db.slow_sql.five_seconds%252522%25250A%252509%252509%252509%25257D%25252C%25250A%252509%252509%252509%25257B%25250A%252509%252509%252509%252509%252522Description%252522%25253A%252522%2525E5%2525B7%2525B2%2525E6%252589%2525A7%2525E8%2525A1%25258C1s%2525E7%25259A%252584%2525E4%2525BA%25258B%2525E5%25258A%2525A1%2525E6%252595%2525B0%252522%25252C%25250A%252509%252509%252509%252509%252522GroupKeyType%252522%25253A%252522%2525E9%252595%2525BF%2525E4%2525BA%25258B%2525E5%25258A%2525A1%252522%25252C%25250A%252509%252509%252509%252509%252522MetricsKey%252522%25253A%252522db.long_transactions.active_one_second.avg%252522%25252C%25250A%252509%252509%252509%252509%252522GroupKey%252522%25253A%252522db.long_transactions%252522%25252C%25250A%252509%252509%252509%252509%252522Dimension%252522%25253A%252522db%252522%25252C%25250A%252509%252509%252509%252509%252522Method%252522%25253A%252522avg%252522%25252C%25250A%252509%252509%252509%252509%252522Unit%252522%25253A%252522Counts%252522%25252C%25250A%252509%252509%252509%252509%252522SortRule%252522%25253A16%25252C%25250A%252509%252509%252509%252509%252522DbType%252522%25253A%252522pgsql%252522%25252C%25250A%252509%252509%252509%252509%252522MetricsKeyAlias%252522%25253A%252522db.long_transactions.active_one_second%252522%25250A%252509%252509%252509%25257D%25252C%25250A%252509%252509%252509%25257B%25250A%252509%252509%252509%252509%252522Description%252522%25253A%252522%2525E5%2525B7%2525B2%2525E6%252589%2525A7%2525E8%2525A1%25258C3s%2525E7%25259A%252584%2525E4%2525BA%25258B%2525E5%25258A%2525A1%2525E6%252595%2525B0%252522%25252C%25250A%252509%252509%252509%252509%252522GroupKeyType%252522%25253A%252522%2525E9%252595%2525BF%2525E4%2525BA%25258B%2525E5%25258A%2525A1%252522%25252C%25250A%252509%252509%252509%252509%252522MetricsKey%252522%25253A%252522db.long_transactions.active_three_seconds.avg%252522%25252C%25250A%252509%252509%252509%252509%252522GroupKey%252522%25253A%252522db.long_transactions%252522%25252C%25250A%252509%252509%252509%252509%252522Dimension%252522%25253A%252522db%252522%25252C%25250A%252509%252509%252509%252509%252522Method%252522%25253A%252522avg%252522%25252C%25250A%252509%252509%252509%252509%252522Unit%252522%25253A%252522Counts%252522%25252C%25250A%252509%252509%252509%252509%252522SortRule%252522%25253A17%25252C%25250A%252509%252509%252509%252509%252522DbType%252522%25253A%252522pgsql%252522%25252C%25250A%252509%252509%252509%252509%252522MetricsKeyAlias%252522%25253A%252522db.long_transactions.active_three_seconds%252522%25250A%252509%252509%252509%25257D%25252C%25250A%252509%252509%252509%25257B%25250A%252509%252509%252509%252509%252522Description%252522%25253A%252522%2525E5%2525B7%2525B2%2525E7%2525A9%2525BA%2525E9%252597%2525B21s%2525E7%25259A%252584%2525E4%2525BA%25258B%2525E5%25258A%2525A1%2525E6%252595%2525B0%252522%25252C%25250A%252509%252509%252509%252509%252522GroupKeyType%252522%25253A%252522%2525E9%252595%2525BF%2525E4%2525BA%25258B%2525E5%25258A%2525A1%252522%25252C%25250A%252509%252509%252509%252509%252522MetricsKey%252522%25253A%252522db.long_transactions.idle_one_second.avg%252522%25252C%25250A%252509%252509%252509%252509%252522GroupKey%252522%25253A%252522db.long_transactions%252522%25252C%25250A%252509%252509%252509%252509%252522Dimension%252522%25253A%252522db%252522%25252C%25250A%252509%252509%252509%252509%252522Method%252522%25253A%252522avg%252522%25252C%25250A%252509%252509%252509%252509%252522Unit%252522%25253A%252522Counts%252522%25252C%25250A%252509%252509%252509%252509%252522SortRule%252522%25253A19%25252C%25250A%252509%252509%252509%252509%252522DbType%252522%25253A%252522pgsql%252522%25252C%25250A%252509%252509%252509%252509%252522MetricsKeyAlias%252522%25253A%252522db.long_transactions.idle_one_second%252522%25250A%252509%252509%252509%25257D%25252C%25250A%252509%252509%252509%25257B%25250A%252509%252509%252509%252509%252522Description%252522%25253A%252522%2525E5%2525B7%2525B2%2525E7%2525A9%2525BA%2525E9%252597%2525B23s%2525E7%25259A%252584%2525E4%2525BA%25258B%2525E5%25258A%2525A1%2525E6%252595%2525B0%252522%25252C%25250A%252509%252509%252509%252509%252522GroupKeyType%252522%25253A%252522%2525E9%252595%2525BF%2525E4%2525BA%25258B%2525E5%25258A%2525A1%252522%25252C%25250A%252509%252509%252509%252509%252522MetricsKey%252522%25253A%252522db.long_transactions.idle_three_seconds.avg%252522%25252C%25250A%252509%252509%252509%252509%252522GroupKey%252522%25253A%252522db.long_transactions%252522%25252C%25250A%252509%252509%252509%252509%252522Dimension%252522%25253A%252522db%252522%25252C%25250A%252509%252509%252509%252509%252522Method%252522%25253A%252522avg%252522%25252C%25250A%252509%252509%252509%252509%252522Unit%252522%25253A%252522Counts%252522%25252C%25250A%252509%252509%252509%252509%252522SortRule%252522%25253A20%25252C%25250A%252509%252509%252509%252509%252522DbType%252522%25253A%252522pgsql%252522%25252C%25250A%252509%252509%252509%252509%252522MetricsKeyAlias%252522%25253A%252522db.long_transactions.idle_three_seconds%252522%25250A%252509%252509%252509%25257D%25252C%25250A%252509%252509%252509%25257B%25250A%252509%252509%252509%252509%252522Description%252522%25253A%252522%2525E5%2525B7%2525B2%2525E7%2525A9%2525BA%2525E9%252597%2525B25s%2525E7%25259A%252584%2525E4%2525BA%25258B%2525E5%25258A%2525A1%2525E6%252595%2525B0%252522%25252C%25250A%252509%252509%252509%252509%252522GroupKeyType%252522%25253A%252522%2525E9%252595%2525BF%2525E4%2525BA%25258B%2525E5%25258A%2525A1%252522%25252C%25250A%252509%252509%252509%252509%252522MetricsKey%252522%25253A%252522db.long_transactions.idle_five_seconds.avg%252522%25252C%25250A%252509%252509%252509%252509%252522GroupKey%252522%25253A%252522db.long_transactions%252522%25252C%25250A%252509%252509%252509%252509%252522Dimension%252522%25253A%252522db%252522%25252C%25250A%252509%252509%252509%252509%252522Method%252522%25253A%252522avg%252522%25252C%25250A%252509%252509%252509%252509%252522Unit%252522%25253A%252522Counts%252522%25252C%25250A%252509%252509%252509%252509%252522SortRule%252522%25253A21%25252C%25250A%252509%252509%252509%252509%252522DbType%252522%25253A%252522pgsql%252522%25252C%25250A%252509%252509%252509%252509%252522MetricsKeyAlias%252522%25253A%252522db.long_transactions.idle_five_seconds%252522%25250A%252509%252509%252509%25257D%25252C%25250A%252509%252509%252509%25257B%25250A%252509%252509%252509%252509%252522Description%252522%25253A%252522%2525E5%2525B7%2525B2%2525E6%252589%2525A7%2525E8%2525A1%25258C1s%2525E7%25259A%252584%2525E4%2525B8%2525A4%2525E9%252598%2525B6%2525E6%2525AE%2525B5%2525E4%2525BA%25258B%2525E5%25258A%2525A1%252522%25252C%25250A%252509%252509%252509%252509%252522GroupKeyType%252522%25253A%252522%2525E9%252595%2525BF%2525E4%2525BA%25258B%2525E5%25258A%2525A1%252522%25252C%25250A%252509%252509%252509%252509%252522MetricsKey%252522%25253A%252522db.long_transactions.two_pc_one_second.avg%252522%25252C%25250A%252509%252509%252509%252509%252522GroupKey%252522%25253A%252522db.long_transactions%252522%25252C%25250A%252509%252509%252509%252509%252522Dimension%252522%25253A%252522db%252522%25252C%25250A%252509%252509%252509%252509%252522Method%252522%25253A%252522avg%252522%25252C%25250A%252509%252509%252509%252509%252522Unit%252522%25253A%252522Counts%252522%25252C%25250A%252509%252509%252509%252509%252522SortRule%252522%25253A22%25252C%25250A%252509%252509%252509%252509%252522DbType%252522%25253A%252522pgsql%252522%25252C%25250A%252509%252509%252509%252509%252522MetricsKeyAlias%252522%25253A%252522db.long_transactions.two_pc_one_second%252522%25250A%252509%252509%252509%25257D%25252C%25250A%252509%252509%252509%25257B%25250A%252509%252509%252509%252509%252522Description%252522%25253A%252522%2525E5%2525B7%2525B2%2525E6%252589%2525A7%2525E8%2525A1%25258C3s%2525E7%25259A%252584%2525E4%2525B8%2525A4%2525E9%252598%2525B6%2525E6%2525AE%2525B5%2525E4%2525BA%25258B%2525E5%25258A%2525A1%252522%25252C%25250A%252509%252509%252509%252509%252522GroupKeyType%252522%25253A%252522%2525E9%252595%2525BF%2525E4%2525BA%25258B%2525E5%25258A%2525A1%252522%25252C%25250A%252509%252509%252509%252509%252522MetricsKey%252522%25253A%252522db.long_transactions.two_pc_three_seconds.avg%252522%25252C%25250A%252509%252509%252509%252509%252522GroupKey%252522%25253A%252522db.long_transactions%252522%25252C%25250A%252509%252509%252509%252509%252522Dimension%252522%25253A%252522db%252522%25252C%25250A%252509%252509%252509%252509%252522Method%252522%25253A%252522avg%252522%25252C%25250A%252509%252509%252509%252509%252522Unit%252522%25253A%252522Counts%252522%25252C%25250A%252509%252509%252509%252509%252522SortRule%252522%25253A23%25252C%25250A%252509%252509%252509%252509%252522DbType%252522%25253A%252522pgsql%252522%25252C%25250A%252509%252509%252509%252509%252522MetricsKeyAlias%252522%25253A%252522db.long_transactions.two_pc_three_seconds%252522%25250A%252509%252509%252509%25257D%25252C%25250A%252509%252509%252509%25257B%25250A%252509%252509%252509%252509%252522Description%252522%25253A%252522%2525E5%2525B7%2525B2%2525E6%252589%2525A7%2525E8%2525A1%25258C5s%2525E7%25259A%252584%2525E4%2525B8%2525A4%2525E9%252598%2525B6%2525E6%2525AE%2525B5%2525E4%2525BA%25258B%2525E5%25258A%2525A1%25255Ct%252522%25252C%25250A%252509%252509%252509%252509%252522GroupKeyType%252522%25253A%252522%2525E9%252595%2525BF%2525E4%2525BA%25258B%2525E5%25258A%2525A1%252522%25252C%25250A%252509%252509%252509%252509%252522MetricsKey%252522%25253A%252522db.long_transactions.two_pc_five_seconds.avg%252522%25252C%25250A%252509%252509%252509%252509%252522GroupKey%252522%25253A%252522db.long_transactions%252522%25252C%25250A%252509%252509%252509%252509%252522Dimension%252522%25253A%252522db%252522%25252C%25250A%252509%252509%252509%252509%252522Method%252522%25253A%252522avg%252522%25252C%25250A%252509%252509%252509%252509%252522Unit%252522%25253A%252522Counts%252522%25252C%25250A%252509%252509%252509%252509%252522SortRule%252522%25253A24%25252C%25250A%252509%252509%252509%252509%252522DbType%252522%25253A%252522pgsql%252522%25252C%25250A%252509%252509%252509%252509%252522MetricsKeyAlias%252522%25253A%252522db.long_transactions.two_pc_five_seconds%252522%25250A%252509%252509%252509%25257D%25252C%25250A%252509%252509%252509%25257B%25250A%252509%252509%252509%252509%252522Description%252522%25253A%252522%2525E6%2525AF%25258F%2525E7%2525A7%252592%2525E4%2525B8%2525B4%2525E6%252597%2525B6%2525E6%252596%252587%2525E4%2525BB%2525B6%2525E7%252594%25259F%2525E6%252588%252590%2525E4%2525B8%2525AA%2525E6%252595%2525B0%252522%25252C%25250A%252509%252509%252509%252509%252522GroupKeyType%252522%25253A%252522%2525E4%2525B8%2525B4%2525E6%252597%2525B6%2525E6%252596%252587%2525E4%2525BB%2525B6%2525E6%252595%2525B0%252522%25252C%25250A%252509%252509%252509%252509%252522MetricsKey%252522%25253A%252522db.temp.temp_files.avg%252522%25252C%25250A%252509%252509%252509%252509%252522GroupKey%252522%25253A%252522db.temp%252522%25252C%25250A%252509%252509%252509%252509%252522Dimension%252522%25253A%252522db%252522%25252C%25250A%252509%252509%252509%252509%252522Method%252522%25253A%252522avg%252522%25252C%25250A%252509%252509%252509%252509%252522Unit%252522%25253A%252522Counts%25252Fs%252522%25252C%25250A%252509%252509%252509%252509%252522SortRule%252522%25253A25%25252C%25250A%252509%252509%252509%252509%252522DbType%252522%25253A%252522pgsql%252522%25252C%25250A%252509%252509%252509%252509%252522MetricsKeyAlias%252522%25253A%252522db.temp.temp_files%252522%25250A%252509%252509%252509%25257D%25252C%25250A%252509%252509%252509%25257B%25250A%252509%252509%252509%252509%252522Description%252522%25253A%252522%2525E6%2525AF%25258F%2525E7%2525A7%252592%2525E4%2525B8%2525B4%2525E6%252597%2525B6%2525E6%252596%252587%2525E4%2525BB%2525B6%2525E6%252595%2525B0%2525E6%25258D%2525AE%2525E7%252594%25259F%2525E6%252588%252590%2525E5%2525A4%2525A7%2525E5%2525B0%25258F%252522%25252C%25250A%252509%252509%252509%252509%252522GroupKeyType%252522%25253A%252522%2525E4%2525B8%2525B4%2525E6%252597%2525B6%2525E6%252596%252587%2525E4%2525BB%2525B6%2525E5%2525A4%2525A7%2525E5%2525B0%25258F%252522%25252C%25250A%252509%252509%252509%252509%252522MetricsKey%252522%25253A%252522db.temp.temp_bytes.avg%252522%25252C%25250A%252509%252509%252509%252509%252522GroupKey%252522%25253A%252522db.temp%252522%25252C%25250A%252509%252509%252509%252509%252522Dimension%252522%25253A%252522db%252522%25252C%25250A%252509%252509%252509%252509%252522Method%252522%25253A%252522avg%252522%25252C%25250A%252509%252509%252509%252509%252522Unit%252522%25253A%252522Bytes%25252Fs%252522%25252C%25250A%252509%252509%252509%252509%252522SortRule%252522%25253A26%25252C%25250A%252509%252509%252509%252509%252522DbType%252522%25253A%252522pgsql%252522%25252C%25250A%252509%252509%252509%252509%252522MetricsKeyAlias%252522%25253A%252522db.temp.temp_bytes%252522%25250A%252509%252509%252509%25257D%25252C%25250A%252509%252509%252509%25257B%25250A%252509%252509%252509%252509%252522Description%252522%25253A%252522%2525E6%252595%2525B0%2525E6%25258D%2525AE%2525E5%2525BA%252593%2525E6%25259C%252580%2525E5%2525A4%2525A7%2525E5%2525B9%2525B4%2525E9%2525BE%252584%252522%25252C%25250A%252509%252509%252509%252509%252522GroupKeyType%252522%25253A%252522%2525E6%252595%2525B0%2525E6%25258D%2525AE%2525E5%2525BA%252593%2525E6%25259C%252580%2525E5%2525A4%2525A7%2525E5%2525B9%2525B4%2525E9%2525BE%252584%252522%25252C%25250A%252509%252509%252509%252509%252522MetricsKey%252522%25253A%252522db.age.max_age.avg%252522%25252C%25250A%252509%252509%252509%252509%252522GroupKey%252522%25253A%252522db.age%252522%25252C%25250A%252509%252509%252509%252509%252522Dimension%252522%25253A%252522db%252522%25252C%25250A%252509%252509%252509%252509%252522Method%252522%25253A%252522avg%252522%25252C%25250A%252509%252509%252509%252509%252522Unit%252522%25253A%252522xids%252522%25252C%25250A%252509%252509%252509%252509%252522SortRule%252522%25253A27%25252C%25250A%252509%252509%252509%252509%252522DbType%252522%25253A%252522pgsql%252522%25252C%25250A%252509%252509%252509%252509%252522MetricsKeyAlias%252522%25253A%252522db.age.max_age%252522%25250A%252509%252509%252509%25257D%25252C%25250A%252509%252509%252509%25257B%25250A%252509%252509%252509%252509%252522Description%252522%25253A%252522%2525E7%2525B3%2525BB%2525E7%2525BB%25259FCPU%2525E4%2525BD%2525BF%2525E7%252594%2525A8%2525E7%25258E%252587%252522%25252C%25250A%252509%252509%252509%252509%252522GroupKeyType%252522%25253A%252522CPU%2525E4%2525BD%2525BF%2525E7%252594%2525A8%2525E7%25258E%252587%252522%25252C%25250A%252509%252509%252509%252509%252522MetricsKey%252522%25253A%252522os.cpu_usage.sys.min%252522%25252C%25250A%252509%252509%252509%252509%252522GroupKey%252522%25253A%252522os.cpu_usage%252522%25252C%25250A%252509%252509%252509%252509%252522Dimension%252522%25253A%252522os%252522%25252C%25250A%252509%252509%252509%252509%252522Method%252522%25253A%252522min%252522%25252C%25250A%252509%252509%252509%252509%252522Unit%252522%25253A%252522%252525%252522%25252C%25250A%252509%252509%252509%252509%252522SortRule%252522%25253A28%25252C%25250A%252509%252509%252509%252509%252522DbType%252522%25253A%252522pgsql%252522%25252C%25250A%252509%252509%252509%252509%252522MetricsKeyAlias%252522%25253A%252522os.cpu_usage.sys%252522%25250A%252509%252509%252509%25257D%25252C%25250A%252509%252509%252509%25257B%25250A%252509%252509%252509%252509%252522Description%252522%25253A%252522%2525E7%252594%2525A8%2525E6%252588%2525B7CPU%2525E4%2525BD%2525BF%2525E7%252594%2525A8%2525E7%25258E%252587%252522%25252C%25250A%252509%252509%252509%252509%252522GroupKeyType%252522%25253A%252522CPU%2525E4%2525BD%2525BF%2525E7%252594%2525A8%2525E7%25258E%252587%252522%25252C%25250A%252509%252509%252509%252509%252522MetricsKey%252522%25253A%252522os.cpu_usage.user.min%252522%25252C%25250A%252509%252509%252509%252509%252522GroupKey%252522%25253A%252522os.cpu_usage%252522%25252C%25250A%252509%252509%252509%252509%252522Dimension%252522%25253A%252522os%252522%25252C%25250A%252509%252509%252509%252509%252522Method%252522%25253A%252522min%252522%25252C%25250A%252509%252509%252509%252509%252522Unit%252522%25253A%252522%252525%252522%25252C%25250A%252509%252509%252509%252509%252522SortRule%252522%25253A29%25252C%25250A%252509%252509%252509%252509%252522DbType%252522%25253A%252522pgsql%252522%25252C%25250A%252509%252509%252509%252509%252522MetricsKeyAlias%252522%25253A%252522os.cpu_usage.user%252522%25250A%252509%252509%252509%25257D%25252C%25250A%252509%252509%252509%25257B%25250A%252509%252509%252509%252509%252522Description%252522%25253A%252522%2525E6%252580%2525BBCPU%2525E4%2525BD%2525BF%2525E7%252594%2525A8%2525E7%25258E%252587%252522%25252C%25250A%252509%252509%252509%252509%252522GroupKeyType%252522%25253A%252522CPU%2525E4%2525BD%2525BF%2525E7%252594%2525A8%2525E7%25258E%252587%252522%25252C%25250A%252509%252509%252509%252509%252522MetricsKey%252522%25253A%252522os.cpu_usage.total.min%252522%25252C%25250A%252509%252509%252509%252509%252522GroupKey%252522%25253A%252522os.cpu_usage%252522%25252C%25250A%252509%252509%252509%252509%252522Dimension%252522%25253A%252522os%252522%25252C%25250A%252509%252509%252509%252509%252522Method%252522%25253A%252522min%252522%25252C%25250A%252509%252509%252509%252509%252522Unit%252522%25253A%252522%252525%252522%25252C%25250A%252509%252509%252509%252509%252522SortRule%252522%25253A30%25252C%25250A%252509%252509%252509%252509%252522DbType%252522%25253A%252522pgsql%252522%25252C%25250A%252509%252509%252509%252509%252522MetricsKeyAlias%252522%25253A%252522os.cpu_usage.total%252522%25250A%252509%252509%252509%25257D%25252C%25250A%252509%252509%252509%25257B%25250A%252509%252509%252509%252509%252522Description%252522%25253A%252522backend%252520cpu%252522%25252C%25250A%252509%252509%252509%252509%252522GroupKeyType%252522%25253A%252522CPU%2525E6%25258C%252589%2525E7%252585%2525A7%2525E8%2525BF%25259B%2525E7%2525A8%25258B%2525E5%2525A0%252586%2525E5%25258F%2525A0%252522%25252C%25250A%252509%252509%252509%252509%252522MetricsKey%252522%25253A%252522os.cpu_process.backend.min%252522%25252C%25250A%252509%252509%252509%252509%252522GroupKey%252522%25253A%252522os.cpu_process%252522%25252C%25250A%252509%252509%252509%252509%252522Dimension%252522%25253A%252522os%252522%25252C%25250A%252509%252509%252509%252509%252522Method%252522%25253A%252522min%252522%25252C%25250A%252509%252509%252509%252509%252522Unit%252522%25253A%252522%252525%252522%25252C%25250A%252509%252509%252509%252509%252522SortRule%252522%25253A31%25252C%25250A%252509%252509%252509%252509%252522DbType%252522%25253A%252522pgsql%252522%25252C%25250A%252509%252509%252509%252509%252522MetricsKeyAlias%252522%25253A%252522os.cpu_process.backend%252522%25250A%252509%252509%252509%25257D%25252C%25250A%252509%252509%252509%25257B%25250A%252509%252509%252509%252509%252522Description%252522%25253A%252522bgwriter%252520cpu%252522%25252C%25250A%252509%252509%252509%252509%252522GroupKeyType%252522%25253A%252522CPU%2525E6%25258C%252589%2525E7%252585%2525A7%2525E8%2525BF%25259B%2525E7%2525A8%25258B%2525E5%2525A0%252586%2525E5%25258F%2525A0%252522%25252C%25250A%252509%252509%252509%252509%252522MetricsKey%252522%25253A%252522os.cpu_process.bgwriter.min%252522%25252C%25250A%252509%252509%252509%252509%252522GroupKey%252522%25253A%252522os.cpu_process%252522%25252C%25250A%252509%252509%252509%252509%252522Dimension%252522%25253A%252522os%252522%25252C%25250A%252509%252509%252509%252509%252522Method%252522%25253A%252522min%252522%25252C%25250A%252509%252509%252509%252509%252522Unit%252522%25253A%252522%252525%252522%25252C%25250A%252509%252509%252509%252509%252522SortRule%252522%25253A32%25252C%25250A%252509%252509%252509%252509%252522DbType%252522%25253A%252522pgsql%252522%25252C%25250A%252509%252509%252509%252509%252522MetricsKeyAlias%252522%25253A%252522os.cpu_process.bgwriter%252522%25250A%252509%252509%252509%25257D%25252C%25250A%252509%252509%252509%25257B%25250A%252509%252509%252509%252509%252522Description%252522%25253A%252522checkpoint%252520cpu%252522%25252C%25250A%252509%252509%252509%252509%252522GroupKeyType%252522%25253A%252522CPU%2525E6%25258C%252589%2525E7%252585%2525A7%2525E8%2525BF%25259B%2525E7%2525A8%25258B%2525E5%2525A0%252586%2525E5%25258F%2525A0%252522%25252C%25250A%252509%252509%252509%252509%252522MetricsKey%252522%25253A%252522os.cpu_process.checkpoint.min%252522%25252C%25250A%252509%252509%252509%252509%252522GroupKey%252522%25253A%252522os.cpu_process%252522%25252C%25250A%252509%252509%252509%252509%252522Dimension%252522%25253A%252522os%252522%25252C%25250A%252509%252509%252509%252509%252522Method%252522%25253A%252522min%252522%25252C%25250A%252509%252509%252509%252509%252522Unit%252522%25253A%252522%252525%252522%25252C%25250A%252509%252509%252509%252509%252522SortRule%252522%25253A33%25252C%25250A%252509%252509%252509%252509%252522DbType%252522%25253A%252522pgsql%252522%25252C%25250A%252509%252509%252509%252509%252522MetricsKeyAlias%252522%25253A%252522os.cpu_process.checkpoint%252522%25250A%252509%252509%252509%25257D%25252C%25250A%252509%252509%252509%25257B%25250A%252509%252509%252509%252509%252522Description%252522%25253A%252522logger%252520cpu%252522%25252C%25250A%252509%252509%252509%252509%252522GroupKeyType%252522%25253A%252522CPU%2525E6%25258C%252589%2525E7%252585%2525A7%2525E8%2525BF%25259B%2525E7%2525A8%25258B%2525E5%2525A0%252586%2525E5%25258F%2525A0%252522%25252C%25250A%252509%252509%252509%252509%252522MetricsKey%252522%25253A%252522os.cpu_process.logger.min%252522%25252C%25250A%252509%252509%252509%252509%252522GroupKey%252522%25253A%252522os.cpu_process%252522%25252C%25250A%252509%252509%252509%252509%252522Dimension%252522%25253A%252522os%252522%25252C%25250A%252509%252509%252509%252509%252522Method%252522%25253A%252522min%252522%25252C%25250A%252509%252509%252509%252509%252522Unit%252522%25253A%252522%252525%252522%25252C%25250A%252509%252509%252509%252509%252522SortRule%252522%25253A34%25252C%25250A%252509%252509%252509%252509%252522DbType%252522%25253A%252522pgsql%252522%25252C%25250A%252509%252509%252509%252509%252522MetricsKeyAlias%252522%25253A%252522os.cpu_process.logger%252522%25250A%252509%252509%252509%25257D%25252C%25250A%252509%252509%252509%25257B%25250A%252509%252509%252509%252509%252522Description%252522%25253A%252522pgstat%252520cpu%252522%25252C%25250A%252509%252509%252509%252509%252522GroupKeyType%252522%25253A%252522CPU%2525E6%25258C%252589%2525E7%252585%2525A7%2525E8%2525BF%25259B%2525E7%2525A8%25258B%2525E5%2525A0%252586%2525E5%25258F%2525A0%252522%25252C%25250A%252509%252509%252509%252509%252522MetricsKey%252522%25253A%252522os.cpu_process.pgstat.min%252522%25252C%25250A%252509%252509%252509%252509%252522GroupKey%252522%25253A%252522os.cpu_process%252522%25252C%25250A%252509%252509%252509%252509%252522Dimension%252522%25253A%252522os%252522%25252C%25250A%252509%252509%252509%252509%252522Method%252522%25253A%252522min%252522%25252C%25250A%252509%252509%252509%252509%252522Unit%252522%25253A%252522%252525%252522%25252C%25250A%252509%252509%252509%252509%252522SortRule%252522%25253A35%25252C%25250A%252509%252509%252509%252509%252522DbType%252522%25253A%252522pgsql%252522%25252C%25250A%252509%252509%252509%252509%252522MetricsKeyAlias%252522%25253A%252522os.cpu_process.pgstat%252522%25250A%252509%252509%252509%25257D%25252C%25250A%252509%252509%252509%25257B%25250A%252509%252509%252509%252509%252522Description%252522%25253A%252522walwriter%252520cpu%252522%25252C%25250A%252509%252509%252509%252509%252522GroupKeyType%252522%25253A%252522CPU%2525E6%25258C%252589%2525E7%252585%2525A7%2525E8%2525BF%25259B%2525E7%2525A8%25258B%2525E5%2525A0%252586%2525E5%25258F%2525A0%252522%25252C%25250A%252509%252509%252509%252509%252522MetricsKey%252522%25253A%252522os.cpu_process.walwriter.min%252522%25252C%25250A%252509%252509%252509%252509%252522GroupKey%252522%25253A%252522os.cpu_process%252522%25252C%25250A%252509%252509%252509%252509%252522Dimension%252522%25253A%252522os%252522%25252C%25250A%252509...%2526headers%253D%25257B%252522Content-Type%252522%25253A%252522application%25252Fx-www-form-urlencoded%252522%25257D%2526rtype%253Dxhr%2526plugin_version%253D3.2.4%2526ts%253D1784010372008%2526type%253Dapi%26cache%3D33f2d4c%26jsver%3Daplus.js%26lver%3D1.13.27%26customSdkId%3D%26platformType%3Dpc%26device_model%3DMacintosh%26os%3DMac%20OS%20X%26os_version%3D10.15.7%26o%3Dmac%26w%3Dwebkit%26s%3D1280x720%26scr%3D1280x720%26m%3D%26ism%3Dmac%26p%3D1%26b%3Dchrome149%26tag%3D0%26stag%3D-3%26lstag%3D-1%26_g_encode%3Dutf-8&cna=&spm-cnt=5176.19908494.0.0.52d91450cxuUDN&spm-url=5176.28369458.0.0.36961450Jepyio&_gr_uid_=1048726631550559&uidaplus=1048726631550559&logtype=2&scr=1280x720&_p_url=https%3A%2F%2Frdsnext.console.aliyun.com%2Fdetail%2Fpgm-wz9t7bv5jsk55jh1%2FmonitorAlarm%3Fspm%3D5176.28369458.0.0.36961450Jepyio%26region%3Dcn-shenzhen%26DedicatedHostGroupId%3D:0
[  743380ms] [ERROR] Failed to load resource: net::ERR_CONNECTION_CLOSED @ https://d-gm.mmstat.com/aes.1.1:0
[  743380ms] [WARNING] [APLUS] -- 日志上报失败，注意，要切成动态网络啦! @ :2
[  746143ms] [ERROR] Failed to load resource: net::ERR_CONNECTION_CLOSED @ https://log.mmstat.com/eg.js:0
[  746174ms] [ERROR] Failed to load resource: net::ERR_CONNECTION_CLOSED @ https://d-gm.mmstat.com/aes.1.1:0
[  746174ms] [ERROR] Failed to load resource: net::ERR_CONNECTION_CLOSED @ https://d-gm.mmstat.com/aes.1.1:0
[  748402ms] [ERROR] Failed to load resource: net::ERR_CONNECTION_CLOSED @ https://log.mmstat.com/eg.js:0
[  748433ms] [ERROR] Failed to load resource: net::ERR_CONNECTION_CLOSED @ https://d-gm.mmstat.com/aes.1.1:0
[  748433ms] [ERROR] Failed to load resource: net::ERR_CONNECTION_CLOSED @ https://d-gm.mmstat.com/aes.1.1:0
[  756240ms] [ERROR] Failed to load resource: net::ERR_CONNECTION_CLOSED @ https://log.mmstat.com/eg.js:0
[  756271ms] [ERROR] Failed to load resource: net::ERR_CONNECTION_CLOSED @ https://d-gm.mmstat.com/aes.1.1:0
[  756271ms] [ERROR] Failed to load resource: net::ERR_CONNECTION_CLOSED @ https://d-gm.mmstat.com/aes.1.1:0
[  758487ms] [ERROR] Failed to load resource: net::ERR_CONNECTION_CLOSED @ https://log.mmstat.com/eg.js:0
[  758517ms] [ERROR] Failed to load resource: net::ERR_CONNECTION_CLOSED @ https://d-gm.mmstat.com/aes.1.1:0
[  758517ms] [ERROR] Failed to load resource: net::ERR_CONNECTION_CLOSED @ https://d-gm.mmstat.com/aes.1.1:0
[  766356ms] [ERROR] Failed to load resource: net::ERR_CONNECTION_CLOSED @ https://log.mmstat.com/eg.js:0
[  766386ms] [ERROR] Failed to load resource: net::ERR_CONNECTION_CLOSED @ https://d-gm.mmstat.com/aes.1.1:0
[  766386ms] [ERROR] Failed to load resource: net::ERR_CONNECTION_CLOSED @ https://d-gm.mmstat.com/aes.1.1:0
[  768686ms] [ERROR] Failed to load resource: net::ERR_CONNECTION_CLOSED @ https://log.mmstat.com/eg.js:0
[  768717ms] [ERROR] Failed to load resource: net::ERR_CONNECTION_CLOSED @ https://d-gm.mmstat.com/aes.1.1:0
[  768717ms] [ERROR] Failed to load resource: net::ERR_CONNECTION_CLOSED @ https://d-gm.mmstat.com/aes.1.1:0
[  776442ms] [ERROR] Failed to load resource: net::ERR_CONNECTION_CLOSED @ https://log.mmstat.com/eg.js:0
[  776474ms] [ERROR] Failed to load resource: net::ERR_CONNECTION_CLOSED @ https://d-gm.mmstat.com/aes.1.1:0
[  776474ms] [ERROR] Failed to load resource: net::ERR_CONNECTION_CLOSED @ https://d-gm.mmstat.com/aes.1.1:0
[  778683ms] [ERROR] Failed to load resource: net::ERR_CONNECTION_CLOSED @ https://log.mmstat.com/eg.js:0
[  778714ms] [ERROR] Failed to load resource: net::ERR_CONNECTION_CLOSED @ https://d-gm.mmstat.com/aes.1.1:0
[  778714ms] [ERROR] Failed to load resource: net::ERR_CONNECTION_CLOSED @ https://d-gm.mmstat.com/aes.1.1:0
[  786578ms] [ERROR] Failed to load resource: net::ERR_CONNECTION_CLOSED @ https://log.mmstat.com/eg.js:0
[  786609ms] [ERROR] Failed to load resource: net::ERR_CONNECTION_CLOSED @ https://d-gm.mmstat.com/aes.1.1:0
[  786609ms] [ERROR] Failed to load resource: net::ERR_CONNECTION_CLOSED @ https://d-gm.mmstat.com/aes.1.1:0
[  788839ms] [ERROR] Failed to load resource: net::ERR_CONNECTION_CLOSED @ https://log.mmstat.com/eg.js:0
[  788869ms] [ERROR] Failed to load resource: net::ERR_CONNECTION_CLOSED @ https://d-gm.mmstat.com/aes.1.1:0
[  788870ms] [ERROR] Failed to load resource: net::ERR_CONNECTION_CLOSED @ https://d-gm.mmstat.com/aes.1.1:0
[  796676ms] [ERROR] Failed to load resource: net::ERR_CONNECTION_CLOSED @ https://log.mmstat.com/eg.js:0
[  796708ms] [ERROR] Failed to load resource: net::ERR_CONNECTION_CLOSED @ https://d-gm.mmstat.com/aes.1.1:0
[  796708ms] [ERROR] Failed to load resource: net::ERR_CONNECTION_CLOSED @ https://d-gm.mmstat.com/aes.1.1:0
[  798917ms] [ERROR] Failed to load resource: net::ERR_CONNECTION_CLOSED @ https://log.mmstat.com/eg.js:0
[  798948ms] [ERROR] Failed to load resource: net::ERR_CONNECTION_CLOSED @ https://d-gm.mmstat.com/aes.1.1:0
[  798948ms] [ERROR] Failed to load resource: net::ERR_CONNECTION_CLOSED @ https://d-gm.mmstat.com/aes.1.1:0
[  806773ms] [ERROR] Failed to load resource: net::ERR_CONNECTION_CLOSED @ https://log.mmstat.com/eg.js:0
[  806805ms] [ERROR] Failed to load resource: net::ERR_CONNECTION_CLOSED @ https://d-gm.mmstat.com/aes.1.1:0
[  806805ms] [ERROR] Failed to load resource: net::ERR_CONNECTION_CLOSED @ https://d-gm.mmstat.com/aes.1.1:0
[  809090ms] [ERROR] Failed to load resource: net::ERR_CONNECTION_CLOSED @ https://log.mmstat.com/eg.js:0
[  809120ms] [ERROR] Failed to load resource: net::ERR_CONNECTION_CLOSED @ https://d-gm.mmstat.com/aes.1.1:0
[  809120ms] [ERROR] Failed to load resource: net::ERR_CONNECTION_CLOSED @ https://d-gm.mmstat.com/aes.1.1:0
[  816894ms] [ERROR] Failed to load resource: net::ERR_CONNECTION_CLOSED @ https://log.mmstat.com/eg.js:0
[  816923ms] [ERROR] Failed to load resource: net::ERR_CONNECTION_CLOSED @ https://d-gm.mmstat.com/aes.1.1:0
[  816924ms] [ERROR] Failed to load resource: net::ERR_CONNECTION_CLOSED @ https://d-gm.mmstat.com/aes.1.1:0
[  819148ms] [ERROR] Failed to load resource: net::ERR_CONNECTION_CLOSED @ https://log.mmstat.com/eg.js:0
[  819179ms] [ERROR] Failed to load resource: net::ERR_CONNECTION_CLOSED @ https://d-gm.mmstat.com/aes.1.1:0
[  819179ms] [ERROR] Failed to load resource: net::ERR_CONNECTION_CLOSED @ https://d-gm.mmstat.com/aes.1.1:0
[  826990ms] [ERROR] Failed to load resource: net::ERR_CONNECTION_CLOSED @ https://log.mmstat.com/eg.js:0
[  827021ms] [ERROR] Failed to load resource: net::ERR_CONNECTION_CLOSED @ https://d-gm.mmstat.com/aes.1.1:0
[  827022ms] [ERROR] Failed to load resource: net::ERR_CONNECTION_CLOSED @ https://d-gm.mmstat.com/aes.1.1:0
[  829237ms] [ERROR] Failed to load resource: net::ERR_CONNECTION_CLOSED @ https://log.mmstat.com/eg.js:0
[  829268ms] [ERROR] Failed to load resource: net::ERR_CONNECTION_CLOSED @ https://d-gm.mmstat.com/aes.1.1:0
[  829268ms] [ERROR] Failed to load resource: net::ERR_CONNECTION_CLOSED @ https://d-gm.mmstat.com/aes.1.1:0
[  837081ms] [ERROR] Failed to load resource: net::ERR_CONNECTION_CLOSED @ https://log.mmstat.com/eg.js:0
[  837111ms] [ERROR] Failed to load resource: net::ERR_CONNECTION_CLOSED @ https://d-gm.mmstat.com/aes.1.1:0
[  837111ms] [ERROR] Failed to load resource: net::ERR_CONNECTION_CLOSED @ https://d-gm.mmstat.com/aes.1.1:0
[  839357ms] [ERROR] Failed to load resource: net::ERR_CONNECTION_CLOSED @ https://log.mmstat.com/eg.js:0
[  839388ms] [ERROR] Failed to load resource: net::ERR_CONNECTION_CLOSED @ https://d-gm.mmstat.com/aes.1.1:0
[  839388ms] [ERROR] Failed to load resource: net::ERR_CONNECTION_CLOSED @ https://d-gm.mmstat.com/aes.1.1:0
[  847180ms] [ERROR] Failed to load resource: net::ERR_CONNECTION_CLOSED @ https://log.mmstat.com/eg.js:0
[  847211ms] [ERROR] Failed to load resource: net::ERR_CONNECTION_CLOSED @ https://d-gm.mmstat.com/aes.1.1:0
[  847211ms] [ERROR] Failed to load resource: net::ERR_CONNECTION_CLOSED @ https://d-gm.mmstat.com/aes.1.1:0
[  849433ms] [ERROR] Failed to load resource: net::ERR_CONNECTION_CLOSED @ https://log.mmstat.com/eg.js:0
[  849464ms] [ERROR] Failed to load resource: net::ERR_CONNECTION_CLOSED @ https://d-gm.mmstat.com/aes.1.1:0
[  849464ms] [ERROR] Failed to load resource: net::ERR_CONNECTION_CLOSED @ https://d-gm.mmstat.com/aes.1.1:0
[  857354ms] [ERROR] Failed to load resource: net::ERR_CONNECTION_CLOSED @ https://log.mmstat.com/eg.js:0
[  857384ms] [ERROR] Failed to load resource: net::ERR_CONNECTION_CLOSED @ https://d-gm.mmstat.com/aes.1.1:0
[  857384ms] [ERROR] Failed to load resource: net::ERR_CONNECTION_CLOSED @ https://d-gm.mmstat.com/aes.1.1:0
[  859586ms] [ERROR] Failed to load resource: net::ERR_CONNECTION_CLOSED @ https://log.mmstat.com/eg.js:0
[  859617ms] [ERROR] Failed to load resource: net::ERR_CONNECTION_CLOSED @ https://d-gm.mmstat.com/aes.1.1:0
[  859617ms] [ERROR] Failed to load resource: net::ERR_CONNECTION_CLOSED @ https://d-gm.mmstat.com/aes.1.1:0
[  867466ms] [ERROR] Failed to load resource: net::ERR_CONNECTION_CLOSED @ https://log.mmstat.com/eg.js:0
[  867498ms] [ERROR] Failed to load resource: net::ERR_CONNECTION_CLOSED @ https://d-gm.mmstat.com/aes.1.1:0
[  867498ms] [ERROR] Failed to load resource: net::ERR_CONNECTION_CLOSED @ https://d-gm.mmstat.com/aes.1.1:0
[  869717ms] [ERROR] Failed to load resource: net::ERR_CONNECTION_CLOSED @ https://log.mmstat.com/eg.js:0
[  869748ms] [ERROR] Failed to load resource: net::ERR_CONNECTION_CLOSED @ https://d-gm.mmstat.com/aes.1.1:0
[  869749ms] [ERROR] Failed to load resource: net::ERR_CONNECTION_CLOSED @ https://d-gm.mmstat.com/aes.1.1:0
[  877558ms] [ERROR] Failed to load resource: net::ERR_CONNECTION_CLOSED @ https://log.mmstat.com/eg.js:0
[  877588ms] [ERROR] Failed to load resource: net::ERR_CONNECTION_CLOSED @ https://d-gm.mmstat.com/aes.1.1:0
[  877589ms] [ERROR] Failed to load resource: net::ERR_CONNECTION_CLOSED @ https://d-gm.mmstat.com/aes.1.1:0
[  879866ms] [ERROR] Failed to load resource: net::ERR_CONNECTION_CLOSED @ https://log.mmstat.com/eg.js:0
[  879898ms] [ERROR] Failed to load resource: net::ERR_CONNECTION_CLOSED @ https://d-gm.mmstat.com/aes.1.1:0
[  879898ms] [ERROR] Failed to load resource: net::ERR_CONNECTION_CLOSED @ https://d-gm.mmstat.com/aes.1.1:0
[  887666ms] [ERROR] Failed to load resource: net::ERR_CONNECTION_CLOSED @ https://log.mmstat.com/eg.js:0
[  887697ms] [ERROR] Failed to load resource: net::ERR_CONNECTION_CLOSED @ https://d-gm.mmstat.com/aes.1.1:0
[  887697ms] [ERROR] Failed to load resource: net::ERR_CONNECTION_CLOSED @ https://d-gm.mmstat.com/aes.1.1:0
[  890008ms] [ERROR] Failed to load resource: net::ERR_CONNECTION_CLOSED @ https://log.mmstat.com/eg.js:0
[  890040ms] [ERROR] Failed to load resource: net::ERR_CONNECTION_CLOSED @ https://d-gm.mmstat.com/aes.1.1:0
[  890040ms] [ERROR] Failed to load resource: net::ERR_CONNECTION_CLOSED @ https://d-gm.mmstat.com/aes.1.1:0
[  897761ms] [ERROR] Failed to load resource: net::ERR_CONNECTION_CLOSED @ https://log.mmstat.com/eg.js:0
[  897791ms] [ERROR] Failed to load resource: net::ERR_CONNECTION_CLOSED @ https://d-gm.mmstat.com/aes.1.1:0
[  897791ms] [ERROR] Failed to load resource: net::ERR_CONNECTION_CLOSED @ https://d-gm.mmstat.com/aes.1.1:0
[  900001ms] [ERROR] Failed to load resource: net::ERR_CONNECTION_CLOSED @ https://log.mmstat.com/eg.js:0
[  900031ms] [ERROR] Failed to load resource: net::ERR_CONNECTION_CLOSED @ https://d-gm.mmstat.com/aes.1.1:0
[  900031ms] [ERROR] Failed to load resource: net::ERR_CONNECTION_CLOSED @ https://d-gm.mmstat.com/aes.1.1:0
[  907876ms] [ERROR] Failed to load resource: net::ERR_CONNECTION_CLOSED @ https://log.mmstat.com/eg.js:0
[  907907ms] [ERROR] Failed to load resource: net::ERR_CONNECTION_CLOSED @ https://d-gm.mmstat.com/aes.1.1:0
[  907907ms] [ERROR] Failed to load resource: net::ERR_CONNECTION_CLOSED @ https://d-gm.mmstat.com/aes.1.1:0
[  910116ms] [ERROR] Failed to load resource: net::ERR_CONNECTION_CLOSED @ https://log.mmstat.com/eg.js:0
[  910148ms] [ERROR] Failed to load resource: net::ERR_CONNECTION_CLOSED @ https://d-gm.mmstat.com/aes.1.1:0
[  910148ms] [ERROR] Failed to load resource: net::ERR_CONNECTION_CLOSED @ https://d-gm.mmstat.com/aes.1.1:0
[  917964ms] [ERROR] Failed to load resource: net::ERR_CONNECTION_CLOSED @ https://log.mmstat.com/eg.js:0
[  917994ms] [ERROR] Failed to load resource: net::ERR_CONNECTION_CLOSED @ https://d-gm.mmstat.com/aes.1.1:0
[  917994ms] [ERROR] Failed to load resource: net::ERR_CONNECTION_CLOSED @ https://d-gm.mmstat.com/aes.1.1:0
[  920227ms] [ERROR] Failed to load resource: net::ERR_CONNECTION_CLOSED @ https://log.mmstat.com/eg.js:0
[  920257ms] [ERROR] Failed to load resource: net::ERR_CONNECTION_CLOSED @ https://d-gm.mmstat.com/aes.1.1:0
[  920258ms] [ERROR] Failed to load resource: net::ERR_CONNECTION_CLOSED @ https://d-gm.mmstat.com/aes.1.1:0
[  928118ms] [ERROR] Failed to load resource: net::ERR_CONNECTION_CLOSED @ https://log.mmstat.com/eg.js:0
[  928149ms] [ERROR] Failed to load resource: net::ERR_CONNECTION_CLOSED @ https://d-gm.mmstat.com/aes.1.1:0
[  928149ms] [ERROR] Failed to load resource: net::ERR_CONNECTION_CLOSED @ https://d-gm.mmstat.com/aes.1.1:0
[  930370ms] [ERROR] Failed to load resource: net::ERR_CONNECTION_CLOSED @ https://log.mmstat.com/eg.js:0
[  930402ms] [ERROR] Failed to load resource: net::ERR_CONNECTION_CLOSED @ https://d-gm.mmstat.com/aes.1.1:0
[  930403ms] [ERROR] Failed to load resource: net::ERR_CONNECTION_CLOSED @ https://d-gm.mmstat.com/aes.1.1:0
[  938228ms] [ERROR] Failed to load resource: net::ERR_CONNECTION_CLOSED @ https://log.mmstat.com/eg.js:0
[  938259ms] [ERROR] Failed to load resource: net::ERR_CONNECTION_CLOSED @ https://d-gm.mmstat.com/aes.1.1:0
[  938259ms] [ERROR] Failed to load resource: net::ERR_CONNECTION_CLOSED @ https://d-gm.mmstat.com/aes.1.1:0
[  940479ms] [ERROR] Failed to load resource: net::ERR_CONNECTION_CLOSED @ https://log.mmstat.com/eg.js:0
[  940509ms] [ERROR] Failed to load resource: net::ERR_CONNECTION_CLOSED @ https://d-gm.mmstat.com/aes.1.1:0
[  940509ms] [ERROR] Failed to load resource: net::ERR_CONNECTION_CLOSED @ https://d-gm.mmstat.com/aes.1.1:0
[  948329ms] [ERROR] Failed to load resource: net::ERR_CONNECTION_CLOSED @ https://log.mmstat.com/eg.js:0
[  948360ms] [ERROR] Failed to load resource: net::ERR_CONNECTION_CLOSED @ https://d-gm.mmstat.com/aes.1.1:0
[  948360ms] [ERROR] Failed to load resource: net::ERR_CONNECTION_CLOSED @ https://d-gm.mmstat.com/aes.1.1:0
[  950636ms] [ERROR] Failed to load resource: net::ERR_CONNECTION_CLOSED @ https://log.mmstat.com/eg.js:0
[  950666ms] [ERROR] Failed to load resource: net::ERR_CONNECTION_CLOSED @ https://d-gm.mmstat.com/aes.1.1:0
[  950666ms] [ERROR] Failed to load resource: net::ERR_CONNECTION_CLOSED @ https://d-gm.mmstat.com/aes.1.1:0
[  958457ms] [ERROR] Failed to load resource: net::ERR_CONNECTION_CLOSED @ https://log.mmstat.com/eg.js:0
[  958487ms] [ERROR] Failed to load resource: net::ERR_CONNECTION_CLOSED @ https://d-gm.mmstat.com/aes.1.1:0
[  958488ms] [ERROR] Failed to load resource: net::ERR_CONNECTION_CLOSED @ https://d-gm.mmstat.com/aes.1.1:0
[  960711ms] [ERROR] Failed to load resource: net::ERR_CONNECTION_CLOSED @ https://log.mmstat.com/eg.js:0
[  960739ms] [ERROR] Failed to load resource: net::ERR_CONNECTION_CLOSED @ https://d-gm.mmstat.com/aes.1.1:0
[  960739ms] [ERROR] Failed to load resource: net::ERR_CONNECTION_CLOSED @ https://d-gm.mmstat.com/aes.1.1:0
[  968558ms] [ERROR] Failed to load resource: net::ERR_CONNECTION_CLOSED @ https://log.mmstat.com/eg.js:0
[  968586ms] [ERROR] Failed to load resource: net::ERR_CONNECTION_CLOSED @ https://d-gm.mmstat.com/aes.1.1:0
[  968587ms] [ERROR] Failed to load resource: net::ERR_CONNECTION_CLOSED @ https://d-gm.mmstat.com/aes.1.1:0
[  970802ms] [ERROR] Failed to load resource: net::ERR_CONNECTION_CLOSED @ https://log.mmstat.com/eg.js:0
[  970831ms] [ERROR] Failed to load resource: net::ERR_CONNECTION_CLOSED @ https://d-gm.mmstat.com/aes.1.1:0
[  970832ms] [ERROR] Failed to load resource: net::ERR_CONNECTION_CLOSED @ https://d-gm.mmstat.com/aes.1.1:0
[  978671ms] [ERROR] Failed to load resource: net::ERR_CONNECTION_CLOSED @ https://log.mmstat.com/eg.js:0
[  978700ms] [ERROR] Failed to load resource: net::ERR_CONNECTION_CLOSED @ https://d-gm.mmstat.com/aes.1.1:0
[  978700ms] [ERROR] Failed to load resource: net::ERR_CONNECTION_CLOSED @ https://d-gm.mmstat.com/aes.1.1:0
[  980996ms] [ERROR] Failed to load resource: net::ERR_CONNECTION_CLOSED @ https://log.mmstat.com/eg.js:0
[  981026ms] [ERROR] Failed to load resource: net::ERR_CONNECTION_CLOSED @ https://d-gm.mmstat.com/aes.1.1:0
[  981026ms] [ERROR] Failed to load resource: net::ERR_CONNECTION_CLOSED @ https://d-gm.mmstat.com/aes.1.1:0
[  988873ms] [ERROR] Failed to load resource: net::ERR_CONNECTION_CLOSED @ https://log.mmstat.com/eg.js:0
[  988901ms] [ERROR] Failed to load resource: net::ERR_CONNECTION_CLOSED @ https://d-gm.mmstat.com/aes.1.1:0
[  988902ms] [ERROR] Failed to load resource: net::ERR_CONNECTION_CLOSED @ https://d-gm.mmstat.com/aes.1.1:0
[  991145ms] [ERROR] Failed to load resource: net::ERR_CONNECTION_CLOSED @ https://log.mmstat.com/eg.js:0
[  991176ms] [ERROR] Failed to load resource: net::ERR_CONNECTION_CLOSED @ https://d-gm.mmstat.com/aes.1.1:0
[  991176ms] [ERROR] Failed to load resource: net::ERR_CONNECTION_CLOSED @ https://d-gm.mmstat.com/aes.1.1:0
[  998968ms] [ERROR] Failed to load resource: net::ERR_CONNECTION_CLOSED @ https://log.mmstat.com/eg.js:0
[  998998ms] [ERROR] Failed to load resource: net::ERR_CONNECTION_CLOSED @ https://d-gm.mmstat.com/aes.1.1:0
[  998999ms] [ERROR] Failed to load resource: net::ERR_CONNECTION_CLOSED @ https://d-gm.mmstat.com/aes.1.1:0
[ 1001220ms] [ERROR] Failed to load resource: net::ERR_CONNECTION_CLOSED @ https://log.mmstat.com/eg.js:0
[ 1001252ms] [ERROR] Failed to load resource: net::ERR_CONNECTION_CLOSED @ https://d-gm.mmstat.com/aes.1.1:0
[ 1001252ms] [ERROR] Failed to load resource: net::ERR_CONNECTION_CLOSED @ https://d-gm.mmstat.com/aes.1.1:0
[ 1009078ms] [ERROR] Failed to load resource: net::ERR_CONNECTION_CLOSED @ https://log.mmstat.com/eg.js:0
[ 1009108ms] [ERROR] Failed to load resource: net::ERR_CONNECTION_CLOSED @ https://d-gm.mmstat.com/aes.1.1:0
[ 1009108ms] [ERROR] Failed to load resource: net::ERR_CONNECTION_CLOSED @ https://d-gm.mmstat.com/aes.1.1:0
[ 1011406ms] [ERROR] Failed to load resource: net::ERR_CONNECTION_CLOSED @ https://log.mmstat.com/eg.js:0
[ 1011437ms] [ERROR] Failed to load resource: net::ERR_CONNECTION_CLOSED @ https://d-gm.mmstat.com/aes.1.1:0
[ 1011437ms] [ERROR] Failed to load resource: net::ERR_CONNECTION_CLOSED @ https://d-gm.mmstat.com/aes.1.1:0
[ 1019163ms] [ERROR] Failed to load resource: net::ERR_CONNECTION_CLOSED @ https://log.mmstat.com/eg.js:0
[ 1019194ms] [ERROR] Failed to load resource: net::ERR_CONNECTION_CLOSED @ https://d-gm.mmstat.com/aes.1.1:0
[ 1019194ms] [ERROR] Failed to load resource: net::ERR_CONNECTION_CLOSED @ https://d-gm.mmstat.com/aes.1.1:0
[ 1021414ms] [ERROR] Failed to load resource: net::ERR_CONNECTION_CLOSED @ https://log.mmstat.com/eg.js:0
[ 1021446ms] [ERROR] Failed to load resource: net::ERR_CONNECTION_CLOSED @ https://d-gm.mmstat.com/aes.1.1:0
[ 1021446ms] [ERROR] Failed to load resource: net::ERR_CONNECTION_CLOSED @ https://d-gm.mmstat.com/aes.1.1:0
[ 1029326ms] [ERROR] Failed to load resource: net::ERR_CONNECTION_CLOSED @ https://log.mmstat.com/eg.js:0
[ 1029355ms] [ERROR] Failed to load resource: net::ERR_CONNECTION_CLOSED @ https://d-gm.mmstat.com/aes.1.1:0
[ 1029355ms] [ERROR] Failed to load resource: net::ERR_CONNECTION_CLOSED @ https://d-gm.mmstat.com/aes.1.1:0
[ 1031563ms] [ERROR] Failed to load resource: net::ERR_CONNECTION_CLOSED @ https://log.mmstat.com/eg.js:0
[ 1031594ms] [ERROR] Failed to load resource: net::ERR_CONNECTION_CLOSED @ https://d-gm.mmstat.com/aes.1.1:0
[ 1031595ms] [ERROR] Failed to load resource: net::ERR_CONNECTION_CLOSED @ https://d-gm.mmstat.com/aes.1.1:0
[ 1039436ms] [ERROR] Failed to load resource: net::ERR_CONNECTION_CLOSED @ https://log.mmstat.com/eg.js:0
[ 1039467ms] [ERROR] Failed to load resource: net::ERR_CONNECTION_CLOSED @ https://d-gm.mmstat.com/aes.1.1:0
[ 1039467ms] [ERROR] Failed to load resource: net::ERR_CONNECTION_CLOSED @ https://d-gm.mmstat.com/aes.1.1:0
[ 1041692ms] [ERROR] Failed to load resource: net::ERR_CONNECTION_CLOSED @ https://log.mmstat.com/eg.js:0
[ 1041723ms] [ERROR] Failed to load resource: net::ERR_CONNECTION_CLOSED @ https://d-gm.mmstat.com/aes.1.1:0
[ 1041723ms] [ERROR] Failed to load resource: net::ERR_CONNECTION_CLOSED @ https://d-gm.mmstat.com/aes.1.1:0
[ 1119697ms] [ERROR] Failed to load resource: net::ERR_CONNECTION_CLOSED @ https://log.mmstat.com/eg.js:0
[ 1119732ms] [ERROR] Failed to load resource: net::ERR_CONNECTION_CLOSED @ https://d-gm.mmstat.com/aes.1.1:0
[ 1119747ms] [ERROR] Failed to load resource: net::ERR_CONNECTION_CLOSED @ https://log.mmstat.com/eg.js:0
[ 1119777ms] [ERROR] Failed to load resource: net::ERR_CONNECTION_CLOSED @ https://d-gm.mmstat.com/aes.1.1:0
[ 1119777ms] [ERROR] Failed to load resource: net::ERR_CONNECTION_CLOSED @ https://d-gm.mmstat.com/aes.1.1:0
[ 1120047ms] [ERROR] Failed to load resource: net::ERR_CONNECTION_CLOSED @ https://log.mmstat.com/eg.js:0
[ 1120089ms] [WARNING] There are multiple versions of G2. Version 3.3.4's reference is 'window.G2_3' @ https://gw.alipayobjects.com/os/lib/antv/g2/3.3.4/dist/g2.min.js:0
[ 1120111ms] [ERROR] Permissions policy violation: accelerometer is not allowed in this document. @ https://af.alicdn.com/AWSC/uab/1.140.0/collina.js:1
[ 1120111ms] [WARNING] The deviceorientation events are blocked by permissions policy. See https://github.com/w3c/webappsec-permissions-policy/blob/master/features.md#sensor-features @ https://af.alicdn.com/AWSC/uab/1.140.0/collina.js:1
[ 1120112ms] [LOG] Tue Jul 14 2026 14:32:29 GMT+0800 (China Standard Time) @ https://af.alicdn.com/AWSC/uab/1.140.0/collina.js:4
[ 1120276ms] [LOG] %c [APLUS] -- APLUS INIT SUCCESS background:#3B82FE; padding: 4px; padding-right: 8px; border-radius: 4px; color: #fff; @ :1
[ 1120277ms] [WARNING] Unsatisfied version 1.0.1-alpha from das of shared singleton module @ali/wind-console-track (required =1.0.1-alpha.2) @ https://g.alicdn.com/AliDBPaaS/sailorstar/2.25.86/index.js:0
[ 1120278ms] [WARNING] Unsatisfied version 3.0.3 from das of shared singleton module @ali/aes-tracker-plugin-event (required =3.0.0) @ https://g.alicdn.com/AliDBPaaS/sailorstar/2.25.86/index.js:0
[ 1120278ms] [WARNING] Unsatisfied version 0.4.0-rc.1 from das of shared singleton module dva (required =2.6.0-beta.20) @ https://g.alicdn.com/AliDBPaaS/sailorstar/2.25.86/index.js:0
[ 1120278ms] [WARNING] Unsatisfied version 3.3.18 from das of shared singleton module @ali/aes-tracker (required =3.3.9) @ https://g.alicdn.com/AliDBPaaS/sailorstar/2.25.86/index.js:0
[ 1120278ms] [WARNING] Unsatisfied version 3.0.4 from das of shared singleton module @ali/aes-tracker-plugin-jserror (required =3.0.3) @ https://g.alicdn.com/AliDBPaaS/sailorstar/2.25.86/index.js:0
[ 1120278ms] [WARNING] Unsatisfied version 3.0.7 from das of shared singleton module @ali/aes-tracker-plugin-pv (required =3.0.6) @ https://g.alicdn.com/AliDBPaaS/sailorstar/2.25.86/index.js:0
[ 1120278ms] [WARNING] Unsatisfied version 3.0.17 from das of shared singleton module @ali/aes-tracker-plugin-autolog (required =3.0.13) @ https://g.alicdn.com/AliDBPaaS/sailorstar/2.25.86/index.js:0
[ 1120473ms] [WARNING] There are multiple versions of G2. Version 3.4.5's reference is 'window.G2_3' @ https://g.alicdn.com/AliDBPaaS/sailorstar/2.25.86/das.0aa21bde20afc720158c.js:2228
[ 1120637ms] [WARNING] There are multiple versions of G2. Version 3.3.4's reference is 'window.G2_3' @ https://g.alicdn.com/AliDBPaaS/sailorstar/2.25.86/das.0aa21bde20afc720158c.js:2111
[ 1120793ms] [ERROR] Failed to load resource: net::ERR_CONNECTION_CLOSED @ https://log.mmstat.com/eg.js:0
[ 1120793ms] [ERROR] Failed to load resource: net::ERR_CONNECTION_CLOSED @ https://log.mmstat.com/eg.js:0
[ 1121027ms] [ERROR] Failed to load resource: net::ERR_CONNECTION_CLOSED @ https://d-gm.mmstat.com/aes.1.1:0
[ 1121027ms] [ERROR] Failed to load resource: net::ERR_CONNECTION_CLOSED @ https://d-gm.mmstat.com/aes.1.1:0
[ 1121096ms] [ERROR] Permissions policy violation: gyroscope is not allowed in this document. @ https://g.alicdn.com/secdev/sufei_data/3.9.14/index.js:0
[ 1121096ms] [ERROR] Permissions policy violation: accelerometer is not allowed in this document. @ https://g.alicdn.com/secdev/sufei_data/3.9.14/index.js:0
[ 1121096ms] [WARNING] The deviceorientation events are blocked by permissions policy. See https://github.com/w3c/webappsec-permissions-policy/blob/master/features.md#sensor-features @ https://g.alicdn.com/secdev/sufei_data/3.9.14/index.js:0
[ 1121221ms] [ERROR] Failed to load resource: net::ERR_CONNECTION_CLOSED @ https://log.mmstat.com/eg.js:0
[ 1121431ms] [ERROR] Failed to load resource: net::ERR_CONNECTION_CLOSED @ https://d-gm.mmstat.com/aes.1.1:0
[ 1121431ms] [ERROR] Failed to load resource: net::ERR_CONNECTION_CLOSED @ https://log.mmstat.com/eg.js:0
[ 1121566ms] [ERROR] Failed to load resource: net::ERR_CONNECTION_CLOSED @ https://d-gm.mmstat.com/aes.1.1:0
[ 1121643ms] [ERROR] Failed to load resource: net::ERR_CONNECTION_CLOSED @ https://log.mmstat.com/eg.js:0
[ 1121672ms] [ERROR] Failed to load resource: net::ERR_CONNECTION_CLOSED @ https://d-gm.mmstat.com/aliyun_com.homon.homon-module:0
[ 1121711ms] [ERROR] Failed to load resource: net::ERR_CONNECTION_CLOSED @ https://log.mmstat.com/eg.js:0
[ 1121753ms] [ERROR] Failed to load resource: net::ERR_CONNECTION_CLOSED @ https://d-gm.mmstat.com/aes.1.1:0
[ 1121913ms] [ERROR] Failed to load resource: net::ERR_CONNECTION_CLOSED @ https://log.mmstat.com/eg.js:0
[ 1121940ms] [ERROR] Failed to load resource: net::ERR_CONNECTION_CLOSED @ https://d-gm.mmstat.com/aes.1.1:0
[ 1122072ms] [ERROR] Failed to load resource: net::ERR_CONNECTION_CLOSED @ https://log.mmstat.com/eg.js:0
[ 1122102ms] [ERROR] Failed to load resource: net::ERR_CONNECTION_CLOSED @ https://d-gm.mmstat.com/aes.1.1:0
[ 1122102ms] [ERROR] Failed to load resource: net::ERR_CONNECTION_CLOSED @ https://d-gm.mmstat.com/aes.1.1:0
[ 1124646ms] [ERROR] Failed to load resource: net::ERR_CONNECTION_CLOSED @ https://log.mmstat.com/eg.js:0
[ 1124674ms] [ERROR] Failed to load resource: net::ERR_CONNECTION_CLOSED @ https://d-gm.mmstat.com/aliyun_com.homon.tracker-event:0
[ 1129891ms] [ERROR] Failed to load resource: net::ERR_CONNECTION_CLOSED @ https://log.mmstat.com/eg.js:0
[ 1129924ms] [ERROR] Failed to load resource: net::ERR_CONNECTION_CLOSED @ https://d-gm.mmstat.com/aes.1.1:0
[ 1129924ms] [ERROR] Failed to load resource: net::ERR_CONNECTION_CLOSED @ https://d-gm.mmstat.com/aes.1.1:0
[ 1132145ms] [ERROR] Failed to load resource: net::ERR_CONNECTION_CLOSED @ https://log.mmstat.com/eg.js:0
[ 1132176ms] [ERROR] Failed to load resource: net::ERR_CONNECTION_CLOSED @ https://d-gm.mmstat.com/aes.1.1:0
[ 1132177ms] [ERROR] Failed to load resource: net::ERR_CONNECTION_CLOSED @ https://d-gm.mmstat.com/aes.1.1:0
[ 1139998ms] [ERROR] Failed to load resource: net::ERR_CONNECTION_CLOSED @ https://log.mmstat.com/eg.js:0
[ 1140027ms] [ERROR] Failed to load resource: net::ERR_CONNECTION_CLOSED @ https://d-gm.mmstat.com/aes.1.1:0
[ 1140028ms] [ERROR] Failed to load resource: net::ERR_CONNECTION_CLOSED @ https://d-gm.mmstat.com/aes.1.1:0
[ 1142246ms] [ERROR] Failed to load resource: net::ERR_CONNECTION_CLOSED @ https://log.mmstat.com/eg.js:0
[ 1142279ms] [ERROR] Failed to load resource: net::ERR_CONNECTION_CLOSED @ https://d-gm.mmstat.com/aes.1.1:0
[ 1142279ms] [ERROR] Failed to load resource: net::ERR_CONNECTION_CLOSED @ https://d-gm.mmstat.com/aes.1.1:0
[ 1150099ms] [ERROR] Failed to load resource: net::ERR_CONNECTION_CLOSED @ https://log.mmstat.com/eg.js:0
[ 1150131ms] [ERROR] Failed to load resource: net::ERR_CONNECTION_CLOSED @ https://d-gm.mmstat.com/aes.1.1:0
[ 1150131ms] [ERROR] Failed to load resource: net::ERR_CONNECTION_CLOSED @ https://d-gm.mmstat.com/aes.1.1:0
[ 1151645ms] [ERROR] Failed to load resource: net::ERR_CONNECTION_CLOSED @ https://log.mmstat.com/eg.js:0
[ 1151673ms] [ERROR] Failed to load resource: net::ERR_CONNECTION_CLOSED @ https://d-gm.mmstat.com/aliyun_com.homon.tracker-event:0
[ 1152436ms] [ERROR] Failed to load resource: net::ERR_CONNECTION_CLOSED @ https://log.mmstat.com/eg.js:0
[ 1152473ms] [ERROR] Failed to load resource: net::ERR_CONNECTION_CLOSED @ https://d-gm.mmstat.com/aes.1.1:0
[ 1152473ms] [ERROR] Failed to load resource: net::ERR_CONNECTION_CLOSED @ https://d-gm.mmstat.com/aes.1.1:0
[ 1160199ms] [ERROR] Failed to load resource: net::ERR_CONNECTION_CLOSED @ https://log.mmstat.com/eg.js:0
[ 1160230ms] [ERROR] Failed to load resource: net::ERR_CONNECTION_CLOSED @ https://d-gm.mmstat.com/aes.1.1:0
[ 1160230ms] [ERROR] Failed to load resource: net::ERR_CONNECTION_CLOSED @ https://d-gm.mmstat.com/aes.1.1:0
[ 1162458ms] [ERROR] Failed to load resource: net::ERR_CONNECTION_CLOSED @ https://log.mmstat.com/eg.js:0
[ 1162489ms] [ERROR] Failed to load resource: net::ERR_CONNECTION_CLOSED @ https://d-gm.mmstat.com/aes.1.1:0
[ 1162489ms] [ERROR] Failed to load resource: net::ERR_CONNECTION_CLOSED @ https://d-gm.mmstat.com/aes.1.1:0
[ 1170363ms] [ERROR] Failed to load resource: net::ERR_CONNECTION_CLOSED @ https://log.mmstat.com/eg.js:0
[ 1170393ms] [ERROR] Failed to load resource: net::ERR_CONNECTION_CLOSED @ https://d-gm.mmstat.com/aes.1.1:0
[ 1170393ms] [ERROR] Failed to load resource: net::ERR_CONNECTION_CLOSED @ https://d-gm.mmstat.com/aes.1.1:0
[ 1172614ms] [ERROR] Failed to load resource: net::ERR_CONNECTION_CLOSED @ https://log.mmstat.com/eg.js:0
[ 1172646ms] [ERROR] Failed to load resource: net::ERR_CONNECTION_CLOSED @ https://d-gm.mmstat.com/aes.1.1:0
[ 1172647ms] [ERROR] Failed to load resource: net::ERR_CONNECTION_CLOSED @ https://d-gm.mmstat.com/aes.1.1:0
[ 1180480ms] [ERROR] Failed to load resource: net::ERR_CONNECTION_CLOSED @ https://log.mmstat.com/eg.js:0
[ 1180512ms] [ERROR] Failed to load resource: net::ERR_CONNECTION_CLOSED @ https://d-gm.mmstat.com/aes.1.1:0
[ 1180512ms] [ERROR] Failed to load resource: net::ERR_CONNECTION_CLOSED @ https://d-gm.mmstat.com/aes.1.1:0
[ 1182744ms] [ERROR] Failed to load resource: net::ERR_CONNECTION_CLOSED @ https://log.mmstat.com/eg.js:0
[ 1182774ms] [ERROR] Failed to load resource: net::ERR_CONNECTION_CLOSED @ https://d-gm.mmstat.com/aes.1.1:0
[ 1182774ms] [ERROR] Failed to load resource: net::ERR_CONNECTION_CLOSED @ https://d-gm.mmstat.com/aes.1.1:0
[ 1190589ms] [ERROR] Failed to load resource: net::ERR_CONNECTION_CLOSED @ https://log.mmstat.com/eg.js:0
[ 1190619ms] [ERROR] Failed to load resource: net::ERR_CONNECTION_CLOSED @ https://d-gm.mmstat.com/aes.1.1:0
[ 1190619ms] [ERROR] Failed to load resource: net::ERR_CONNECTION_CLOSED @ https://d-gm.mmstat.com/aes.1.1:0
[ 1192842ms] [ERROR] Failed to load resource: net::ERR_CONNECTION_CLOSED @ https://log.mmstat.com/eg.js:0
[ 1192872ms] [ERROR] Failed to load resource: net::ERR_CONNECTION_CLOSED @ https://d-gm.mmstat.com/aes.1.1:0
[ 1192873ms] [ERROR] Failed to load resource: net::ERR_CONNECTION_CLOSED @ https://d-gm.mmstat.com/aes.1.1:0
[ 1200744ms] [ERROR] Failed to load resource: net::ERR_CONNECTION_CLOSED @ https://log.mmstat.com/eg.js:0
[ 1200775ms] [ERROR] Failed to load resource: net::ERR_CONNECTION_CLOSED @ https://d-gm.mmstat.com/aes.1.1:0
[ 1200775ms] [ERROR] Failed to load resource: net::ERR_CONNECTION_CLOSED @ https://d-gm.mmstat.com/aes.1.1:0
[ 1203003ms] [ERROR] Failed to load resource: net::ERR_CONNECTION_CLOSED @ https://log.mmstat.com/eg.js:0
[ 1203034ms] [ERROR] Failed to load resource: net::ERR_CONNECTION_CLOSED @ https://d-gm.mmstat.com/aes.1.1:0
[ 1203035ms] [ERROR] Failed to load resource: net::ERR_CONNECTION_CLOSED @ https://d-gm.mmstat.com/aes.1.1:0
[ 1210844ms] [ERROR] Failed to load resource: net::ERR_CONNECTION_CLOSED @ https://log.mmstat.com/eg.js:0
[ 1210873ms] [ERROR] Failed to load resource: net::ERR_CONNECTION_CLOSED @ https://d-gm.mmstat.com/aes.1.1:0
[ 1210873ms] [ERROR] Failed to load resource: net::ERR_CONNECTION_CLOSED @ https://d-gm.mmstat.com/aes.1.1:0
[ 1213087ms] [ERROR] Failed to load resource: net::ERR_CONNECTION_CLOSED @ https://log.mmstat.com/eg.js:0
[ 1213118ms] [ERROR] Failed to load resource: net::ERR_CONNECTION_CLOSED @ https://d-gm.mmstat.com/aes.1.1:0
[ 1213119ms] [ERROR] Failed to load resource: net::ERR_CONNECTION_CLOSED @ https://d-gm.mmstat.com/aes.1.1:0
[ 1220961ms] [ERROR] Failed to load resource: net::ERR_CONNECTION_CLOSED @ https://log.mmstat.com/eg.js:0
[ 1220991ms] [ERROR] Failed to load resource: net::ERR_CONNECTION_CLOSED @ https://d-gm.mmstat.com/aes.1.1:0
[ 1220991ms] [ERROR] Failed to load resource: net::ERR_CONNECTION_CLOSED @ https://d-gm.mmstat.com/aes.1.1:0
[ 1223258ms] [ERROR] Failed to load resource: net::ERR_CONNECTION_CLOSED @ https://log.mmstat.com/eg.js:0
[ 1223291ms] [ERROR] Failed to load resource: net::ERR_CONNECTION_CLOSED @ https://d-gm.mmstat.com/aes.1.1:0
[ 1223291ms] [ERROR] Failed to load resource: net::ERR_CONNECTION_CLOSED @ https://d-gm.mmstat.com/aes.1.1:0
[ 1231087ms] [ERROR] Failed to load resource: net::ERR_CONNECTION_CLOSED @ https://log.mmstat.com/eg.js:0
[ 1231118ms] [ERROR] Failed to load resource: net::ERR_CONNECTION_CLOSED @ https://d-gm.mmstat.com/aes.1.1:0
[ 1231119ms] [ERROR] Failed to load resource: net::ERR_CONNECTION_CLOSED @ https://d-gm.mmstat.com/aes.1.1:0
[ 1233319ms] [ERROR] Failed to load resource: net::ERR_CONNECTION_CLOSED @ https://log.mmstat.com/eg.js:0
[ 1233350ms] [ERROR] Failed to load resource: net::ERR_CONNECTION_CLOSED @ https://d-gm.mmstat.com/aes.1.1:0
[ 1233350ms] [ERROR] Failed to load resource: net::ERR_CONNECTION_CLOSED @ https://d-gm.mmstat.com/aes.1.1:0
[ 1241181ms] [ERROR] Failed to load resource: net::ERR_CONNECTION_CLOSED @ https://log.mmstat.com/eg.js:0
[ 1241212ms] [ERROR] Failed to load resource: net::ERR_CONNECTION_CLOSED @ https://d-gm.mmstat.com/aes.1.1:0
[ 1241212ms] [ERROR] Failed to load resource: net::ERR_CONNECTION_CLOSED @ https://d-gm.mmstat.com/aes.1.1:0
[ 1243436ms] [ERROR] Failed to load resource: net::ERR_CONNECTION_CLOSED @ https://log.mmstat.com/eg.js:0
[ 1243467ms] [ERROR] Failed to load resource: net::ERR_CONNECTION_CLOSED @ https://d-gm.mmstat.com/aes.1.1:0
[ 1243468ms] [ERROR] Failed to load resource: net::ERR_CONNECTION_CLOSED @ https://d-gm.mmstat.com/aes.1.1:0
[ 1251282ms] [ERROR] Failed to load resource: net::ERR_CONNECTION_CLOSED @ https://log.mmstat.com/eg.js:0
[ 1251314ms] [ERROR] Failed to load resource: net::ERR_CONNECTION_CLOSED @ https://d-gm.mmstat.com/aes.1.1:0
[ 1251314ms] [ERROR] Failed to load resource: net::ERR_CONNECTION_CLOSED @ https://d-gm.mmstat.com/aes.1.1:0
[ 1253627ms] [ERROR] Failed to load resource: net::ERR_CONNECTION_CLOSED @ https://log.mmstat.com/eg.js:0
[ 1253659ms] [ERROR] Failed to load resource: net::ERR_CONNECTION_CLOSED @ https://d-gm.mmstat.com/aes.1.1:0
[ 1253659ms] [ERROR] Failed to load resource: net::ERR_CONNECTION_CLOSED @ https://d-gm.mmstat.com/aes.1.1:0
[ 1261384ms] [ERROR] Failed to load resource: net::ERR_CONNECTION_CLOSED @ https://log.mmstat.com/eg.js:0
[ 1261417ms] [ERROR] Failed to load resource: net::ERR_CONNECTION_CLOSED @ https://d-gm.mmstat.com/aes.1.1:0
[ 1261417ms] [ERROR] Failed to load resource: net::ERR_CONNECTION_CLOSED @ https://d-gm.mmstat.com/aes.1.1:0
[ 1263652ms] [ERROR] Failed to load resource: net::ERR_CONNECTION_CLOSED @ https://log.mmstat.com/eg.js:0
[ 1263683ms] [ERROR] Failed to load resource: net::ERR_CONNECTION_CLOSED @ https://d-gm.mmstat.com/aes.1.1:0
[ 1263683ms] [ERROR] Failed to load resource: net::ERR_CONNECTION_CLOSED @ https://d-gm.mmstat.com/aes.1.1:0
[ 1271540ms] [ERROR] Failed to load resource: net::ERR_CONNECTION_CLOSED @ https://log.mmstat.com/eg.js:0
[ 1271571ms] [ERROR] Failed to load resource: net::ERR_CONNECTION_CLOSED @ https://d-gm.mmstat.com/aes.1.1:0
[ 1271571ms] [ERROR] Failed to load resource: net::ERR_CONNECTION_CLOSED @ https://d-gm.mmstat.com/aes.1.1:0
[ 1273792ms] [ERROR] Failed to load resource: net::ERR_CONNECTION_CLOSED @ https://log.mmstat.com/eg.js:0
[ 1273823ms] [ERROR] Failed to load resource: net::ERR_CONNECTION_CLOSED @ https://d-gm.mmstat.com/aes.1.1:0
[ 1273824ms] [ERROR] Failed to load resource: net::ERR_CONNECTION_CLOSED @ https://d-gm.mmstat.com/aes.1.1:0
[ 1281660ms] [ERROR] Failed to load resource: net::ERR_CONNECTION_CLOSED @ https://log.mmstat.com/eg.js:0
[ 1281693ms] [ERROR] Failed to load resource: net::ERR_CONNECTION_CLOSED @ https://d-gm.mmstat.com/aes.1.1:0
[ 1281693ms] [ERROR] Failed to load resource: net::ERR_CONNECTION_CLOSED @ https://d-gm.mmstat.com/aes.1.1:0
[ 1283892ms] [ERROR] Failed to load resource: net::ERR_CONNECTION_CLOSED @ https://log.mmstat.com/eg.js:0
[ 1283925ms] [ERROR] Failed to load resource: net::ERR_CONNECTION_CLOSED @ https://d-gm.mmstat.com/aes.1.1:0
[ 1283925ms] [ERROR] Failed to load resource: net::ERR_CONNECTION_CLOSED @ https://d-gm.mmstat.com/aes.1.1:0
[ 1291741ms] [ERROR] Failed to load resource: net::ERR_CONNECTION_CLOSED @ https://log.mmstat.com/eg.js:0
[ 1291771ms] [ERROR] Failed to load resource: net::ERR_CONNECTION_CLOSED @ https://d-gm.mmstat.com/aes.1.1:0
[ 1291772ms] [ERROR] Failed to load resource: net::ERR_CONNECTION_CLOSED @ https://d-gm.mmstat.com/aes.1.1:0
[ 1294041ms] [ERROR] Failed to load resource: net::ERR_CONNECTION_CLOSED @ https://log.mmstat.com/eg.js:0
[ 1294072ms] [ERROR] Failed to load resource: net::ERR_CONNECTION_CLOSED @ https://d-gm.mmstat.com/aes.1.1:0
[ 1294072ms] [ERROR] Failed to load resource: net::ERR_CONNECTION_CLOSED @ https://d-gm.mmstat.com/aes.1.1:0
[ 1301859ms] [ERROR] Failed to load resource: net::ERR_CONNECTION_CLOSED @ https://log.mmstat.com/eg.js:0
[ 1301892ms] [ERROR] Failed to load resource: net::ERR_CONNECTION_CLOSED @ https://d-gm.mmstat.com/aes.1.1:0
[ 1301892ms] [ERROR] Failed to load resource: net::ERR_CONNECTION_CLOSED @ https://d-gm.mmstat.com/aes.1.1:0
[ 1304109ms] [ERROR] Failed to load resource: net::ERR_CONNECTION_CLOSED @ https://log.mmstat.com/eg.js:0
[ 1304141ms] [ERROR] Failed to load resource: net::ERR_CONNECTION_CLOSED @ https://d-gm.mmstat.com/aes.1.1:0
[ 1304141ms] [ERROR] Failed to load resource: net::ERR_CONNECTION_CLOSED @ https://d-gm.mmstat.com/aes.1.1:0
[ 1311977ms] [ERROR] Failed to load resource: net::ERR_CONNECTION_CLOSED @ https://log.mmstat.com/eg.js:0
[ 1312009ms] [ERROR] Failed to load resource: net::ERR_CONNECTION_CLOSED @ https://d-gm.mmstat.com/aes.1.1:0
[ 1312009ms] [ERROR] Failed to load resource: net::ERR_CONNECTION_CLOSED @ https://d-gm.mmstat.com/aes.1.1:0
[ 1314227ms] [ERROR] Failed to load resource: net::ERR_CONNECTION_CLOSED @ https://log.mmstat.com/eg.js:0
[ 1314258ms] [ERROR] Failed to load resource: net::ERR_CONNECTION_CLOSED @ https://d-gm.mmstat.com/aes.1.1:0
[ 1314258ms] [ERROR] Failed to load resource: net::ERR_CONNECTION_CLOSED @ https://d-gm.mmstat.com/aes.1.1:0
[ 1321918ms] [LOG] -------------- @ @ali/widget-rds-clouddb-monitor@0.2.21:420
[ 1321918ms] [LOG] {DBInstanceMemory: 4096, ResourceGroupId: rg-acfmvxguhq7q4xy, Port: 5432, LatestKernelVersion: rds_postgres_1700_20260630, ConsoleVersion: 2} @ @ali/widget-rds-clouddb-monitor@0.2.21:420
[ 1321919ms] [LOG] -------------- @ @ali/widget-rds-clouddb-monitor@0.2.21:420
[ 1321919ms] [LOG] {DBInstanceMemory: 4096, ResourceGroupId: rg-acfmvxguhq7q4xy, Port: 5432, LatestKernelVersion: rds_postgres_1700_20260630, ConsoleVersion: 2} @ @ali/widget-rds-clouddb-monitor@0.2.21:420
[ 1321946ms] [ERROR] Failed to load resource: net::ERR_CONNECTION_CLOSED @ https://log.mmstat.com/eg.js:0
[ 1321984ms] [ERROR] Failed to load resource: net::ERR_CONNECTION_CLOSED @ https://d-gm.mmstat.com/aes.1.1:0
[ 1322089ms] [ERROR] Failed to load resource: net::ERR_CONNECTION_CLOSED @ https://log.mmstat.com/eg.js:0
[ 1322121ms] [ERROR] Failed to load resource: net::ERR_CONNECTION_CLOSED @ https://d-gm.mmstat.com/aes.1.1:0
[ 1322121ms] [ERROR] Failed to load resource: net::ERR_CONNECTION_CLOSED @ https://d-gm.mmstat.com/aes.1.1:0
[ 1322189ms] [LOG] -------------- @ @ali/widget-rds-clouddb-monitor@0.2.21:420
[ 1322189ms] [LOG] {DBInstanceMemory: 4096, ResourceGroupId: rg-acfmvxguhq7q4xy, Port: 5432, LatestKernelVersion: rds_postgres_1700_20260630, ConsoleVersion: 2} @ @ali/widget-rds-clouddb-monitor@0.2.21:420
[ 1322405ms] [ERROR] Failed to load resource: net::ERR_CONNECTION_CLOSED @ https://log.mmstat.com/eg.js:0
[ 1322437ms] [ERROR] Failed to load resource: net::ERR_CONNECTION_CLOSED @ https://d-gm.mmstat.com/aes.1.1:0
[ 1322439ms] [ERROR] Failed to load resource: net::ERR_CONNECTION_CLOSED @ https://d-gm.mmstat.com/aes.1.1:0
[ 1322944ms] [ERROR] Failed to load resource: net::ERR_CONNECTION_CLOSED @ https://log.mmstat.com/eg.js:0
[ 1322974ms] [ERROR] Failed to load resource: net::ERR_CONNECTION_CLOSED @ https://d-gm.mmstat.com/aes.1.1:0
[ 1324413ms] [ERROR] Failed to load resource: net::ERR_CONNECTION_CLOSED @ https://log.mmstat.com/eg.js:0
[ 1324446ms] [ERROR] Failed to load resource: net::ERR_CONNECTION_CLOSED @ https://d-gm.mmstat.com/aes.1.1:0
[ 1324447ms] [ERROR] Failed to load resource: net::ERR_CONNECTION_CLOSED @ https://d-gm.mmstat.com/aes.1.1:0
[ 1332268ms] [ERROR] Failed to load resource: net::ERR_CONNECTION_CLOSED @ https://log.mmstat.com/eg.js:0
[ 1332300ms] [ERROR] Failed to load resource: net::ERR_CONNECTION_CLOSED @ https://d-gm.mmstat.com/aes.1.1:0
[ 1332300ms] [ERROR] Failed to load resource: net::ERR_CONNECTION_CLOSED @ https://d-gm.mmstat.com/aes.1.1:0
[ 1334523ms] [ERROR] Failed to load resource: net::ERR_CONNECTION_CLOSED @ https://log.mmstat.com/eg.js:0
[ 1334554ms] [ERROR] Failed to load resource: net::ERR_CONNECTION_CLOSED @ https://d-gm.mmstat.com/aes.1.1:0
[ 1334554ms] [ERROR] Failed to load resource: net::ERR_CONNECTION_CLOSED @ https://d-gm.mmstat.com/aes.1.1:0
[ 1342373ms] [ERROR] Failed to load resource: net::ERR_CONNECTION_CLOSED @ https://log.mmstat.com/eg.js:0
[ 1342404ms] [ERROR] Failed to load resource: net::ERR_CONNECTION_CLOSED @ https://d-gm.mmstat.com/aes.1.1:0
[ 1342405ms] [ERROR] Failed to load resource: net::ERR_CONNECTION_CLOSED @ https://d-gm.mmstat.com/aes.1.1:0
[ 1344622ms] [ERROR] Failed to load resource: net::ERR_CONNECTION_CLOSED @ https://log.mmstat.com/eg.js:0
[ 1344654ms] [ERROR] Failed to load resource: net::ERR_CONNECTION_CLOSED @ https://d-gm.mmstat.com/aes.1.1:0
[ 1344655ms] [ERROR] Failed to load resource: net::ERR_CONNECTION_CLOSED @ https://d-gm.mmstat.com/aes.1.1:0
[ 1352466ms] [ERROR] Failed to load resource: net::ERR_CONNECTION_CLOSED @ https://log.mmstat.com/eg.js:0
[ 1352497ms] [ERROR] Failed to load resource: net::ERR_CONNECTION_CLOSED @ https://d-gm.mmstat.com/aes.1.1:0
[ 1352497ms] [ERROR] Failed to load resource: net::ERR_CONNECTION_CLOSED @ https://d-gm.mmstat.com/aes.1.1:0
[ 1354730ms] [ERROR] Failed to load resource: net::ERR_CONNECTION_CLOSED @ https://log.mmstat.com/eg.js:0
[ 1354761ms] [ERROR] Failed to load resource: net::ERR_CONNECTION_CLOSED @ https://d-gm.mmstat.com/aes.1.1:0
[ 1354761ms] [ERROR] Failed to load resource: net::ERR_CONNECTION_CLOSED @ https://d-gm.mmstat.com/aes.1.1:0
[ 1362581ms] [ERROR] Failed to load resource: net::ERR_CONNECTION_CLOSED @ https://log.mmstat.com/eg.js:0
[ 1362613ms] [ERROR] Failed to load resource: net::ERR_CONNECTION_CLOSED @ https://d-gm.mmstat.com/aes.1.1:0
[ 1362613ms] [ERROR] Failed to load resource: net::ERR_CONNECTION_CLOSED @ https://d-gm.mmstat.com/aes.1.1:0
[ 1364825ms] [ERROR] Failed to load resource: net::ERR_CONNECTION_CLOSED @ https://log.mmstat.com/eg.js:0
[ 1364856ms] [ERROR] Failed to load resource: net::ERR_CONNECTION_CLOSED @ https://d-gm.mmstat.com/aes.1.1:0
[ 1364856ms] [ERROR] Failed to load resource: net::ERR_CONNECTION_CLOSED @ https://d-gm.mmstat.com/aes.1.1:0
[ 1372715ms] [ERROR] Failed to load resource: net::ERR_CONNECTION_CLOSED @ https://log.mmstat.com/eg.js:0
[ 1372745ms] [ERROR] Failed to load resource: net::ERR_CONNECTION_CLOSED @ https://d-gm.mmstat.com/aes.1.1:0
[ 1372746ms] [ERROR] Failed to load resource: net::ERR_CONNECTION_CLOSED @ https://d-gm.mmstat.com/aes.1.1:0
[ 1374980ms] [ERROR] Failed to load resource: net::ERR_CONNECTION_CLOSED @ https://log.mmstat.com/eg.js:0
[ 1375012ms] [ERROR] Failed to load resource: net::ERR_CONNECTION_CLOSED @ https://d-gm.mmstat.com/aes.1.1:0
[ 1375013ms] [ERROR] Failed to load resource: net::ERR_CONNECTION_CLOSED @ https://d-gm.mmstat.com/aes.1.1:0
[ 1382833ms] [ERROR] Failed to load resource: net::ERR_CONNECTION_CLOSED @ https://log.mmstat.com/eg.js:0
[ 1382866ms] [ERROR] Failed to load resource: net::ERR_CONNECTION_CLOSED @ https://d-gm.mmstat.com/aes.1.1:0
[ 1382866ms] [ERROR] Failed to load resource: net::ERR_CONNECTION_CLOSED @ https://d-gm.mmstat.com/aes.1.1:0
[ 1385083ms] [ERROR] Failed to load resource: net::ERR_CONNECTION_CLOSED @ https://log.mmstat.com/eg.js:0
[ 1385113ms] [ERROR] Failed to load resource: net::ERR_CONNECTION_CLOSED @ https://d-gm.mmstat.com/aes.1.1:0
[ 1385114ms] [ERROR] Failed to load resource: net::ERR_CONNECTION_CLOSED @ https://d-gm.mmstat.com/aes.1.1:0
[ 1392926ms] [ERROR] Failed to load resource: net::ERR_CONNECTION_CLOSED @ https://log.mmstat.com/eg.js:0
[ 1392958ms] [ERROR] Failed to load resource: net::ERR_CONNECTION_CLOSED @ https://d-gm.mmstat.com/aes.1.1:0
[ 1392958ms] [ERROR] Failed to load resource: net::ERR_CONNECTION_CLOSED @ https://d-gm.mmstat.com/aes.1.1:0
[ 1395219ms] [ERROR] Failed to load resource: net::ERR_CONNECTION_CLOSED @ https://log.mmstat.com/eg.js:0
[ 1395250ms] [ERROR] Failed to load resource: net::ERR_CONNECTION_CLOSED @ https://d-gm.mmstat.com/aes.1.1:0
[ 1395251ms] [ERROR] Failed to load resource: net::ERR_CONNECTION_CLOSED @ https://d-gm.mmstat.com/aes.1.1:0
[ 1403048ms] [ERROR] Failed to load resource: net::ERR_CONNECTION_CLOSED @ https://log.mmstat.com/eg.js:0
[ 1403079ms] [ERROR] Failed to load resource: net::ERR_CONNECTION_CLOSED @ https://d-gm.mmstat.com/aes.1.1:0
[ 1403079ms] [ERROR] Failed to load resource: net::ERR_CONNECTION_CLOSED @ https://d-gm.mmstat.com/aes.1.1:0
[ 1405290ms] [ERROR] Failed to load resource: net::ERR_CONNECTION_CLOSED @ https://log.mmstat.com/eg.js:0
[ 1405322ms] [ERROR] Failed to load resource: net::ERR_CONNECTION_CLOSED @ https://d-gm.mmstat.com/aes.1.1:0
[ 1405322ms] [ERROR] Failed to load resource: net::ERR_CONNECTION_CLOSED @ https://d-gm.mmstat.com/aes.1.1:0
[ 1413160ms] [ERROR] Failed to load resource: net::ERR_CONNECTION_CLOSED @ https://log.mmstat.com/eg.js:0
[ 1413190ms] [ERROR] Failed to load resource: net::ERR_CONNECTION_CLOSED @ https://d-gm.mmstat.com/aes.1.1:0
[ 1413191ms] [ERROR] Failed to load resource: net::ERR_CONNECTION_CLOSED @ https://d-gm.mmstat.com/aes.1.1:0
[ 1415392ms] [ERROR] Failed to load resource: net::ERR_CONNECTION_CLOSED @ https://log.mmstat.com/eg.js:0
[ 1415423ms] [ERROR] Failed to load resource: net::ERR_CONNECTION_CLOSED @ https://d-gm.mmstat.com/aes.1.1:0
[ 1415423ms] [ERROR] Failed to load resource: net::ERR_CONNECTION_CLOSED @ https://d-gm.mmstat.com/aes.1.1:0
[ 1423258ms] [ERROR] Failed to load resource: net::ERR_CONNECTION_CLOSED @ https://log.mmstat.com/eg.js:0
[ 1423290ms] [ERROR] Failed to load resource: net::ERR_CONNECTION_CLOSED @ https://d-gm.mmstat.com/aes.1.1:0
[ 1423290ms] [ERROR] Failed to load resource: net::ERR_CONNECTION_CLOSED @ https://d-gm.mmstat.com/aes.1.1:0
[ 1425491ms] [ERROR] Failed to load resource: net::ERR_CONNECTION_CLOSED @ https://log.mmstat.com/eg.js:0
[ 1425522ms] [ERROR] Failed to load resource: net::ERR_CONNECTION_CLOSED @ https://d-gm.mmstat.com/aes.1.1:0
[ 1425522ms] [ERROR] Failed to load resource: net::ERR_CONNECTION_CLOSED @ https://d-gm.mmstat.com/aes.1.1:0
[ 1433346ms] [ERROR] Failed to load resource: net::ERR_CONNECTION_CLOSED @ https://log.mmstat.com/eg.js:0
[ 1433375ms] [ERROR] Failed to load resource: net::ERR_CONNECTION_CLOSED @ https://d-gm.mmstat.com/aes.1.1:0
[ 1433375ms] [ERROR] Failed to load resource: net::ERR_CONNECTION_CLOSED @ https://d-gm.mmstat.com/aes.1.1:0
[ 1435594ms] [ERROR] Failed to load resource: net::ERR_CONNECTION_CLOSED @ https://log.mmstat.com/eg.js:0
[ 1435626ms] [ERROR] Failed to load resource: net::ERR_CONNECTION_CLOSED @ https://d-gm.mmstat.com/aes.1.1:0
[ 1435626ms] [ERROR] Failed to load resource: net::ERR_CONNECTION_CLOSED @ https://d-gm.mmstat.com/aes.1.1:0
[ 1443500ms] [ERROR] Failed to load resource: net::ERR_CONNECTION_CLOSED @ https://log.mmstat.com/eg.js:0
[ 1443539ms] [ERROR] Failed to load resource: net::ERR_CONNECTION_CLOSED @ https://d-gm.mmstat.com/aes.1.1:0
[ 1443539ms] [ERROR] Failed to load resource: net::ERR_CONNECTION_CLOSED @ https://d-gm.mmstat.com/aes.1.1:0
[ 1445749ms] [ERROR] Failed to load resource: net::ERR_CONNECTION_CLOSED @ https://log.mmstat.com/eg.js:0
[ 1445780ms] [ERROR] Failed to load resource: net::ERR_CONNECTION_CLOSED @ https://d-gm.mmstat.com/aes.1.1:0
[ 1445781ms] [ERROR] Failed to load resource: net::ERR_CONNECTION_CLOSED @ https://d-gm.mmstat.com/aes.1.1:0
[ 1453603ms] [ERROR] Failed to load resource: net::ERR_CONNECTION_CLOSED @ https://log.mmstat.com/eg.js:0
[ 1453631ms] [ERROR] Failed to load resource: net::ERR_CONNECTION_CLOSED @ https://d-gm.mmstat.com/aes.1.1:0
[ 1453632ms] [ERROR] Failed to load resource: net::ERR_CONNECTION_CLOSED @ https://d-gm.mmstat.com/aes.1.1:0
[ 1455853ms] [ERROR] Failed to load resource: net::ERR_CONNECTION_CLOSED @ https://log.mmstat.com/eg.js:0
[ 1455883ms] [ERROR] Failed to load resource: net::ERR_CONNECTION_CLOSED @ https://d-gm.mmstat.com/aes.1.1:0
[ 1455884ms] [ERROR] Failed to load resource: net::ERR_CONNECTION_CLOSED @ https://d-gm.mmstat.com/aes.1.1:0
[ 1463713ms] [ERROR] Failed to load resource: net::ERR_CONNECTION_CLOSED @ https://log.mmstat.com/eg.js:0
[ 1463744ms] [ERROR] Failed to load resource: net::ERR_CONNECTION_CLOSED @ https://d-gm.mmstat.com/aes.1.1:0
[ 1463744ms] [ERROR] Failed to load resource: net::ERR_CONNECTION_CLOSED @ https://d-gm.mmstat.com/aes.1.1:0
[ 1465988ms] [ERROR] Failed to load resource: net::ERR_CONNECTION_CLOSED @ https://log.mmstat.com/eg.js:0
[ 1466020ms] [ERROR] Failed to load resource: net::ERR_CONNECTION_CLOSED @ https://d-gm.mmstat.com/aes.1.1:0
[ 1466021ms] [ERROR] Failed to load resource: net::ERR_CONNECTION_CLOSED @ https://d-gm.mmstat.com/aes.1.1:0
[ 1473846ms] [ERROR] Failed to load resource: net::ERR_CONNECTION_CLOSED @ https://log.mmstat.com/eg.js:0
[ 1473877ms] [ERROR] Failed to load resource: net::ERR_CONNECTION_CLOSED @ https://d-gm.mmstat.com/aes.1.1:0
[ 1473877ms] [ERROR] Failed to load resource: net::ERR_CONNECTION_CLOSED @ https://d-gm.mmstat.com/aes.1.1:0
[ 1476076ms] [ERROR] Failed to load resource: net::ERR_CONNECTION_CLOSED @ https://log.mmstat.com/eg.js:0
[ 1476107ms] [ERROR] Failed to load resource: net::ERR_CONNECTION_CLOSED @ https://d-gm.mmstat.com/aes.1.1:0
[ 1476107ms] [ERROR] Failed to load resource: net::ERR_CONNECTION_CLOSED @ https://d-gm.mmstat.com/aes.1.1:0
[ 1483947ms] [ERROR] Failed to load resource: net::ERR_CONNECTION_CLOSED @ https://log.mmstat.com/eg.js:0
[ 1483977ms] [ERROR] Failed to load resource: net::ERR_CONNECTION_CLOSED @ https://d-gm.mmstat.com/aes.1.1:0
[ 1483978ms] [ERROR] Failed to load resource: net::ERR_CONNECTION_CLOSED @ https://d-gm.mmstat.com/aes.1.1:0
[ 1486188ms] [ERROR] Failed to load resource: net::ERR_CONNECTION_CLOSED @ https://log.mmstat.com/eg.js:0
[ 1486219ms] [ERROR] Failed to load resource: net::ERR_CONNECTION_CLOSED @ https://d-gm.mmstat.com/aes.1.1:0
[ 1486219ms] [ERROR] Failed to load resource: net::ERR_CONNECTION_CLOSED @ https://d-gm.mmstat.com/aes.1.1:0
[ 1494054ms] [ERROR] Failed to load resource: net::ERR_CONNECTION_CLOSED @ https://log.mmstat.com/eg.js:0
[ 1494083ms] [ERROR] Failed to load resource: net::ERR_CONNECTION_CLOSED @ https://d-gm.mmstat.com/aes.1.1:0
[ 1494083ms] [ERROR] Failed to load resource: net::ERR_CONNECTION_CLOSED @ https://d-gm.mmstat.com/aes.1.1:0
[ 1496371ms] [ERROR] Failed to load resource: net::ERR_CONNECTION_CLOSED @ https://log.mmstat.com/eg.js:0
[ 1496402ms] [ERROR] Failed to load resource: net::ERR_CONNECTION_CLOSED @ https://d-gm.mmstat.com/aes.1.1:0
[ 1496402ms] [ERROR] Failed to load resource: net::ERR_CONNECTION_CLOSED @ https://d-gm.mmstat.com/aes.1.1:0
[ 1504234ms] [ERROR] Failed to load resource: net::ERR_CONNECTION_CLOSED @ https://log.mmstat.com/eg.js:0
[ 1504266ms] [ERROR] Failed to load resource: net::ERR_CONNECTION_CLOSED @ https://d-gm.mmstat.com/aes.1.1:0
[ 1504266ms] [ERROR] Failed to load resource: net::ERR_CONNECTION_CLOSED @ https://d-gm.mmstat.com/aes.1.1:0
[ 1506481ms] [ERROR] Failed to load resource: net::ERR_CONNECTION_CLOSED @ https://log.mmstat.com/eg.js:0
[ 1506510ms] [ERROR] Failed to load resource: net::ERR_CONNECTION_CLOSED @ https://d-gm.mmstat.com/aes.1.1:0
[ 1506511ms] [ERROR] Failed to load resource: net::ERR_CONNECTION_CLOSED @ https://d-gm.mmstat.com/aes.1.1:0
[ 1514340ms] [ERROR] Failed to load resource: net::ERR_CONNECTION_CLOSED @ https://log.mmstat.com/eg.js:0
[ 1514372ms] [ERROR] Failed to load resource: net::ERR_CONNECTION_CLOSED @ https://d-gm.mmstat.com/aes.1.1:0
[ 1514373ms] [ERROR] Failed to load resource: net::ERR_CONNECTION_CLOSED @ https://d-gm.mmstat.com/aes.1.1:0
[ 1516584ms] [ERROR] Failed to load resource: net::ERR_CONNECTION_CLOSED @ https://log.mmstat.com/eg.js:0
[ 1516616ms] [ERROR] Failed to load resource: net::ERR_CONNECTION_CLOSED @ https://d-gm.mmstat.com/aes.1.1:0
[ 1516616ms] [ERROR] Failed to load resource: net::ERR_CONNECTION_CLOSED @ https://d-gm.mmstat.com/aes.1.1:0
[ 1524439ms] [ERROR] Failed to load resource: net::ERR_CONNECTION_CLOSED @ https://log.mmstat.com/eg.js:0
[ 1524470ms] [ERROR] Failed to load resource: net::ERR_CONNECTION_CLOSED @ https://d-gm.mmstat.com/aes.1.1:0
[ 1524471ms] [ERROR] Failed to load resource: net::ERR_CONNECTION_CLOSED @ https://d-gm.mmstat.com/aes.1.1:0
[ 1526778ms] [ERROR] Failed to load resource: net::ERR_CONNECTION_CLOSED @ https://log.mmstat.com/eg.js:0
[ 1526809ms] [ERROR] Failed to load resource: net::ERR_CONNECTION_CLOSED @ https://d-gm.mmstat.com/aes.1.1:0
[ 1526809ms] [ERROR] Failed to load resource: net::ERR_CONNECTION_CLOSED @ https://d-gm.mmstat.com/aes.1.1:0
[ 1534534ms] [ERROR] Failed to load resource: net::ERR_CONNECTION_CLOSED @ https://log.mmstat.com/eg.js:0
[ 1534562ms] [ERROR] Failed to load resource: net::ERR_CONNECTION_CLOSED @ https://d-gm.mmstat.com/aes.1.1:0
[ 1534563ms] [ERROR] Failed to load resource: net::ERR_CONNECTION_CLOSED @ https://d-gm.mmstat.com/aes.1.1:0
[ 1536798ms] [ERROR] Failed to load resource: net::ERR_CONNECTION_CLOSED @ https://log.mmstat.com/eg.js:0
[ 1536830ms] [ERROR] Failed to load resource: net::ERR_CONNECTION_CLOSED @ https://d-gm.mmstat.com/aes.1.1:0
[ 1536830ms] [ERROR] Failed to load resource: net::ERR_CONNECTION_CLOSED @ https://d-gm.mmstat.com/aes.1.1:0
[ 1544684ms] [ERROR] Failed to load resource: net::ERR_CONNECTION_CLOSED @ https://log.mmstat.com/eg.js:0
[ 1544716ms] [ERROR] Failed to load resource: net::ERR_CONNECTION_CLOSED @ https://d-gm.mmstat.com/aes.1.1:0
[ 1544716ms] [ERROR] Failed to load resource: net::ERR_CONNECTION_CLOSED @ https://d-gm.mmstat.com/aes.1.1:0
[ 1546953ms] [ERROR] Failed to load resource: net::ERR_CONNECTION_CLOSED @ https://log.mmstat.com/eg.js:0
[ 1546986ms] [ERROR] Failed to load resource: net::ERR_CONNECTION_CLOSED @ https://d-gm.mmstat.com/aes.1.1:0
[ 1546986ms] [ERROR] Failed to load resource: net::ERR_CONNECTION_CLOSED @ https://d-gm.mmstat.com/aes.1.1:0
[ 1554793ms] [ERROR] Failed to load resource: net::ERR_CONNECTION_CLOSED @ https://log.mmstat.com/eg.js:0
[ 1554823ms] [ERROR] Failed to load resource: net::ERR_CONNECTION_CLOSED @ https://d-gm.mmstat.com/aes.1.1:0
[ 1554823ms] [ERROR] Failed to load resource: net::ERR_CONNECTION_CLOSED @ https://d-gm.mmstat.com/aes.1.1:0
[ 1557046ms] [ERROR] Failed to load resource: net::ERR_CONNECTION_CLOSED @ https://log.mmstat.com/eg.js:0
[ 1557081ms] [ERROR] Failed to load resource: net::ERR_CONNECTION_CLOSED @ https://d-gm.mmstat.com/aes.1.1:0
[ 1557081ms] [ERROR] Failed to load resource: net::ERR_CONNECTION_CLOSED @ https://d-gm.mmstat.com/aes.1.1:0
[ 1564909ms] [ERROR] Failed to load resource: net::ERR_CONNECTION_CLOSED @ https://log.mmstat.com/eg.js:0
[ 1564944ms] [ERROR] Failed to load resource: net::ERR_CONNECTION_CLOSED @ https://d-gm.mmstat.com/aes.1.1:0
[ 1564944ms] [ERROR] Failed to load resource: net::ERR_CONNECTION_CLOSED @ https://d-gm.mmstat.com/aes.1.1:0
[ 1567196ms] [ERROR] Failed to load resource: net::ERR_CONNECTION_CLOSED @ https://log.mmstat.com/eg.js:0
[ 1567230ms] [ERROR] Failed to load resource: net::ERR_CONNECTION_CLOSED @ https://d-gm.mmstat.com/aes.1.1:0
[ 1567230ms] [ERROR] Failed to load resource: net::ERR_CONNECTION_CLOSED @ https://d-gm.mmstat.com/aes.1.1:0
[ 1575106ms] [ERROR] Failed to load resource: net::ERR_CONNECTION_CLOSED @ https://log.mmstat.com/eg.js:0
[ 1575138ms] [ERROR] Failed to load resource: net::ERR_CONNECTION_CLOSED @ https://d-gm.mmstat.com/aes.1.1:0
[ 1575139ms] [ERROR] Failed to load resource: net::ERR_CONNECTION_CLOSED @ https://d-gm.mmstat.com/aes.1.1:0
[ 1577350ms] [ERROR] Failed to load resource: net::ERR_CONNECTION_CLOSED @ https://log.mmstat.com/eg.js:0
[ 1577384ms] [ERROR] Failed to load resource: net::ERR_CONNECTION_CLOSED @ https://d-gm.mmstat.com/aes.1.1:0
[ 1577386ms] [ERROR] Failed to load resource: net::ERR_CONNECTION_CLOSED @ https://d-gm.mmstat.com/aes.1.1:0
[ 1585210ms] [ERROR] Failed to load resource: net::ERR_CONNECTION_CLOSED @ https://log.mmstat.com/eg.js:0
[ 1585243ms] [ERROR] Failed to load resource: net::ERR_CONNECTION_CLOSED @ https://d-gm.mmstat.com/aes.1.1:0
[ 1585245ms] [ERROR] Failed to load resource: net::ERR_CONNECTION_CLOSED @ https://d-gm.mmstat.com/aes.1.1:0
[ 1587463ms] [ERROR] Failed to load resource: net::ERR_CONNECTION_CLOSED @ https://log.mmstat.com/eg.js:0
[ 1587495ms] [ERROR] Failed to load resource: net::ERR_CONNECTION_CLOSED @ https://d-gm.mmstat.com/aes.1.1:0
[ 1587496ms] [ERROR] Failed to load resource: net::ERR_CONNECTION_CLOSED @ https://d-gm.mmstat.com/aes.1.1:0
[ 1595319ms] [ERROR] Failed to load resource: net::ERR_CONNECTION_CLOSED @ https://log.mmstat.com/eg.js:0
[ 1595350ms] [ERROR] Failed to load resource: net::ERR_CONNECTION_CLOSED @ https://d-gm.mmstat.com/aes.1.1:0
[ 1595351ms] [ERROR] Failed to load resource: net::ERR_CONNECTION_CLOSED @ https://d-gm.mmstat.com/aes.1.1:0
[ 1597615ms] [ERROR] Failed to load resource: net::ERR_CONNECTION_CLOSED @ https://log.mmstat.com/eg.js:0
[ 1597646ms] [ERROR] Failed to load resource: net::ERR_CONNECTION_CLOSED @ https://d-gm.mmstat.com/aes.1.1:0
[ 1597647ms] [ERROR] Failed to load resource: net::ERR_CONNECTION_CLOSED @ https://d-gm.mmstat.com/aes.1.1:0
[ 1605510ms] [ERROR] Failed to load resource: net::ERR_CONNECTION_CLOSED @ https://log.mmstat.com/eg.js:0
[ 1605540ms] [ERROR] Failed to load resource: net::ERR_CONNECTION_CLOSED @ https://d-gm.mmstat.com/aes.1.1:0
[ 1605542ms] [ERROR] Failed to load resource: net::ERR_CONNECTION_CLOSED @ https://d-gm.mmstat.com/aes.1.1:0
[ 1607766ms] [ERROR] Failed to load resource: net::ERR_CONNECTION_CLOSED @ https://log.mmstat.com/eg.js:0
[ 1607801ms] [ERROR] Failed to load resource: net::ERR_CONNECTION_CLOSED @ https://d-gm.mmstat.com/aes.1.1:0
[ 1607801ms] [ERROR] Failed to load resource: net::ERR_CONNECTION_CLOSED @ https://d-gm.mmstat.com/aes.1.1:0
[ 1615633ms] [ERROR] Failed to load resource: net::ERR_CONNECTION_CLOSED @ https://log.mmstat.com/eg.js:0
[ 1615665ms] [ERROR] Failed to load resource: net::ERR_CONNECTION_CLOSED @ https://d-gm.mmstat.com/aes.1.1:0
[ 1615666ms] [ERROR] Failed to load resource: net::ERR_CONNECTION_CLOSED @ https://d-gm.mmstat.com/aes.1.1:0
[ 1617874ms] [ERROR] Failed to load resource: net::ERR_CONNECTION_CLOSED @ https://log.mmstat.com/eg.js:0
[ 1617905ms] [ERROR] Failed to load resource: net::ERR_CONNECTION_CLOSED @ https://d-gm.mmstat.com/aes.1.1:0
[ 1617906ms] [ERROR] Failed to load resource: net::ERR_CONNECTION_CLOSED @ https://d-gm.mmstat.com/aes.1.1:0
[ 2062675ms] [ERROR] Failed to load resource: net::ERR_CONNECTION_CLOSED @ https://log.mmstat.com/eg.js:0
[ 2062709ms] [ERROR] Failed to load resource: net::ERR_CONNECTION_CLOSED @ https://d-gm.mmstat.com/aes.1.1:0
[ 2062827ms] [ERROR] Failed to load resource: net::ERR_CONNECTION_CLOSED @ https://log.mmstat.com/eg.js:0
[ 2062858ms] [ERROR] Failed to load resource: net::ERR_CONNECTION_CLOSED @ https://d-gm.mmstat.com/aes.1.1:0
[ 2062858ms] [ERROR] Failed to load resource: net::ERR_CONNECTION_CLOSED @ https://d-gm.mmstat.com/aes.1.1:0
[ 2062977ms] [ERROR] Failed to load resource: net::ERR_CONNECTION_CLOSED @ https://log.mmstat.com/eg.js:0
[ 2063000ms] [LOG] %c [APLUS] -- APLUS INIT SUCCESS background:#3B82FE; padding: 4px; padding-right: 8px; border-radius: 4px; color: #fff; @ :1
[ 2063005ms] [ERROR] Failed to load resource: net::ERR_CONNECTION_CLOSED @ https://log.mmstat.com/eg.js:0
[ 2063023ms] [ERROR] Permissions policy violation: accelerometer is not allowed in this document. @ https://af.alicdn.com/AWSC/uab/1.140.0/collina.js:1
[ 2063023ms] [WARNING] The deviceorientation events are blocked by permissions policy. See https://github.com/w3c/webappsec-permissions-policy/blob/master/features.md#sensor-features @ https://af.alicdn.com/AWSC/uab/1.140.0/collina.js:1
[ 2063024ms] [LOG] Tue Jul 14 2026 14:48:12 GMT+0800 (China Standard Time) @ https://af.alicdn.com/AWSC/uab/1.140.0/collina.js:4
[ 2063153ms] [WARNING] There are multiple versions of G2. Version 3.3.4's reference is 'window.G2_3' @ https://gw.alipayobjects.com/os/lib/antv/g2/3.3.4/dist/g2.min.js:0
[ 2063167ms] [ERROR] Failed to load resource: net::ERR_CONNECTION_CLOSED @ https://log.mmstat.com/eg.js:0
[ 2063177ms] [WARNING] Unsatisfied version 1.0.1-alpha from das of shared singleton module @ali/wind-console-track (required =1.0.1-alpha.2) @ https://g.alicdn.com/AliDBPaaS/sailorstar/2.25.86/index.js:0
[ 2063177ms] [WARNING] Unsatisfied version 3.0.3 from das of shared singleton module @ali/aes-tracker-plugin-event (required =3.0.0) @ https://g.alicdn.com/AliDBPaaS/sailorstar/2.25.86/index.js:0
[ 2063177ms] [WARNING] Unsatisfied version 0.4.0-rc.1 from das of shared singleton module dva (required =2.6.0-beta.20) @ https://g.alicdn.com/AliDBPaaS/sailorstar/2.25.86/index.js:0
[ 2063178ms] [WARNING] Unsatisfied version 3.3.18 from das of shared singleton module @ali/aes-tracker (required =3.3.9) @ https://g.alicdn.com/AliDBPaaS/sailorstar/2.25.86/index.js:0
[ 2063178ms] [WARNING] Unsatisfied version 3.0.4 from das of shared singleton module @ali/aes-tracker-plugin-jserror (required =3.0.3) @ https://g.alicdn.com/AliDBPaaS/sailorstar/2.25.86/index.js:0
[ 2063178ms] [WARNING] Unsatisfied version 3.0.7 from das of shared singleton module @ali/aes-tracker-plugin-pv (required =3.0.6) @ https://g.alicdn.com/AliDBPaaS/sailorstar/2.25.86/index.js:0
[ 2063178ms] [WARNING] Unsatisfied version 3.0.17 from das of shared singleton module @ali/aes-tracker-plugin-autolog (required =3.0.13) @ https://g.alicdn.com/AliDBPaaS/sailorstar/2.25.86/index.js:0
[ 2063363ms] [WARNING] There are multiple versions of G2. Version 3.4.5's reference is 'window.G2_3' @ https://g.alicdn.com/AliDBPaaS/sailorstar/2.25.86/das.0aa21bde20afc720158c.js:2228
[ 2063520ms] [WARNING] There are multiple versions of G2. Version 3.3.4's reference is 'window.G2_3' @ https://g.alicdn.com/AliDBPaaS/sailorstar/2.25.86/das.0aa21bde20afc720158c.js:2111
[ 2063876ms] [ERROR] Failed to load resource: net::ERR_CONNECTION_CLOSED @ https://d-gm.mmstat.com/aes.1.1:0
[ 2063876ms] [ERROR] Failed to load resource: net::ERR_CONNECTION_CLOSED @ https://d-gm.mmstat.com/aes.1.1:0
[ 2063933ms] [ERROR] Permissions policy violation: gyroscope is not allowed in this document. @ https://g.alicdn.com/secdev/sufei_data/3.9.14/index.js:0
[ 2063933ms] [ERROR] Permissions policy violation: accelerometer is not allowed in this document. @ https://g.alicdn.com/secdev/sufei_data/3.9.14/index.js:0
[ 2063933ms] [WARNING] The deviceorientation events are blocked by permissions policy. See https://github.com/w3c/webappsec-permissions-policy/blob/master/features.md#sensor-features @ https://g.alicdn.com/secdev/sufei_data/3.9.14/index.js:0
[ 2063936ms] [ERROR] Failed to load resource: net::ERR_CONNECTION_CLOSED @ https://gm.mmstat.com/fsp.1.1?code=aplus_js_load&msg=baxiajs&pid=baxia-fast&page=https%3A%2F%2Fhdm.console.aliyun.com%2F&query=&hash=%23%2Fperfinsight%2Finstance%2Fpgm-wz9t7bv5jsk55jh1%2Fdetail%3FhideInstanceMenu%3Dtrue%26CurrentTab%3Dnull%26hideTopInfo%3Dtrue%26hideSidebar%3Dtrue&referrer=https%3A%2F%2Frdsnext.console.aliyun.com%2Fdetail%2Fpgm-wz9t7bv5jsk55jh1%2FmonitorAlarm%3Fspm%3D5176.28369458.0.0.36961450Jepyio%26region%3Dcn-shenzhen%26DedicatedHostGroupId%3D&title=%E6%95%B0%E6%8D%AE%E5%BA%93%E8%87%AA%E6%B2%BB%E6%9C%8D%E5%8A%A1&ua=Mozilla%2F5.0%20(Macintosh%3B%20Intel%20Mac%20OS%20X%2010_15_7)%20AppleWebKit%2F537.36%20(KHTML%2C%20like%20Gecko)%20HeadlessChrome%2F149.0.0.0%20Safari%2F537.36:0
[ 2064062ms] [ERROR] Failed to load resource: net::ERR_CONNECTION_CLOSED @ https://log.mmstat.com/eg.js:0
[ 2064092ms] [ERROR] Failed to load resource: net::ERR_CONNECTION_CLOSED @ https://d-gm.mmstat.com/aes.1.1:0
[ 2064274ms] [ERROR] Failed to load resource: net::ERR_CONNECTION_CLOSED @ https://log.mmstat.com/eg.js:0
[ 2064364ms] [ERROR] Failed to load resource: net::ERR_CONNECTION_CLOSED @ https://d-gm.mmstat.com/aes.1.1:0
[ 2064461ms] [ERROR] Failed to load resource: net::ERR_CONNECTION_CLOSED @ https://log.mmstat.com/eg.js:0
[ 2064496ms] [ERROR] Failed to load resource: net::ERR_CONNECTION_CLOSED @ https://d-gm.mmstat.com/aliyun_com.homon.homon-module:0
[ 2064553ms] [ERROR] Failed to load resource: net::ERR_CONNECTION_CLOSED @ https://log.mmstat.com/eg.js:0
[ 2064585ms] [ERROR] Failed to load resource: net::ERR_CONNECTION_CLOSED @ https://d-gm.mmstat.com/aes.1.1:0
[ 2064706ms] [ERROR] Failed to load resource: net::ERR_CONNECTION_CLOSED @ https://log.mmstat.com/eg.js:0
[ 2064733ms] [ERROR] Failed to load resource: net::ERR_CONNECTION_CLOSED @ https://d-gm.mmstat.com/aes.1.1:0
[ 2065075ms] [ERROR] Failed to load resource: net::ERR_CONNECTION_CLOSED @ https://log.mmstat.com/eg.js:0
[ 2065107ms] [ERROR] Failed to load resource: net::ERR_CONNECTION_CLOSED @ https://d-gm.mmstat.com/aes.1.1:0
[ 2065108ms] [ERROR] Failed to load resource: net::ERR_CONNECTION_CLOSED @ https://d-gm.mmstat.com/aes.1.1:0
[ 2067364ms] [ERROR] Failed to load resource: net::ERR_CONNECTION_CLOSED @ https://log.mmstat.com/eg.js:0
[ 2067395ms] [ERROR] Failed to load resource: net::ERR_CONNECTION_CLOSED @ https://d-gm.mmstat.com/aliyun_com.homon.tracker-event:0
[ 2072925ms] [ERROR] Failed to load resource: net::ERR_CONNECTION_CLOSED @ https://log.mmstat.com/eg.js:0
[ 2072957ms] [ERROR] Failed to load resource: net::ERR_CONNECTION_CLOSED @ https://d-gm.mmstat.com/aes.1.1:0
[ 2072957ms] [ERROR] Failed to load resource: net::ERR_CONNECTION_CLOSED @ https://d-gm.mmstat.com/aes.1.1:0
[ 2075228ms] [ERROR] Failed to load resource: net::ERR_CONNECTION_CLOSED @ https://log.mmstat.com/eg.js:0
[ 2075261ms] [ERROR] Failed to load resource: net::ERR_CONNECTION_CLOSED @ https://d-gm.mmstat.com/aes.1.1:0
[ 2075262ms] [ERROR] Failed to load resource: net::ERR_CONNECTION_CLOSED @ https://d-gm.mmstat.com/aes.1.1:0
[ 2083059ms] [ERROR] Failed to load resource: net::ERR_CONNECTION_CLOSED @ https://log.mmstat.com/eg.js:0
[ 2083091ms] [ERROR] Failed to load resource: net::ERR_CONNECTION_CLOSED @ https://d-gm.mmstat.com/aes.1.1:0
[ 2083092ms] [ERROR] Failed to load resource: net::ERR_CONNECTION_CLOSED @ https://d-gm.mmstat.com/aes.1.1:0
[ 2085325ms] [ERROR] Failed to load resource: net::ERR_CONNECTION_CLOSED @ https://log.mmstat.com/eg.js:0
[ 2085357ms] [ERROR] Failed to load resource: net::ERR_CONNECTION_CLOSED @ https://d-gm.mmstat.com/aes.1.1:0
[ 2085357ms] [ERROR] Failed to load resource: net::ERR_CONNECTION_CLOSED @ https://d-gm.mmstat.com/aes.1.1:0
[ 2093175ms] [ERROR] Failed to load resource: net::ERR_CONNECTION_CLOSED @ https://log.mmstat.com/eg.js:0
[ 2093207ms] [ERROR] Failed to load resource: net::ERR_CONNECTION_CLOSED @ https://d-gm.mmstat.com/aes.1.1:0
[ 2093207ms] [ERROR] Failed to load resource: net::ERR_CONNECTION_CLOSED @ https://d-gm.mmstat.com/aes.1.1:0
[ 2094362ms] [ERROR] Failed to load resource: net::ERR_CONNECTION_CLOSED @ https://log.mmstat.com/eg.js:0
[ 2094390ms] [ERROR] Failed to load resource: net::ERR_CONNECTION_CLOSED @ https://d-gm.mmstat.com/aliyun_com.homon.tracker-event:0
[ 2095413ms] [ERROR] Failed to load resource: net::ERR_CONNECTION_CLOSED @ https://log.mmstat.com/eg.js:0
[ 2095446ms] [ERROR] Failed to load resource: net::ERR_CONNECTION_CLOSED @ https://d-gm.mmstat.com/aes.1.1:0
[ 2095446ms] [ERROR] Failed to load resource: net::ERR_CONNECTION_CLOSED @ https://d-gm.mmstat.com/aes.1.1:0
[ 2103268ms] [ERROR] Failed to load resource: net::ERR_CONNECTION_CLOSED @ https://log.mmstat.com/eg.js:0
[ 2103301ms] [ERROR] Failed to load resource: net::ERR_CONNECTION_CLOSED @ https://d-gm.mmstat.com/aes.1.1:0
[ 2103302ms] [ERROR] Failed to load resource: net::ERR_CONNECTION_CLOSED @ https://d-gm.mmstat.com/aes.1.1:0
[ 2105498ms] [ERROR] Failed to load resource: net::ERR_CONNECTION_CLOSED @ https://log.mmstat.com/eg.js:0
[ 2105529ms] [ERROR] Failed to load resource: net::ERR_CONNECTION_CLOSED @ https://d-gm.mmstat.com/aes.1.1:0
[ 2105529ms] [ERROR] Failed to load resource: net::ERR_CONNECTION_CLOSED @ https://d-gm.mmstat.com/aes.1.1:0
[ 2113347ms] [ERROR] Failed to load resource: net::ERR_CONNECTION_CLOSED @ https://log.mmstat.com/eg.js:0
[ 2113378ms] [ERROR] Failed to load resource: net::ERR_CONNECTION_CLOSED @ https://d-gm.mmstat.com/aes.1.1:0
[ 2113378ms] [ERROR] Failed to load resource: net::ERR_CONNECTION_CLOSED @ https://d-gm.mmstat.com/aes.1.1:0
[ 2115593ms] [ERROR] Failed to load resource: net::ERR_CONNECTION_CLOSED @ https://log.mmstat.com/eg.js:0
[ 2115627ms] [ERROR] Failed to load resource: net::ERR_CONNECTION_CLOSED @ https://d-gm.mmstat.com/aes.1.1:0
[ 2115627ms] [ERROR] Failed to load resource: net::ERR_CONNECTION_CLOSED @ https://d-gm.mmstat.com/aes.1.1:0
[ 2123514ms] [ERROR] Failed to load resource: net::ERR_CONNECTION_CLOSED @ https://log.mmstat.com/eg.js:0
[ 2123544ms] [ERROR] Failed to load resource: net::ERR_CONNECTION_CLOSED @ https://d-gm.mmstat.com/aes.1.1:0
[ 2123544ms] [ERROR] Failed to load resource: net::ERR_CONNECTION_CLOSED @ https://d-gm.mmstat.com/aes.1.1:0
[ 2125751ms] [ERROR] Failed to load resource: net::ERR_CONNECTION_CLOSED @ https://log.mmstat.com/eg.js:0
[ 2125782ms] [ERROR] Failed to load resource: net::ERR_CONNECTION_CLOSED @ https://d-gm.mmstat.com/aes.1.1:0
[ 2125782ms] [ERROR] Failed to load resource: net::ERR_CONNECTION_CLOSED @ https://d-gm.mmstat.com/aes.1.1:0
[ 2133608ms] [ERROR] Failed to load resource: net::ERR_CONNECTION_CLOSED @ https://log.mmstat.com/eg.js:0
[ 2133639ms] [ERROR] Failed to load resource: net::ERR_CONNECTION_CLOSED @ https://d-gm.mmstat.com/aes.1.1:0
[ 2133639ms] [ERROR] Failed to load resource: net::ERR_CONNECTION_CLOSED @ https://d-gm.mmstat.com/aes.1.1:0
[ 2135858ms] [ERROR] Failed to load resource: net::ERR_CONNECTION_CLOSED @ https://log.mmstat.com/eg.js:0
[ 2135890ms] [ERROR] Failed to load resource: net::ERR_CONNECTION_CLOSED @ https://d-gm.mmstat.com/aes.1.1:0
[ 2135890ms] [ERROR] Failed to load resource: net::ERR_CONNECTION_CLOSED @ https://d-gm.mmstat.com/aes.1.1:0
[ 2143713ms] [ERROR] Failed to load resource: net::ERR_CONNECTION_CLOSED @ https://log.mmstat.com/eg.js:0
[ 2143743ms] [ERROR] Failed to load resource: net::ERR_CONNECTION_CLOSED @ https://d-gm.mmstat.com/aes.1.1:0
[ 2143743ms] [ERROR] Failed to load resource: net::ERR_CONNECTION_CLOSED @ https://d-gm.mmstat.com/aes.1.1:0
[ 2146014ms] [ERROR] Failed to load resource: net::ERR_CONNECTION_CLOSED @ https://log.mmstat.com/eg.js:0
[ 2146046ms] [ERROR] Failed to load resource: net::ERR_CONNECTION_CLOSED @ https://d-gm.mmstat.com/aes.1.1:0
[ 2146046ms] [ERROR] Failed to load resource: net::ERR_CONNECTION_CLOSED @ https://d-gm.mmstat.com/aes.1.1:0
[ 2153837ms] [ERROR] Failed to load resource: net::ERR_CONNECTION_CLOSED @ https://log.mmstat.com/eg.js:0
[ 2153868ms] [ERROR] Failed to load resource: net::ERR_CONNECTION_CLOSED @ https://d-gm.mmstat.com/aes.1.1:0
[ 2153869ms] [ERROR] Failed to load resource: net::ERR_CONNECTION_CLOSED @ https://d-gm.mmstat.com/aes.1.1:0
[ 2156075ms] [ERROR] Failed to load resource: net::ERR_CONNECTION_CLOSED @ https://log.mmstat.com/eg.js:0
[ 2156105ms] [ERROR] Failed to load resource: net::ERR_CONNECTION_CLOSED @ https://d-gm.mmstat.com/aes.1.1:0
[ 2156105ms] [ERROR] Failed to load resource: net::ERR_CONNECTION_CLOSED @ https://d-gm.mmstat.com/aes.1.1:0
[ 2163944ms] [ERROR] Failed to load resource: net::ERR_CONNECTION_CLOSED @ https://log.mmstat.com/eg.js:0
[ 2163976ms] [ERROR] Failed to load resource: net::ERR_CONNECTION_CLOSED @ https://d-gm.mmstat.com/aes.1.1:0
[ 2163976ms] [ERROR] Failed to load resource: net::ERR_CONNECTION_CLOSED @ https://d-gm.mmstat.com/aes.1.1:0
[ 2166175ms] [ERROR] Failed to load resource: net::ERR_CONNECTION_CLOSED @ https://log.mmstat.com/eg.js:0
[ 2166208ms] [ERROR] Failed to load resource: net::ERR_CONNECTION_CLOSED @ https://d-gm.mmstat.com/aes.1.1:0
[ 2166208ms] [ERROR] Failed to load resource: net::ERR_CONNECTION_CLOSED @ https://d-gm.mmstat.com/aes.1.1:0
[ 2174031ms] [ERROR] Failed to load resource: net::ERR_CONNECTION_CLOSED @ https://log.mmstat.com/eg.js:0
[ 2174062ms] [ERROR] Failed to load resource: net::ERR_CONNECTION_CLOSED @ https://d-gm.mmstat.com/aes.1.1:0
[ 2174062ms] [ERROR] Failed to load resource: net::ERR_CONNECTION_CLOSED @ https://d-gm.mmstat.com/aes.1.1:0
[ 2176271ms] [ERROR] Failed to load resource: net::ERR_CONNECTION_CLOSED @ https://log.mmstat.com/eg.js:0
[ 2176302ms] [ERROR] Failed to load resource: net::ERR_CONNECTION_CLOSED @ https://d-gm.mmstat.com/aes.1.1:0
[ 2176302ms] [ERROR] Failed to load resource: net::ERR_CONNECTION_CLOSED @ https://d-gm.mmstat.com/aes.1.1:0
[ 2184128ms] [ERROR] Failed to load resource: net::ERR_CONNECTION_CLOSED @ https://log.mmstat.com/eg.js:0
[ 2184162ms] [ERROR] Failed to load resource: net::ERR_CONNECTION_CLOSED @ https://d-gm.mmstat.com/aes.1.1:0
[ 2184162ms] [ERROR] Failed to load resource: net::ERR_CONNECTION_CLOSED @ https://d-gm.mmstat.com/aes.1.1:0
[ 2186383ms] [ERROR] Failed to load resource: net::ERR_CONNECTION_CLOSED @ https://log.mmstat.com/eg.js:0
[ 2186416ms] [ERROR] Failed to load resource: net::ERR_CONNECTION_CLOSED @ https://d-gm.mmstat.com/aes.1.1:0
[ 2186416ms] [ERROR] Failed to load resource: net::ERR_CONNECTION_CLOSED @ https://d-gm.mmstat.com/aes.1.1:0
[ 2194275ms] [ERROR] Failed to load resource: net::ERR_CONNECTION_CLOSED @ https://log.mmstat.com/eg.js:0
[ 2194305ms] [ERROR] Failed to load resource: net::ERR_CONNECTION_CLOSED @ https://d-gm.mmstat.com/aes.1.1:0
[ 2194305ms] [ERROR] Failed to load resource: net::ERR_CONNECTION_CLOSED @ https://d-gm.mmstat.com/aes.1.1:0
[ 2196514ms] [ERROR] Failed to load resource: net::ERR_CONNECTION_CLOSED @ https://log.mmstat.com/eg.js:0
[ 2196545ms] [ERROR] Failed to load resource: net::ERR_CONNECTION_CLOSED @ https://d-gm.mmstat.com/aes.1.1:0
[ 2196545ms] [ERROR] Failed to load resource: net::ERR_CONNECTION_CLOSED @ https://d-gm.mmstat.com/aes.1.1:0
[ 2204383ms] [ERROR] Failed to load resource: net::ERR_CONNECTION_CLOSED @ https://log.mmstat.com/eg.js:0
[ 2204414ms] [ERROR] Failed to load resource: net::ERR_CONNECTION_CLOSED @ https://d-gm.mmstat.com/aes.1.1:0
[ 2204414ms] [ERROR] Failed to load resource: net::ERR_CONNECTION_CLOSED @ https://d-gm.mmstat.com/aes.1.1:0
[ 2206632ms] [ERROR] Failed to load resource: net::ERR_CONNECTION_CLOSED @ https://log.mmstat.com/eg.js:0
[ 2206662ms] [ERROR] Failed to load resource: net::ERR_CONNECTION_CLOSED @ https://d-gm.mmstat.com/aes.1.1:0
[ 2206663ms] [ERROR] Failed to load resource: net::ERR_CONNECTION_CLOSED @ https://d-gm.mmstat.com/aes.1.1:0
[ 2214485ms] [ERROR] Failed to load resource: net::ERR_CONNECTION_CLOSED @ https://log.mmstat.com/eg.js:0
[ 2214513ms] [ERROR] Failed to load resource: net::ERR_CONNECTION_CLOSED @ https://d-gm.mmstat.com/aes.1.1:0
[ 2214514ms] [ERROR] Failed to load resource: net::ERR_CONNECTION_CLOSED @ https://d-gm.mmstat.com/aes.1.1:0
[ 2216779ms] [ERROR] Failed to load resource: net::ERR_CONNECTION_CLOSED @ https://log.mmstat.com/eg.js:0
[ 2216811ms] [ERROR] Failed to load resource: net::ERR_CONNECTION_CLOSED @ https://d-gm.mmstat.com/aes.1.1:0
[ 2216811ms] [ERROR] Failed to load resource: net::ERR_CONNECTION_CLOSED @ https://d-gm.mmstat.com/aes.1.1:0
[ 2224609ms] [ERROR] Failed to load resource: net::ERR_CONNECTION_CLOSED @ https://log.mmstat.com/eg.js:0
[ 2224639ms] [ERROR] Failed to load resource: net::ERR_CONNECTION_CLOSED @ https://d-gm.mmstat.com/aes.1.1:0
[ 2224639ms] [ERROR] Failed to load resource: net::ERR_CONNECTION_CLOSED @ https://d-gm.mmstat.com/aes.1.1:0
[ 2226861ms] [ERROR] Failed to load resource: net::ERR_CONNECTION_CLOSED @ https://log.mmstat.com/eg.js:0
[ 2226892ms] [ERROR] Failed to load resource: net::ERR_CONNECTION_CLOSED @ https://d-gm.mmstat.com/aes.1.1:0
[ 2226893ms] [ERROR] Failed to load resource: net::ERR_CONNECTION_CLOSED @ https://d-gm.mmstat.com/aes.1.1:0
[ 2234725ms] [ERROR] Failed to load resource: net::ERR_CONNECTION_CLOSED @ https://log.mmstat.com/eg.js:0
[ 2234757ms] [ERROR] Failed to load resource: net::ERR_CONNECTION_CLOSED @ https://d-gm.mmstat.com/aes.1.1:0
[ 2234757ms] [ERROR] Failed to load resource: net::ERR_CONNECTION_CLOSED @ https://d-gm.mmstat.com/aes.1.1:0
[ 2236962ms] [ERROR] Failed to load resource: net::ERR_CONNECTION_CLOSED @ https://log.mmstat.com/eg.js:0
[ 2236993ms] [ERROR] Failed to load resource: net::ERR_CONNECTION_CLOSED @ https://d-gm.mmstat.com/aes.1.1:0
[ 2236993ms] [ERROR] Failed to load resource: net::ERR_CONNECTION_CLOSED @ https://d-gm.mmstat.com/aes.1.1:0
[ 2244821ms] [ERROR] Failed to load resource: net::ERR_CONNECTION_CLOSED @ https://log.mmstat.com/eg.js:0
[ 2244850ms] [ERROR] Failed to load resource: net::ERR_CONNECTION_CLOSED @ https://d-gm.mmstat.com/aes.1.1:0
[ 2244851ms] [ERROR] Failed to load resource: net::ERR_CONNECTION_CLOSED @ https://d-gm.mmstat.com/aes.1.1:0
[ 2247154ms] [ERROR] Failed to load resource: net::ERR_CONNECTION_CLOSED @ https://log.mmstat.com/eg.js:0
[ 2247186ms] [ERROR] Failed to load resource: net::ERR_CONNECTION_CLOSED @ https://d-gm.mmstat.com/aes.1.1:0
[ 2247186ms] [ERROR] Failed to load resource: net::ERR_CONNECTION_CLOSED @ https://d-gm.mmstat.com/aes.1.1:0
[ 2254924ms] [ERROR] Failed to load resource: net::ERR_CONNECTION_CLOSED @ https://log.mmstat.com/eg.js:0
[ 2254955ms] [ERROR] Failed to load resource: net::ERR_CONNECTION_CLOSED @ https://d-gm.mmstat.com/aes.1.1:0
[ 2254955ms] [ERROR] Failed to load resource: net::ERR_CONNECTION_CLOSED @ https://d-gm.mmstat.com/aes.1.1:0
[ 2257173ms] [ERROR] Failed to load resource: net::ERR_CONNECTION_CLOSED @ https://log.mmstat.com/eg.js:0
[ 2257206ms] [ERROR] Failed to load resource: net::ERR_CONNECTION_CLOSED @ https://d-gm.mmstat.com/aes.1.1:0
[ 2257206ms] [ERROR] Failed to load resource: net::ERR_CONNECTION_CLOSED @ https://d-gm.mmstat.com/aes.1.1:0
[ 2265081ms] [ERROR] Failed to load resource: net::ERR_CONNECTION_CLOSED @ https://log.mmstat.com/eg.js:0
[ 2265112ms] [ERROR] Failed to load resource: net::ERR_CONNECTION_CLOSED @ https://d-gm.mmstat.com/aes.1.1:0
[ 2265113ms] [ERROR] Failed to load resource: net::ERR_CONNECTION_CLOSED @ https://d-gm.mmstat.com/aes.1.1:0
[ 2267321ms] [ERROR] Failed to load resource: net::ERR_CONNECTION_CLOSED @ https://log.mmstat.com/eg.js:0
[ 2267352ms] [ERROR] Failed to load resource: net::ERR_CONNECTION_CLOSED @ https://d-gm.mmstat.com/aes.1.1:0
[ 2267353ms] [ERROR] Failed to load resource: net::ERR_CONNECTION_CLOSED @ https://d-gm.mmstat.com/aes.1.1:0
[ 2275173ms] [ERROR] Failed to load resource: net::ERR_CONNECTION_CLOSED @ https://log.mmstat.com/eg.js:0
[ 2275205ms] [ERROR] Failed to load resource: net::ERR_CONNECTION_CLOSED @ https://d-gm.mmstat.com/aes.1.1:0
[ 2275205ms] [ERROR] Failed to load resource: net::ERR_CONNECTION_CLOSED @ https://d-gm.mmstat.com/aes.1.1:0
[ 2277424ms] [ERROR] Failed to load resource: net::ERR_CONNECTION_CLOSED @ https://log.mmstat.com/eg.js:0
[ 2277456ms] [ERROR] Failed to load resource: net::ERR_CONNECTION_CLOSED @ https://d-gm.mmstat.com/aes.1.1:0
[ 2277457ms] [ERROR] Failed to load resource: net::ERR_CONNECTION_CLOSED @ https://d-gm.mmstat.com/aes.1.1:0
[ 2285282ms] [ERROR] Failed to load resource: net::ERR_CONNECTION_CLOSED @ https://log.mmstat.com/eg.js:0
[ 2285314ms] [ERROR] Failed to load resource: net::ERR_CONNECTION_CLOSED @ https://d-gm.mmstat.com/aes.1.1:0
[ 2285314ms] [ERROR] Failed to load resource: net::ERR_CONNECTION_CLOSED @ https://d-gm.mmstat.com/aes.1.1:0
[ 2287553ms] [ERROR] Failed to load resource: net::ERR_CONNECTION_CLOSED @ https://log.mmstat.com/eg.js:0
[ 2287584ms] [ERROR] Failed to load resource: net::ERR_CONNECTION_CLOSED @ https://d-gm.mmstat.com/aes.1.1:0
[ 2287584ms] [ERROR] Failed to load resource: net::ERR_CONNECTION_CLOSED @ https://d-gm.mmstat.com/aes.1.1:0
[ 2295391ms] [ERROR] Failed to load resource: net::ERR_CONNECTION_CLOSED @ https://log.mmstat.com/eg.js:0
[ 2295424ms] [ERROR] Failed to load resource: net::ERR_CONNECTION_CLOSED @ https://d-gm.mmstat.com/aes.1.1:0
[ 2295424ms] [ERROR] Failed to load resource: net::ERR_CONNECTION_CLOSED @ https://d-gm.mmstat.com/aes.1.1:0
[ 2297571ms] [ERROR] Failed to load resource: net::ERR_CONNECTION_CLOSED @ https://log.mmstat.com/eg.js:0
[ 2297601ms] [ERROR] Failed to load resource: net::ERR_CONNECTION_CLOSED @ https://d-gm.mmstat.com/aes.1.1:0
[ 2297602ms] [ERROR] Failed to load resource: net::ERR_CONNECTION_CLOSED @ https://d-gm.mmstat.com/aes.1.1:0
[ 2305437ms] [ERROR] Failed to load resource: net::ERR_CONNECTION_CLOSED @ https://log.mmstat.com/eg.js:0
[ 2305469ms] [ERROR] Failed to load resource: net::ERR_CONNECTION_CLOSED @ https://d-gm.mmstat.com/aes.1.1:0
[ 2305469ms] [ERROR] Failed to load resource: net::ERR_CONNECTION_CLOSED @ https://d-gm.mmstat.com/aes.1.1:0
[ 2307674ms] [ERROR] Failed to load resource: net::ERR_CONNECTION_CLOSED @ https://log.mmstat.com/eg.js:0
[ 2307705ms] [ERROR] Failed to load resource: net::ERR_CONNECTION_CLOSED @ https://d-gm.mmstat.com/aes.1.1:0
[ 2307705ms] [ERROR] Failed to load resource: net::ERR_CONNECTION_CLOSED @ https://d-gm.mmstat.com/aes.1.1:0
[ 2315538ms] [ERROR] Failed to load resource: net::ERR_CONNECTION_CLOSED @ https://log.mmstat.com/eg.js:0
[ 2315570ms] [ERROR] Failed to load resource: net::ERR_CONNECTION_CLOSED @ https://d-gm.mmstat.com/aes.1.1:0
[ 2315570ms] [ERROR] Failed to load resource: net::ERR_CONNECTION_CLOSED @ https://d-gm.mmstat.com/aes.1.1:0
[ 2317887ms] [ERROR] Failed to load resource: net::ERR_CONNECTION_CLOSED @ https://log.mmstat.com/eg.js:0
[ 2317920ms] [ERROR] Failed to load resource: net::ERR_CONNECTION_CLOSED @ https://d-gm.mmstat.com/aes.1.1:0
[ 2317920ms] [ERROR] Failed to load resource: net::ERR_CONNECTION_CLOSED @ https://d-gm.mmstat.com/aes.1.1:0
[ 2325651ms] [ERROR] Failed to load resource: net::ERR_CONNECTION_CLOSED @ https://log.mmstat.com/eg.js:0
[ 2325681ms] [ERROR] Failed to load resource: net::ERR_CONNECTION_CLOSED @ https://d-gm.mmstat.com/aes.1.1:0
[ 2325681ms] [ERROR] Failed to load resource: net::ERR_CONNECTION_CLOSED @ https://d-gm.mmstat.com/aes.1.1:0
[ 2327878ms] [ERROR] Failed to load resource: net::ERR_CONNECTION_CLOSED @ https://log.mmstat.com/eg.js:0
[ 2327909ms] [ERROR] Failed to load resource: net::ERR_CONNECTION_CLOSED @ https://d-gm.mmstat.com/aes.1.1:0
[ 2327910ms] [ERROR] Failed to load resource: net::ERR_CONNECTION_CLOSED @ https://d-gm.mmstat.com/aes.1.1:0
[ 2335773ms] [ERROR] Failed to load resource: net::ERR_CONNECTION_CLOSED @ https://log.mmstat.com/eg.js:0
[ 2335805ms] [ERROR] Failed to load resource: net::ERR_CONNECTION_CLOSED @ https://d-gm.mmstat.com/aes.1.1:0
[ 2335805ms] [ERROR] Failed to load resource: net::ERR_CONNECTION_CLOSED @ https://d-gm.mmstat.com/aes.1.1:0
[ 2338017ms] [ERROR] Failed to load resource: net::ERR_CONNECTION_CLOSED @ https://log.mmstat.com/eg.js:0
[ 2338049ms] [ERROR] Failed to load resource: net::ERR_CONNECTION_CLOSED @ https://d-gm.mmstat.com/aes.1.1:0
[ 2338049ms] [ERROR] Failed to load resource: net::ERR_CONNECTION_CLOSED @ https://d-gm.mmstat.com/aes.1.1:0
[ 2345869ms] [ERROR] Failed to load resource: net::ERR_CONNECTION_CLOSED @ https://log.mmstat.com/eg.js:0
[ 2345900ms] [ERROR] Failed to load resource: net::ERR_CONNECTION_CLOSED @ https://d-gm.mmstat.com/aes.1.1:0
[ 2345900ms] [ERROR] Failed to load resource: net::ERR_CONNECTION_CLOSED @ https://d-gm.mmstat.com/aes.1.1:0
[ 2348114ms] [ERROR] Failed to load resource: net::ERR_CONNECTION_CLOSED @ https://log.mmstat.com/eg.js:0
[ 2348148ms] [ERROR] Failed to load resource: net::ERR_CONNECTION_CLOSED @ https://d-gm.mmstat.com/aes.1.1:0
[ 2348149ms] [ERROR] Failed to load resource: net::ERR_CONNECTION_CLOSED @ https://d-gm.mmstat.com/aes.1.1:0
[ 2355976ms] [ERROR] Failed to load resource: net::ERR_CONNECTION_CLOSED @ https://log.mmstat.com/eg.js:0
[ 2356008ms] [ERROR] Failed to load resource: net::ERR_CONNECTION_CLOSED @ https://d-gm.mmstat.com/aes.1.1:0
[ 2356008ms] [ERROR] Failed to load resource: net::ERR_CONNECTION_CLOSED @ https://d-gm.mmstat.com/aes.1.1:0
[ 2358278ms] [ERROR] Failed to load resource: net::ERR_CONNECTION_CLOSED @ https://log.mmstat.com/eg.js:0
[ 2358311ms] [ERROR] Failed to load resource: net::ERR_CONNECTION_CLOSED @ https://d-gm.mmstat.com/aes.1.1:0
[ 2358311ms] [ERROR] Failed to load resource: net::ERR_CONNECTION_CLOSED @ https://d-gm.mmstat.com/aes.1.1:0
[ 2698499ms] [ERROR] Failed to load resource: net::ERR_CONNECTION_CLOSED @ https://log.mmstat.com/eg.js:0
[ 2698615ms] [ERROR] Failed to load resource: net::ERR_CONNECTION_CLOSED @ https://d-gm.mmstat.com/aes.1.1:0
[ 2698615ms] [ERROR] Failed to load resource: net::ERR_CONNECTION_CLOSED @ https://log.mmstat.com/eg.js:0
[ 2698615ms] [ERROR] Failed to load resource: net::ERR_CONNECTION_CLOSED @ https://d-gm.mmstat.com/aes.1.1:0
[ 2698646ms] [ERROR] Failed to load resource: net::ERR_CONNECTION_CLOSED @ https://d-gm.mmstat.com/aes.1.1:0
[ 2698647ms] [ERROR] Failed to load resource: net::ERR_CONNECTION_CLOSED @ https://d-gm.mmstat.com/aes.1.1:0
[ 2699022ms] [ERROR] Failed to load resource: net::ERR_CONNECTION_CLOSED @ https://log.mmstat.com/eg.js:0
[ 2699053ms] [ERROR] Failed to load resource: net::ERR_CONNECTION_CLOSED @ https://d-gm.mmstat.com/aes.1.1:0
[ 2699053ms] [ERROR] Failed to load resource: net::ERR_CONNECTION_CLOSED @ https://d-gm.mmstat.com/aes.1.1:0
[ 2699547ms] [LOG] teamix debugger execute @ https://g.alicdn.com/apsaradb-fe/das/0.3.2/static/js/1401.53564c4b.chunk.js:0
[ 2699572ms] [LOG] teamix debugger execute @ https://g.alicdn.com/apsaradb-fe/das/0.3.2/static/js/1401.53564c4b.chunk.js:0
[ 2699594ms] [LOG] teamix debugger execute @ https://g.alicdn.com/apsaradb-fe/das/0.3.2/static/js/1401.53564c4b.chunk.js:0
[ 2699619ms] [LOG] teamix debugger execute @ https://g.alicdn.com/apsaradb-fe/das/0.3.2/static/js/1401.53564c4b.chunk.js:0
[ 2699643ms] [ERROR] Failed to load resource: net::ERR_CONNECTION_CLOSED @ https://log.mmstat.com/eg.js:0
[ 2699692ms] [ERROR] Failed to load resource: net::ERR_CONNECTION_CLOSED @ https://d-gm.mmstat.com/aes.1.1?gmkey=EXP&gokey=uidaplus%3D1048726631550559%26spm-url%3D5176.28369458.0.0.36961450Jepyio%26spm-pre%3D%26spm-cnt%3D5176.19908494.0.0.52d91450cxuUDN%26_f_t%3Dfalse%26pid%3Drdsnext%26sdk_version%3D3.3.18%26pv_id%3DLJQGceZrM3uv2y5lenKW%26timezone_offset%3D-480%26title%3DRDS%25E7%25AE%25A1%25E7%2590%2586%25E6%258E%25A7%25E5%2588%25B6%25E5%258F%25B0%26spm_a%3D5176%26spm_b%3D19908494%26dpi%3D1%26sr%3D1280x720%26platform%3Dweb%26language%3Den-US%26user_type%3D6%26uid%3D1048726631550559%26env%3Dprod%26downlink%3D10%26net_type%3D4g%26page_id%3D%252Fdetail%252F%253ADBInstanceId%252FmonitorAlarm%26user_agent_data%3D%257B%2522mobile%2522%253Afalse%252C%2522model%2522%253A%2522%2522%252C%2522platform%2522%253A%2522macOS%2522%252C%2522platformVersion%2522%253A%252226.5.2%2522%252C%2522fullVersionList%2522%253A%255B%257B%2522brand%2522%253A%2522Google%2520Chrome%2522%252C%2522version%2522%253A%2522149.0.7827.201%2522%257D%252C%257B%2522brand%2522%253A%2522Chromium%2522%252C%2522version%2522%253A%2522149.0.7827.201%2522%257D%252C%257B%2522brand%2522%253A%2522Not)A%253BBrand%2522%252C%2522version%2522%253A%252224.0.0.0%2522%257D%255D%257D%26origin_url%3Dhttps%253A%252F%252Frdsnext.console.aliyun.com%252Fdetail%252Fpgm-wz9t7bv5jsk55jh1%252FmonitorAlarm%253Fspm%253D5176.28369458.0.0.36961450Jepyio%2526region%253Dcn-shenzhen%2526DedicatedHostGroupId%253D%26msg%3Durl%253DDescribeDBInstancePerformance%2526method%253DPOST%2526success%253Dtrue%2526msg%253D019F5F6B-CD33-55BE-AFA0-26B2FC0CB949%2526status%253D200%2526code%253D200%2526duration%253D771%2526trace_id%253D0bc3b4ae17840123281808494e413e%2526params%253D__action%25253DDescribeDBInstancePerformance%2526body%253Dproduct%25253Drds%252526action%25253DDescribeDBInstancePerformance%252526params%25253D%2525257B%25252522StartTime%25252522%2525253A%252525222026-07-14T05%2525253A58Z%25252522%2525252C%25252522EndTime%25252522%2525253A%252525222026-07-14T06%2525253A58Z%25252522%2525252C%25252522key%25252522%2525253A%25252522PgSQLNetIOSTAT%25252522%2525252C%25252522dBInstanceId%25252522%2525253A%25252522pgm-wz9t7bv5jsk55jh1%25252522%2525252C%25252522UseNullWhenMissingPoint%25252522%2525253Atrue%2525252C%25252522RegionId%25252522%2525253A%25252522cn-shenzhen%25252522%2525257D%252526sec_token%25253DeIrlFmLDgToEOzMPbhI438%252526umid%25253DY29b3ca4c152f1edb542c34bd8848d7a8%252526collina%25253D140%25252523l4SrHXYQzzFOuzo2LZLuC3SdvMUfLT%2525252Bs2FjMgavg6d%2525252BezgCu9dDSUEvj2YGRnrTidUdtbWifsNrSWWInIw2gk5GBhzL9g3hqzzcH8sOBvG1zzWFYVaBulFzx2DD3VtgqQ4HbPdKR50vacWaYydxuZt8BPZGMBMWscGKNP0q1hlc6%2525252BHITJdfRHO8Cfh61PIPz%2525252BJKIAxVmYvP53jkQNV6eFNcmA95fjDUA42IkCFVn1zYt4Y8usepGZ1KnwK9jX5NNKjI8wE%2525252FMGWHWKb8yaWbmmaH8tZZNPw8pL9Tzty8sT8DYmKIhOrMwK%2525252F0X%2525252FGZECWaAmNcpqnNv6IYUHjPl9Ssj%2525252B4wfq7Lg45jeF3rEXd7GvlDVF2QMEZAhKkKxXqdunlVIFhwBXiwTvA8LZoaK8cybLB7pR56xxM%2525252FZZ9cCBDjoSEwrWZ0DQ0xs2YmiBii3xWqvP40HjChdyS79Ph7O58pxDkvgQKsIubkDfu0%2525252BQ5D0VoB2qhO26bTiwkaJU7FzXDmkXtfwTFvNJdWdX9brhQrpP%2525252FNV62O%2525252BjFJBRkQH6U0PNfY9R7wO1F%2525252BxB4UggXyboeYPBNFcgvN%2525252Bp5PSjx0IGdX%2525252BRGU5kEdpxUEcj9XEi254qa1xEWwrVrtY7bnW3XP%2525252BfnaNztbei256qa1xzPFIV25etFzx2Qzg3tsP8sfi2CTWDAKIPtrPHpcDEDWYKCR1itz69HvDIp8DlDmvJs5a9D5KPivvDuM4MInpkPsyDAVYIFNdhx0NqUTzMrb8ybpNx4IHsy4ir%2525252BxGS1EECLBPm8M5B2UOUaKqiVsoY3XKnXGyOBrQOD6gXp7oszLaAmQeQzU5WgiEdQdTjlCP2tSXKm%2525252FS0p3UiYQnQpZJz2Dn%2525252BfUDJ%2525252FPK0%2525252FUQUW1yeCSxNzd0o1%2525252FObQLLxuVS015GF8MiABBhrGNWRz8Lh09ApmNQKs3wPuKwzUsEh1zX7rLwKFrQm6aalDLDW1cgVtBON3z4jmYn3wZns%2525252BQC98CxvFurI%2525252Fz0Ok2EjLofMA0TLeBl56L0E4IY%2525252BwdmZauYdiBQrujKGPAficT6m57l8bKOsnVfeQa%2525252FFi2nSuoQA0lG7Vt3N1LjsUbhFjZnz6b2khb2cAyX%2525252FWrcFt3LpQl8dXJDj%2525252F6nsHyQaeIVcU6X5fWGX5wkjbKR0xBzU4Pc5l6q8ltnOhn1%2525252BPUojQI%2525252FN3LxUbvR2F9ZBRkfeP5lKfMJihgmNFkA85PrFZaQjd8%2525252BVLI0ZrL6IxQgfNMDws4xybP63wMikAkjPkvFX5kv%2525252FT0uJls%2525252F%2525252FCeZUGkJpUBVaBZaHBTJlknZhpIT%2525252FiqyLOg%2525252BTHTkY%2525252F3XcoCcC5TK%2525252BbsIVive3aBhkEeWIYEb7Hr5weccrWdZP%2525252BgyOGZD7Nts2PXD5t7Y7zO%2525252FO7IjPeSF3Tud5VnYvCPCw7%2525252BKLcRphQRO48aKzGRT50SRadRD0UC9RIUEQ7%2525252FoBzhNUwKEN6N2jjNC7AT8QzFX3Ib%2525253D%252526region%25253Dcn-shenzhen%2526response%253D%25257B%25250A%252509%252522code%252522%25253A%252522200%252522%25252C%25250A%252509%252522data%252522%25253A%25257B%25250A%252509%252509%252522PerformanceKeys%252522%25253A%25257B%25250A%252509%252509%252509%252522PerformanceKey%252522%25253A%25255B%25250A%252509%252509%252509%252509%25257B%25250A%252509%252509%252509%252509%252509%252522ValueFormat%252522%25253A%252522mean_network_in_io%252526mean_network_io%252526mean_network_out_io%252522%25252C%25250A%252509%252509%252509%252509%252509%252522Values%252522%25253A%25257B%25250A%252509%252509%252509%252509%252509%252509%252522PerformanceValue%252522%25253A%25255B%25250A%252509%252509%252509%252509%252509%252509%252509%25257B%25250A%252509%252509%252509%252509%252509%252509%252509%252509%252522Value%252522%25253A%2525220.0%2525260.01%2525260.01%252522%25252C%25250A%252509%252509%252509%252509%252509%252509%252509%252509%252522Date%252522%25253A%2525222026-07-14T05%25253A58%25253A00Z%252522%25250A%252509%252509%252509%252509%252509%252509%252509%25257D%25252C%25250A%252509%252509%252509%252509%252509%252509%252509%25257B%25250A%252509%252509%252509%252509%252509%252509%252509%252509%252522Value%252522%25253A%2525220.0%2525260.0%2525260.0%252522%25252C%25250A%252509%252509%252509%252509%252509%252509%252509%252509%252522Date%252522%25253A%2525222026-07-14T05%25253A58%25253A05Z%252522%25250A%252509%252509%252509%252509%252509%252509%252509%25257D%25252C%25250A%252509%252509%252509%252509%252509%252509%252509%25257B%25250A%252509%252509%252509%252509%252509%252509%252509%252509%252522Value%252522%25253A%2525220.0%2525260.01%2525260.0%252522%25252C%25250A%252509%252509%252509%252509%252509%252509%252509%252509%252522Date%252522%25253A%2525222026-07-14T05%25253A58%25253A10Z%252522%25250A%252509%252509%252509%252509%252509%252509%252509%25257D%25252C%25250A%252509%252509%252509%252509%252509%252509%252509%25257B%25250A%252509%252509%252509%252509%252509%252509%252509%252509%252522Value%252522%25253A%2525220.0%2525260.0%2525260.0%252522%25252C%25250A%252509%252509%252509%252509%252509%252509%252509%252509%252522Date%252522%25253A%2525222026-07-14T05%25253A58%25253A15Z%252522%25250A%252509%252509%252509%252509%252509%252509%252509%25257D%25252C%25250A%252509%252509%252509%252509%252509%252509%252509%25257B%25250A%252509%252509%252509%252509%252509%252509%252509%252509%252522Value%252522%25253A%2525220.0%2525260.01%2525260.0%252522%25252C%25250A%252509%252509%252509%252509%252509%252509%252509%252509%252522Date%252522%25253A%2525222026-07-14T05%25253A58%25253A20Z%252522%25250A%252509%252509%252509%252509%252509%252509%252509%25257D%25252C%25250A%252509%252509%252509%252509%252509%252509%252509%25257B%25250A%252509%252509%252509%252509%252509%252509%252509%252509%252522Value%252522%25253A%2525220.0%2525260.0%2525260.0%252522%25252C%25250A%252509%252509%252509%252509%252509%252509%252509%252509%252522Date%252522%25253A%2525222026-07-14T05%25253A58%25253A25Z%252522%25250A%252509%252509%252509%252509%252509%252509%252509%25257D%25252C%25250A%252509%252509%252509%252509%252509%252509%252509%25257B%25250A%252509%252509%252509%252509%252509%252509%252509%252509%252522Value%252522%25253A%2525220.0%2525260.01%2525260.0%252522%25252C%25250A%252509%252509%252509%252509%252509%252509%252509%252509%252522Date%252522%25253A%2525222026-07-14T05%25253A58%25253A30Z%252522%25250A%252509%252509%252509%252509%252509%252509%252509%25257D%25252C%25250A%252509%252509%252509%252509%252509%252509%252509%25257B%25250A%252509%252509%252509%252509%252509%252509%252509%252509%252522Value%252522%25253A%2525220.0%2525260.0%2525260.0%252522%25252C%25250A%252509%252509%252509%252509%252509%252509%252509%252509%252522Date%252522%25253A%2525222026-07-14T05%25253A58%25253A35Z%252522%25250A%252509%252509%252509%252509%252509%252509%252509%25257D%25252C%25250A%252509%252509%252509%252509%252509%252509%252509%25257B%25250A%252509%252509%252509%252509%252509%252509%252509%252509%252522Value%252522%25253A%2525220.0%2525260.01%2525260.0%252522%25252C%25250A%252509%252509%252509%252509%252509%252509%252509%252509%252522Date%252522%25253A%2525222026-07-14T05%25253A58%25253A40Z%252522%25250A%252509%252509%252509%252509%252509%252509%252509%25257D%25252C%25250A%252509%252509%252509%252509%252509%252509%252509%25257B%25250A%252509%252509%252509%252509%252509%252509%252509%252509%252522Value%252522%25253A%2525220.0%2525260.0%2525260.0%252522%25252C%25250A%252509%252509%252509%252509%252509%252509%252509%252509%252522Date%252522%25253A%2525222026-07-14T05%25253A58%25253A45Z%252522%25250A%252509%252509%252509%252509%252509%252509%252509%25257D%25252C%25250A%252509%252509%252509%252509%252509%252509%252509%25257B%25250A%252509%252509%252509%252509%252509%252509%252509%252509%252522Value%252522%25253A%2525220.0%2525260.01%2525260.0%252522%25252C%25250A%252509%252509%252509%252509%252509%252509%252509%252509%252522Date%252522%25253A%2525222026-07-14T05%25253A58%25253A50Z%252522%25250A%252509%252509%252509%252509%252509%252509%252509%25257D%25252C%25250A%252509%252509%252509%252509%252509%252509%252509%25257B%25250A%252509%252509%252509%252509%252509%252509%252509%252509%252522Value%252522%25253A%2525220.0%2525260.0%2525260.0%252522%25252C%25250A%252509%252509%252509%252509%252509%252509%252509%252509%252522Date%252522%25253A%2525222026-07-14T05%25253A58%25253A55Z%252522%25250A%252509%252509%252509%252509%252509%252509%252509%25257D%25252C%25250A%252509%252509%252509%252509%252509%252509%252509%25257B%25250A%252509%252509%252509%252509%252509%252509%252509%252509%252522Value%252522%25253A%2525220.0%2525260.01%2525260.0%252522%25252C%25250A%252509%252509%252509%252509%252509%252509%252509%252509%252522Date%252522%25253A%2525222026-07-14T05%25253A59%25253A00Z%252522%25250A%252509%252509%252509%252509%252509%252509%252509%25257D%25252C%25250A%252509%252509%252509%252509%252509%252509%252509%25257B%25250A%252509%252509%252509%252509%252509%252509%252509%252509%252522Value%252522%25253A%2525220.0%2525260.0%2525260.0%252522%25252C%25250A%252509%252509%252509%252509%252509%252509%252509%252509%252522Date%252522%25253A%2525222026-07-14T05%25253A59%25253A05Z%252522%25250A%252509%252509%252509%252509%252509%252509%252509%25257D%25252C%25250A%252509%252509%252509%252509%252509%252509%252509%25257B%25250A%252509%252509%252509%252509%252509%252509%252509%252509%252522Value%252522%25253A%2525220.0%2525260.01%2525260.0%252522%25252C%25250A%252509%252509%252509%252509%252509%252509%252509%252509%252522Date%252522%25253A%2525222026-07-14T05%25253A59%25253A10Z%252522%25250A%252509%252509%252509%252509%252509%252509%252509%25257D%25252C%25250A%252509%252509%252509%252509%252509%252509%252509%25257B%25250A%252509%252509%252509%252509%252509%252509%252509%252509%252522Value%252522%25253A%2525220.0%2525260.0%2525260.0%252522%25252C%25250A%252509%252509%252509%252509%252509%252509%252509%252509%252522Date%252522%25253A%2525222026-07-14T05%25253A59%25253A15Z%252522%25250A%252509%252509%252509%252509%252509%252509%252509%25257D%25252C%25250A%252509%252509%252509%252509%252509%252509%252509%25257B%25250A%252509%252509%252509%252509%252509%252509%252509%252509%252522Value%252522%25253A%2525220.0%2525260.01%2525260.0%252522%25252C%25250A%252509%252509%252509%252509%252509%252509%252509%252509%252522Date%252522%25253A%2525222026-07-14T05%25253A59%25253A20Z%252522%25250A%252509%252509%252509%252509%252509%252509%252509%25257D%25252C%25250A%252509%252509%252509%252509%252509%252509%252509%25257B%25250A%252509%252509%252509%252509%252509%252509%252509%252509%252522Value%252522%25253A%2525220.0%2525260.0%2525260.0%252522%25252C%25250A%252509%252509%252509%252509%252509%252509%252509%252509%252522Date%252522%25253A%2525222026-07-14T05%25253A59%25253A25Z%252522%25250A%252509%252509%252509%252509%252509%252509%252509%25257D%25252C%25250A%252509%252509%252509%252509%252509%252509%252509%25257B%25250A%252509%252509%252509%252509%252509%252509%252509%252509%252522Value%252522%25253A%2525220.0%2525260.01%2525260.0%252522%25252C%25250A%252509%252509%252509%252509%252509%252509%252509%252509%252522Date%252522%25253A%2525222026-07-14T05%25253A59%25253A30Z%252522%25250A%252509%252509%252509%252509%252509%252509%252509%25257D%25252C%25250A%252509%252509%252509%252509%252509%252509%252509%25257B%25250A%252509%252509%252509%252509%252509%252509%252509%252509%252522Value%252522%25253A%2525220.0%2525260.0%2525260.0%252522%25252C%25250A%252509%252509%252509%252509%252509%252509%252509%252509%252522Date%252522%25253A%2525222026-07-14T05%25253A59%25253A35Z%252522%25250A%252509%252509%252509%252509%252509%252509%252509%25257D%25252C%25250A%252509%252509%252509%252509%252509%252509%252509%25257B%25250A%252509%252509%252509%252509%252509%252509%252509%252509%252522Value%252522%25253A%2525220.0%2525260.01%2525260.0%252522%25252C%25250A%252509%252509%252509%252509%252509%252509%252509%252509%252522Date%252522%25253A%2525222026-07-14T05%25253A59%25253A40Z%252522%25250A%252509%252509%252509%252509%252509%252509%252509%25257D%25252C%25250A%252509%252509%252509%252509%252509%252509%252509%25257B%25250A%252509%252509%252509%252509%252509%252509%252509%252509%252522Value%252522%25253A%2525220.0%2525260.0%2525260.0%252522%25252C%25250A%252509%252509%252509%252509%252509%252509%252509%252509%252522Date%252522%25253A%2525222026-07-14T05%25253A59%25253A45Z%252522%25250A%252509%252509%252509%252509%252509%252509%252509%25257D%25252C%25250A%252509%252509%252509%252509%252509%252509%252509%25257B%25250A%252509%252509%252509%252509%252509%252509%252509%252509%252522Value%252522%25253A%2525220.0%2525260.01%2525260.0%252522%25252C%25250A%252509%252509%252509%252509%252509%252509%252509%252509%252522Date%252522%25253A%2525222026-07-14T05%25253A59%25253A50Z%252522%25250A%252509%252509%252509%252509%252509%252509%252509%25257D%25252C%25250A%252509%252509%252509%252509%252509%252509%252509%25257B%25250A%252509%252509%252509%252509%252509%252509%252509%252509%252522Value%252522%25253A%2525220.0%2525260.0%2525260.0%252522%25252C%25250A%252509%252509%252509%252509%252509%252509%252509%252509%252522Date%252522%25253A%2525222026-07-14T05%25253A59%25253A55Z%252522%25250A%252509%252509%252509%252509%252509%252509%252509%25257D%25252C%25250A%252509%252509%252509%252509%252509%252509%252509%25257B%25250A%252509%252509%252509%252509%252509%252509%252509%252509%252522Value%252522%25253A%2525220.0%2525260.01%2525260.0%252522%25252C%25250A%252509%252509%252509%252509%252509%252509%252509%252509%252522Date%252522%25253A%2525222026-07-14T06%25253A00%25253A00Z%252522%25250A%252509%252509%252509%252509%252509%252509%252509%25257D%25252C%25250A%252509%252509%252509%252509%252509%252509%252509%25257B%25250A%252509%252509%252509%252509%252509%252509%252509%252509%252522Value%252522%25253A%2525220.0%2525260.0%2525260.0%252522%25252C%25250A%252509%252509%252509%252509%252509%252509%252509%252509%252522Date%252522%25253A%2525222026-07-14T06%25253A00%25253A05Z%252522%25250A%252509%252509%252509%252509%252509%252509%252509%25257D%25252C%25250A%252509%252509%252509%252509%252509%252509%252509%25257B%25250A%252509%252509%252509%252509%252509%252509%252509%252509%252522Value%252522%25253A%2525220.0%2525260.01%2525260.0%252522%25252C%25250A%252509%252509%252509%252509%252509%252509%252509%252509%252522Date%252522%25253A%2525222026-07-14T06%25253A00%25253A10Z%252522%25250A%252509%252509%252509%252509%252509%252509%252509%25257D%25252C%25250A%252509%252509%252509%252509%252509%252509%252509%25257B%25250A%252509%252509%252509%252509%252509%252509%252509%252509%252522Value%252522%25253A%2525220.0%2525260.0%2525260.0%252522%25252C%25250A%252509%252509%252509%252509%252509%252509%252509%252509%252522Date%252522%25253A%2525222026-07-14T06%25253A00%25253A15Z%252522%25250A%252509%252509%252509%252509%252509%252509%252509%25257D%25252C%25250A%252509%252509%252509%252509%252509%252509%252509%25257B%25250A%252509%252509%252509%252509%252509%252509%252509%252509%252522Value%252522%25253A%2525220.0%2525260.01%2525260.0%252522%25252C%25250A%252509%252509%252509%252509%252509%252509%252509%252509%252522Date%252522%25253A%2525222026-07-14T06%25253A00%25253A20Z%252522%25250A%252509%252509%252509%252509%252509%252509%252509%25257D%25252C%25250A%252509%252509%252509%252509%252509%252509%252509%25257B%25250A%252509%252509%252509%252509%252509%252509%252509%252509%252522Value%252522%25253A%2525220.0%2525260.0%2525260.0%252522%25252C%25250A%252509%252509%252509%252509%252509%252509%252509%252509%252522Date%252522%25253A%2525222026-07-14T06%25253A00%25253A25Z%252522%25250A%252509%252509%252509%252509%252509%252509%252509%25257D%25252C%25250A%252509%252509%252509%252509%252509%252509%252509%25257B%25250A%252509%252509%252509%252509%252509%252509%252509%252509%252522Value%252522%25253A%2525220.0%2525260.01%2525260.0%252522%25252C%25250A%252509%252509%252509%252509%252509%252509%252509%252509%252522Date%252522%25253A%2525222026-07-14T06%25253A00%25253A30Z%252522%25250A%252509%252509%252509%252509%252509%252509%252509%25257D%25252C%25250A%252509%252509%252509%252509%252509%252509%252509%25257B%25250A%252509%252509%252509%252509%252509%252509%252509%252509%252522Value%252522%25253A%2525220.0%2525260.0%2525260.0%252522%25252C%25250A%252509%252509%252509%252509%252509%252509%252509%252509%252522Date%252522%25253A%2525222026-07-14T06%25253A00%25253A35Z%252522%25250A%252509%252509%252509%252509%252509%252509%252509%25257D%25252C%25250A%252509%252509%252509%252509%252509%252509%252509%25257B%25250A%252509%252509%252509%252509%252509%252509%252509%252509%252522Value%252522%25253A%2525220.0%2525260.01%2525260.0%252522%25252C%25250A%252509%252509%252509%252509%252509%252509%252509%252509%252522Date%252522%25253A%2525222026-07-14T06%25253A00%25253A40Z%252522%25250A%252509%252509%252509%252509%252509%252509%252509%25257D%25252C%25250A%252509%252509%252509%252509%252509%252509%252509%25257B%25250A%252509%252509%252509%252509%252509%252509%252509%252509%252522Value%252522%25253A%2525220.0%2525260.0%2525260.0%252522%25252C%25250A%252509%252509%252509%252509%252509%252509%252509%252509%252522Date%252522%25253A%2525222026-07-14T06%25253A00%25253A45Z%252522%25250A%252509%252509%252509%252509%252509%252509%252509%25257D%25252C%25250A%252509%252509%252509%252509%252509%252509%252509%25257B%25250A%252509%252509%252509%252509%252509%252509%252509%252509%252522Value%252522%25253A%2525220.0%2525260.01%2525260.0%252522%25252C%25250A%252509%252509%252509%252509%252509%252509%252509%252509%252522Date%252522%25253A%2525222026-07-14T06%25253A00%25253A50Z%252522%25250A%252509%252509%252509%252509%252509%252509%252509%25257D%25252C%25250A%252509%252509%252509%252509%252509%252509%252509%25257B%25250A%252509%252509%252509%252509%252509%252509%252509%252509%252522Value%252522%25253A%2525220.0%2525260.0%2525260.0%252522%25252C%25250A%252509%252509%252509%252509%252509%252509%252509%252509%252522Date%252522%25253A%2525222026-07-14T06%25253A00%25253A55Z%252522%25250A%252509%252509%252509%252509%252509%252509%252509%25257D%25252C%25250A%252509%252509%252509%252509%252509%252509%252509%25257B%25250A%252509%252509%252509%252509%252509%252509%252509%252509%252522Value%252522%25253A%2525220.0%2525260.01%2525260.0%252522%25252C%25250A%252509%252509%252509%252509%252509%252509%252509%252509%252522Date%252522%25253A%2525222026-07-14T06%25253A01%25253A00Z%252522%25250A%252509%252509%252509%252509%252509%252509%252509%25257D%25252C%25250A%252509%252509%252509%252509%252509%252509%252509%25257B%25250A%252509%252509%252509%252509%252509%252509%252509%252509%252522Value%252522%25253A%2525220.0%2525260.0%2525260.0%252522%25252C%25250A%252509%252509%252509%252509%252509%252509%252509%252509%252522Date%252522%25253A%2525222026-07-14T06%25253A01%25253A05Z%252522%25250A%252509%252509%252509%252509%252509%252509%252509%25257D%25252C%25250A%252509%252509%252509%252509%252509%252509%252509%25257B%25250A%252509%252509%252509%252509%252509%252509%252509%252509%252522Value%252522%25253A%2525220.0%2525260.01%2525260.0%252522%25252C%25250A%252509%252509%252509%252509%252509%252509%252509%252509%252522Date%252522%25253A%2525222026-07-14T06%25253A01%25253A10Z%252522%25250A%252509%252509%252509%252509%252509%252509%252509%25257D%25252C%25250A%252509%252509%252509%252509%252509%252509%252509%25257B%25250A%252509%252509%252509%252509%252509%252509%252509%252509%252522Value%252522%25253A%2525220.0%2525260.0%2525260.0%252522%25252C%25250A%252509%252509%252509%252509%252509%252509%252509%252509%252522Date%252522%25253A%2525222026-07-14T06%25253A01%25253A15Z%252522%25250A%252509%252509%252509%252509%252509%252509%252509%25257D%25252C%25250A%252509%252509%252509%252509%252509%252509%252509%25257B%25250A%252509%252509%252509%252509%252509%252509%252509%252509%252522Value%252522%25253A%2525220.0%2525260.01%2525260.0%252522%25252C%25250A%252509%252509%252509%252509%252509%252509%252509%252509%252522Date%252522%25253A%2525222026-07-14T06%25253A01%25253A20Z%252522%25250A%252509%252509%252509%252509%252509%252509%252509%25257D%25252C%25250A%252509%252509%252509%252509%252509%252509%252509%25257B%25250A%252509%252509%252509%252509%252509%252509%252509%252509%252522Value%252522%25253A%2525220.0%2525260.0%2525260.0%252522%25252C%25250A%252509%252509%252509%252509%252509%252509%252509%252509%252522Date%252522%25253A%2525222026-07-14T06%25253A01%25253A25Z%252522%25250A%252509%252509%252509%252509%252509%252509%252509%25257D%25252C%25250A%252509%252509%252509%252509%252509%252509%252509%25257B%25250A%252509%252509%252509%252509%252509%252509%252509%252509%252522Value%252522%25253A%2525220.0%2525260.01%2525260.0%252522%25252C%25250A%252509%252509%252509%252509%252509%252509%252509%252509%252522Date%252522%25253A%2525222026-07-14T06%25253A01%25253A30Z%252522%25250A%252509%252509%252509%252509%252509%252509%252509%25257D%25252C%25250A%252509%252509%252509%252509%252509%252509%252509%25257B%25250A%252509%252509%252509%252509%252509%252509%252509%252509%252522Value%252522%25253A%2525220.0%2525260.01%2525260.0%252522%25252C%25250A%252509%252509%252509%252509%252509%252509%252509%252509%252522Date%252522%25253A%2525222026-07-14T06%25253A01%25253A35Z%252522%25250A%252509%252509%252509%252509%252509%252509%252509%25257D%25252C%25250A%252509%252509%252509%252509%252509%252509%252509%25257B%25250A%252509%252509%252509%252509%252509%252509%252509%252509%252522Value%252522%25253A%2525220.0%2525260.01%2525260.0%252522%25252C%25250A%252509%252509%252509%252509%252509%252509%252509%252509%252522Date%252522%25253A%2525222026-07-14T06%25253A01%25253A40Z%252522%25250A%252509%252509%252509%252509%252509%252509%252509%25257D%25252C%25250A%252509%252509%252509%252509%252509%252509%252509%25257B%25250A%252509%252509%252509%252509%252509%252509%252509%252509%252522Value%252522%25253A%2525220.0%2525260.0%2525260.0%252522%25252C%25250A%252509%252509%252509%252509%252509%252509%252509%252509%252522Date%252522%25253A%2525222026-07-14T06%25253A01%25253A45Z%252522%25250A%252509%252509%252509%252509%252509%252509%252509%25257D%25252C%25250A%252509%252509%252509%252509%252509%252509%252509%25257B%25250A%252509%252509%252509%252509%252509%252509%252509%252509%252522Value%252522%25253A%2525220.0%2525260.01%2525260.0%252522%25252C%25250A%252509%252509%252509%252509%252509%252509%252509%252509%252522Date%252522%25253A%2525222026-07-14T06%25253A01%25253A50Z%252522%25250A%252509%252509%252509%252509%252509%252509%252509%25257D%25252C%25250A%252509%252509%252509%252509%252509%252509%252509%25257B%25250A%252509%252509%252509%252509%252509%252509%252509%252509%252522Value%252522%25253A%2525220.0%2525260.0%2525260.0%252522%25252C%25250A%252509%252509%252509%252509%252509%252509%252509%252509%252522Date%252522%25253A%2525222026-07-14T06%25253A01%25253A55Z%252522%25250A%252509%252509%252509%252509%252509%252509%252509%25257D%25252C%25250A%252509%252509%252509%252509%252509%252509%252509%25257B%25250A%252509%252509%252509%252509%252509%252509%252509%252509%252522Value%252522%25253A%2525220.0%2525260.01%2525260.0%252522%25252C%25250A%252509%252509%252509%252509%252509%252509%252509%252509%252522Date%252522%25253A%2525222026-07-14T06%25253A02%25253A00Z%252522%25250A%252509%252509%252509%252509%252509%252509%252509%25257D%25252C%25250A%252509%252509%252509%252509%252509%252509%252509%25257B%25250A%252509%252509%252509%252509%252509%252509%252509%252509%252522Value%252522%25253A%2525220.0%2525260.0%2525260.0%252522%25252C%25250A%252509%252509%252509%252509%252509%252509%252509%252509%252522Date%252522%25253A%2525222026-07-14T06%25253A02%25253A05Z%252522%25250A%252509%252509%252509%252509%252509%252509%252509%25257D%25252C%25250A%252509%252509%252509%252509%252509%252509%252509%25257B%25250A%252509%252509%252509%252509%252509%252509%252509%252509%252522Value%252522%25253A%2525220.0%2525260.01%2525260.0%252522%25252C%25250A%252509%252509%252509%252509%252509%252509%252509%252509%252522Date%252522%25253A%2525222026-07-14T06%25253A02%25253A10Z%252522%25250A%252509%252509%252509%252509%252509%252509%252509%25257D%25252C%25250A%252509%252509%252509%252509%252509%252509%252509%25257B%25250A%252509%252509%252509%252509%252509%252509%252509%252509%252522Value%252522%25253A%2525220.0%2525260.0%2525260.0%252522%25252C%25250A%252509%252509%252509%252509%252509%252509%252509%252509%252522Date%252522%25253A%2525222026-07-14T06%25253A02%25253A15Z%252522%25250A%252509%252509%252509%252509%252509%252509%252509%25257D%25252C%25250A%252509%252509%252509%252509%252509%252509%252509%25257B%25250A%252509%252509%252509%252509%252509%252509%252509%252509%252522Value%252522%25253A%2525220.0%2525260.01%2525260.0%252522%25252C%25250A%252509%252509%252509%252509%252509%252509%252509%252509%252522Date%252522%25253A%2525222026-07-14T06%25253A02%25253A20Z%252522%25250A%252509%252509%252509%252509%252509%252509%252509%25257D%25252C%25250A%252509%252509%252509%252509%252509%252509%252509%25257B%25250A%252509%252509%252509%252509%252509%252509%252509%252509%252522Value%252522%25253A%2525220.0%2525263.2%2525263.2%252522%25252C%25250A%252509%252509%252509%252509%252509%252509%252509%252509%252522Date%252522%25253A%2525222026-07-14T06%25253A02%25253A25Z%252522%25250A%252509%252509%252509%252509%252509%252509%252509%25257D%25252C%25250A%252509%252509%252509%252509%252509%252509%252509%25257B%25250A%252509%252509%252509%252509%252509%252509%252509%252509%252522Value%252522%25253A%2525220.0%2525260.01%2525260.0%252522%25252C%25250A%252509%252509%252509%252509%252509%252509%252509%252509%252522Date%252522%25253A%2525222026-07-14T06%25253A02%25253A30Z%252522%25250A%252509%252509%252509%252509%252509%252509%252509%25257D%25252C%25250A%252509%252509%252509%252509%252509%252509%252509%25257B%25250A%252509%252509%252509%252509%252509%252509%252509%252509%252522Value%252522%25253A%2525220.0%2525260.0%2525260.0%252522%25252C%25250A%252509%252509%252509%252509%252509%252509%252509%252509%252522Date%252522%25253A%2525222026-07-14T06%25253A02%25253A35Z%252522%25250A%252509%252509%252509%252509%252509%252509%252509%25257D%25252C%25250A%252509%252509%252509%252509%252509%252509%252509%25257B%25250A%252509%252509%252509%252509%252509%252509%252509%252509%252522Value%252522%25253A%2525220.0%2525260.01%2525260.0%252522%25252C%25250A%252509%252509%252509%252509%252509%252509%252509%252509%252522Date%252522%25253A%2525222026-07-14T06%25253A02%25253A40Z%252522%25250A%252509%252509%252509%252509%252509%252509%252509%25257D%25252C%25250A%252509%252509%252509%252509%252509%252509%252509%25257B%25250A%252509%252509%252509%252509%252509%252509%252509%252509%252522Value%252522%25253A%2525220.0%2525260.0%2525260.0%252522%25252C%25250A%252509%252509%252509%252509%252509%252509%252509%252509%252522Date%252522%25253A%2525222026-07-14T06%25253A02%25253A45Z%252522%25250A%252509%252509%252509%252509%252509%252509%252509%25257D%25252C%25250A%252509%252509%252509%252509%252509%252509%252509%25257B%25250A%252509%252509%252509%252509%252509%252509%252509%252509%252522Value%252522%25253A%2525220.0%2525260.01%2525260.01%252522%25252C%25250A%252509%252509%252509%252509%252509%252509%252509%252509%252522Date%252522%25253A%2525222026-07-14T06%25253A02%25253A50Z%252522%25250A%252509%252509%252509%252509%252509%252509%252509%25257D%25252C%25250A%252509%252509%252509%252509%252509%252509%252509%25257B%25250A%252509%252509%252509%252509%252509%252509%252509%252509%252522Value%252522%25253A%2525220.0%2525260.0%2525260.0%252522%25252C%25250A%252509%252509%252509%252509%252509%252509%252509%252509%252522Date%252522%25253A%2525222026-07-14T06%25253A02%25253A55Z%252522%25250A%252509%252509%252509%252509%252509%252509%252509%25257D%25252C%25250A%252509%252509%252509%252509%252509%252509%252509%25257B%25250A%252509%252509%252509%252509%252509%252509%252509%252509%252522Value%252522%25253A%2525220.0%2525260.01%2525260.0%252522%25252C%25250A%252509%252509%252509%252509%252509%252509%252509%252509%252522Date%252522%25253A%2525222026-07-14T06%25253A03%25253A00Z%252522%25250A%252509%252509%252509%252509%252509%252509%252509%25257D%25252C%25250A%252509%252509%252509%252509%252509%252509%252509%25257B%25250A%252509%252509%252509%252509%252509%252509%252509%252509%252522Value%252522%25253A%2525220.0%2525260.0%2525260.0%252522%25252C%25250A%252509%252509%252509%252509%252509%252509%252509%252509%252522Date%252522%25253A%2525222026-07-14T06%25253A03%25253A05Z%252522%25250A%252509%252509%252509%252509%252509%252509%252509%25257D%25252C%25250A%252509%252509%252509%252509%252509%252509%252509%25257B%25250A%252509%252509%252509%252509%252509%252509%252509%252509%252522Value%252522%25253A%2525220.0%2525260.01%2525260.0%252522%25252C%25250A%252509%252509%252509%252509%252509%252509%252509%252509%252522Date%252522%25253A%2525222026-07-14T06%25253A03%25253A10Z%252522%25250A%252509%252509%252509%252509%252509%252509%252509%25257D%25252C%25250A%252509%252509%252509%252509%252509%252509%252509%25257B%25250A%252509%252509%252509%252509%252509%252509%252509%252509%252522Value%252522%25253A%2525220.0%2525260.0%2525260.0%252522%25252C%25250A%252509%252509%252509%252509%252509%252509%252509%252509%252522Date%252522%25253A%2525222026-07-14T06%25253A03%25253A15Z%252522%25250A%252509%252509%252509%252509%252509%252509%252509%25257D%25252C%25250A%252509%252509%252509%252509%252509%252509%252509%25257B%25250A%252509%252509%252509%252509%252509%252509%252509%252509%252522Value%252522%25253A%2525220.0%2525260.01%2525260.0%252522%25252C%25250A%252509%252509%252509%252509%252509%252509%252509%252509%252522Date%252522%25253A%2525222026-07-14T06%25253A03%25253A20Z%252522%25250A%252509%252509%252509%252509%252509%252509%252509%25257D%25252C%25250A%252509%252509%252509%252509%252509%252509%252509%25257B%25250A%252509%252509%252509%252509%252509%252509%252509%252509%252522Value%252522%25253A%2525220.0%2525260.0%2525260.0%252522%25252C%25250A%252509%252509%252509%252509%252509%252509%252509%252509%252522Date%252522%25253A%2525222026-07-14T06%25253A03%25253A25Z%252522%25250A%252509%252509%252509%252509%252509%252509%252509%25257D%25252C%25250A%252509%252509%252509%252509%252509%252509%252509%25257B%25250A%252509%252509%252509%252509%252509%252509%252509%252509%252522Value%252522%25253A%2525220.0%2525260.01%2525260.0%252522%25252C%25250A%252509%252509%252509%252509%252509%252509%252509%252509%252522Date%252522%25253A%2525222026-07-14T06%25253A03%25253A30Z%252522%25250A%252509%252509%252509%252509%252509%252509%252509%25257D%25252C%25250A%252509%252509%252509%252509%252509%252509%252509%25257B%25250A%252509%252509%252509%252509%252509%252509%252509%252509%252522Value%252522%25253A%2525220.0%2525260.0%2525260.0%252522%25252C%25250A%252509%252509%252509%252509%252509%252509%252509%252509%252522Date%252522%25253A%2525222026-07-14T06%25253A03%25253A35Z%252522%25250A%252509%252509%252509%252509%252509%252509%252509%25257D%25252C%25250A%252509%252509%252509%252509%252509%252509%252509%25257B%25250A%252509%252509%252509%252509%252509%252509%252509%252509%252522Value%252522%25253A%2525220.0%2525260.01%2525260.0%252522%25252C%25250A%252509%252509%252509%252509%252509%252509%252509%252509%252522Date%252522%25253A%2525222026-07-14T06%25253A03%25253A40Z%252522%25250A%252509%252509%252509%252509%252509%252509%252509%25257D%25252C%25250A%252509%252509%252509%252509%252509%252509%252509%25257B%25250A%252509%252509%252509%252509%252509%252509%252509%252509%252522Value%252522%25253A%2525220.0%2525260.0%2525260.0%252522%25252C%25250A%252509%252509%252509%252509%252509%252509%252509%252509%252522Date%252522%25253A%2525222026-07-14T06%25253A03%25253A45Z%252522%25250A%252509%252509%252509%252509%252509%252509%252509%25257D%25252C%25250A%252509%252509%252509%252509%252509%252509%252509%25257B%25250A%252509%252509%252509%252509%252509%252509%252509%252509%252522Value%252522%25253A%2525220.0%2525260.01%2525260.0%252522%25252C%25250A%252509%252509%252509%252509%252509%252509%252509%252509%252522Date%252522%25253A%2525222026-07-14T06%25253A03%25253A50Z%252522%25250A%252509%252509%252509%252509%252509%252509%252509%25257D%25252C%25250A%252509%252509%252509%252509%252509%252509%252509%25257B%25250A%252509%252509%252509%252509%252509%252509%252509%252509%252522Value%252522%25253A%2525220.0%2525260.0%2525260.0%252522%25252C%25250A%252509%252509%252509%252509%252509%252509%252509%252509%252522Date%252522%25253A%2525222026-07-14T06%25253A03%25253A55Z%252522%25250A%252509%252509%252509%252509%252509%252509%252509%25257D%25252C%25250A%252509%252509%252509%252509%252509%252509%252509%25257B%25250A%252509%252509%252509%252509%252509%252509%252509%252509%252522Value%252522%25253A%2525220.0%2525260.01%2525260.0%252522%25252C%25250A%252509%252509%252509%252509%252509%252509%252509%252509%252522Date%252522%25253A%2525222026-07-14T06%25253A04%25253A00Z%252522%25250A%252509%252509%252509%252509%252509%252509%252509%25257D%25252C%25250A%252509%252509%252509%252509%252509%252509%252509%25257B%25250A%252509%252509%252509%252509%252509%252509%252509%252509%252522Value%252522%25253A%2525220.0%2525260.0%2525260.0%252522%25252C%25250A%252509%252509%252509%252509%252509%252509%252509%252509%252522Date%252522%25253A%2525222026-07-14T06%25253A04%25253A05Z%252522%25250A%252509%252509%252509%252509%252509%252509%252509%25257D%25252C%25250A%252509%252509%252509%252509%252509%252509%252509%25257B%25250A%252509%252509%252509%252509%252509%252509%252509%252509%252522Value%252522%25253A%2525220.0%2525260.01%2525260.0%252522%25252C%25250A%252509%252509%252509%252509%252509%252509%252509%252509%252522Date%252522%25253A%2525222026-07-14T06%25253A04%25253A10Z%252522%25250A%252509%252509%252509%252509%252509%252509%252509%25257D%25252C%25250A%252509%252509%252509%252509%252509%252509%252509%25257B%25250A%252509%252509%252509%252509%252509%252509%252509%252509%252522Value%252522%25253A%2525220.0%2525260.0%2525260.0%252522%25252C%25250A%252509%252509%252509%252509%252509%252509%252509%252509%252522Date%252522%25253A%2525222026-07-14T06%25253A04%25253A15Z%252522%25250A%252509%252509%252509%252509%252509%252509%252509%25257D%25252C%25250A%252509%252509%252509%252509%252509%252509%252509%25257B%25250A%252509%252509%252509%252509%252509%252509%252509%252509%252522Value%252522%25253A%2525220.0%2525260.01%2525260.0%252522%25252C%25250A%252509%252509%252509%252509%252509%252509%252509%252509%252522Date%252522%25253A%2525222026-07-14T06%25253A04%25253A20Z%252522%25250A%252509%252509%252509%252509%252509%252509%252509%25257D%25252C%25250A%252509%252509%252509%252509%252509%252509%252509%25257B%25250A%252509%252509%252509%252509%252509%252509%252509%252509%252522Value%252522%25253A%2525220.0%2525260.0%2525260.0%252522%25252C%25250A%252509%252509%252509%252509%252509%252509%252509%252509%252522Date%252522%25253A%2525222026-07-14T06%25253A04%25253A25Z%252522%25250A%252509%252509%252509%252509%252509%252509%252509%25257D%25252C%25250A%252509%252509%252509%252509%252509%252509%252509%25257B%25250A%252509%252509%252509%252509%252509%252509%252509%252509%252522Value%252522%25253A%2525220.0%2525260.01%2525260.0%252522%25252C%25250A%252509%252509%252509%252509%252509%252509%252509%252509%252522Date%252522%25253A%2525222026-07-14T06%25253A04%25253A30Z%252522%25250A%252509%252509%252509%252509%252509%252509%252509%25257D%25252C%25250A%252509%252509%252509%252509%252509%252509%252509%25257B%25250A%252509%252509%252509%252509%252509%252509%252509%252509%252522Value%252522%25253A%2525220.0%2525260.0%2525260.0%252522%25252C%25250A%252509%252509%252509%252509%252509%252509%252509%252509%252522Date%252522%25253A%2525222026-07-14T06%25253A04%25253A35Z%252522%25250A%252509%252509%252509%252509%252509%252509%252509%25257D%25252C%25250A%252509%252509%252509%252509%252509%252509%252509%25257B%25250A%252509%252509%252509%252509%252509%252509%252509%252509%252522Value%252522%25253A%2525220.0%2525260.01%2525260.0%252522%25252C%25250A%252509%252509%252509%252509%252509%252509%252509%252509%252522Date%252522%25253A%2525222026-07-14T06%25253A04%25253A40Z%252522%25250A%252509%252509%252509%252509%252509%252509%252509%25257D%25252C%25250A%252509%252509%252509%252509%252509%252509%252509%25257B%25250A%252509%252509%252509%252509%252509%252509%252509%252509%252522Value%252522%25253A%2525220.0%2525260.0%2525260.0%252522%25252C%25250A%252509%252509%252509%252509%252509%252509%252509%252509%252522Date%252522%25253A%2525222026-07-14T06%25253A04%25253A45Z%252522%25250A%252509%252509%252509%252509%252509%252509%252509%25257D%25252C%25250A%252509%252509%252509%252509%252509%252509%252509%25257B%25250A%252509%252509%252509%252509%252509%252509%252509%252509%252522Value%252522%25253A%2525220.0%2525260.01%2525260.0%252522%25252C%25250A%252509%252509%252509%252509%252509%252509%252509%252509%252522Date%252522%25253A%2525222026-07-14T06%25253A04%25253A50Z%252522%25250A%252509%252509%252509%252509%252509%252509%252509%25257D%25252C%25250A%252509%252509%252509%252509%252509%252509%252509%25257B%25250A%252509%252509%252509%252509%252509%252509%252509%252509%252522Value%252522%25253A%2525220.0%2525260.0%2525260.0%252522%25252C%25250A%252509%252509%252509%252509%252509%252509%252509%252509%252522Date%252522%25253A%2525222026-07-14T06%25253A04%25253A55Z%252522%25250A%252509%252509%252509%252509%252509%252509%252509%25257D%25252C%25250A%252509%252509%252509%252509%252509%252509%252509%25257B%25250A%252509%252509%252509%252509%252509%252509%252509%252509%252522Value%252522%25253A%2525220.0%2525260.01%2525260.0%252522%25252C%25250A%252509%252509%252509%252509%252509%252509%252509%252509%252522Date%252522%25253A%2525222026-07-14T06%25253A05%25253A00Z%252522%25250A%252509%252509%252509%252509%252509%252509%252509%25257D%25252C%25250A%252509%252509%252509%252509%252509%252509%252509%25257B%25250A%252509%252509%252509%252509%252509%252509%252509%252509%252522Value%252522%25253A%2525220.0%2525260.0%2525260.0%252522%25252C%25250A%252509%252509%252509%252509%252509%252509%252509%252509%252522Date%252522%25253A%2525222026-07-14T06%25253A05%25253A05Z%252522%25250A%252509%252509%252509%252509%252509%252509%252509%25257D%25252C%25250A%252509%252509%252509%252509%252509%252509%252509%25257B%25250A%252509%252509%252509%252509%252509%252509%252509%252509%252522Value%252522%25253A%2525220.0%2525260.01%2525260.0%252522%25252C%25250A%252509%252509%252509%252509%252509%252509%252509%252509%252522Date%252522%25253A%2525222026-07-14T06%25253A05%25253A10Z%252522%25250A%252509%252509%252509%252509%252509%252509%252509%25257D%25252C%25250A%252509%252509%252509%252509%252509%252509%252509%25257B%25250A%252509%252509%252509%252509%252509%252509%252509%252509%252522Value%252522%25253A%2525220.0%2525260.0%2525260.0%252522%25252C%25250A%252509%252509%252509%252509%252509%252509%252509%252509%252522Date%252522%25253A%2525222026-07-14T06%25253A05%25253A15Z%252522%25250A%252509%252509%252509%252509%252509%252509%252509%25257D%25252C%25250A%252509%252509%252509%252509%252509%252509%252509%25257B%25250A%252509%252509%252509%252509%252509%252509%252509%252509%252522Value%252522%25253A%2525220.0%2525260.01%2525260.0%252522%25252C%25250A%252509%252509%252509%252509%252509%252509%252509%252509%252522Date%252522%25253A%2525222026-07-14T06%25253A05%25253A20Z%252522%25250A%252509%252509%252509%252509%252509%252509%252509%25257D%25252C%25250A%252509%252509%252509%252509%252509%252509%252509%25257B%25250A%252509%252509%252509%252509%252509%252509%252509%252509%252522Value%252522%25253A%2525220.0%2525260.0%2525260.0%252522%25252C%25250A%252509%252509%252509%252509%252509%252509%252509%252509%252522Date%252522%25253A%2525222026-07-14T06%25253A05%25253A25Z%252522%25250A%252509%252509%252509%252509%252509%252509%252509%25257D%25252C%25250A%252509%252509%252509%252509%252509%252509%252509%25257B%25250A%252509%252509%252509%252509%252509%252509%252509%252509%252522Value%252522%25253A%2525220.0%2525260.01%2525260.0%252522%25252C%25250A%252509%252509%252509%252509%252509%252509%252509%252509%252522Date%252522%25253A%2525222026-07-14T06%25253A05%25253A30Z%252522%25250A%252509%252509%252509%252509%252509%252509%252509%25257D%25252C%25250A%252509%252509%252509%252509%252509%252509%252509%25257B%25250A%252509%252509%252509%252509%252509%252509%252509%252509%252522Value%252522%25253A%2525220.0%2525260.0%2525260.0%252522%25252C%25250A%252509%252509%252509%252509%252509%252509%252509%252509%252522Date%252522%25253A%2525222026-07-14T06%25253A05%25253A35Z%252522%25250A%252509%252509%252509%252509%252509%252509%252509%25257D%25252C%25250A%252509%252509%252509%252509%252509%252509%252509%25257B%25250A%252509%252509%252509%252509%252509%252509%252509%252509%252522Value%252522%25253A%2525220.0%2525260.01%2525260.0%252522%25252C%25250A%252509%252509%252509%252509%252509%252509%252509%252509%252522Date%252522%25253A%2525222026-07-14T06%25253A05%25253A40Z%252522%25250A%252509%252509%252509%252509%252509%252509%252509%25257D%25252C%25250A%252509%252509%252509%252509%252509%252509%252509%25257B%25250A%252509%252509%252509%252509%252509%252509%252509%252509%252522Value%252522%25253A%2525220.0%2525260.0%2525260.0%252522%25252C%25250A%252509%252509%252509%252509%252509%252509%252509%252509%252522Date%252522%25253A%2525222026-07-14T06%25253A05%25253A45Z%252522%25250A%252509%252509%252509%252509%252509%252509%252509%25257D%25252C%25250A%252509%252509%252509%252509%252509%252509%252509%25257B%25250A%252509%252509%252509%252509%252509%252509%252509%252509%252522Value%252522%25253A%2525220.0%2525260.01%2525260.0%252522%25252C%25250A%252509%252509%252509%252509%252509%252509%252509%252509%252522Date%252522%25253A%2525222026-07-14T06%25253A05%25253A50Z%252522%25250A%252509%252509%252509%252509%252509%252509%252509%25257D%25252C%25250A%252509%252509%252509%252509%252509%252509%252509%25257B%25250A%252509%252509%252509%252509%252509%252509%252509%252509%252522Value%252522%25253A%2525220.0%2525260.0%2525260.0%252522%25252C%25250A%252509%252509%252509%252509%252509%252509%252509%252509%252522Date%252522%25253A%2525222026-07-14T06%25253A05%25253A55Z%252522%25250A%252509%252509%252509%252509%252509%252509%252509%25257D%25252C%25250A%252509%252509%252509%252509%252509%252509%252509%25257B%25250A%252509%252509%252509%252509%252509%252509%252509%252509%252522Value%252522%25253A%2525220.0%2525260.01%2525260.0%252522%25252C%25250A%252509%252509%252509%252509%252509%252509%252509%252509%252522Date%252522%25253A%2525222026-07-14T06%25253A06%25253A00Z%252522%25250A%252509%252509%252509%252509%252509%252509%252509%25257D%25252C%25250A%252509%252509%252509%252509%252509%252509%252509%25257B%25250A%252509%252509%252509%252509%252509%252509%252509%252509%252522Value%252522%25253A%2525220.0%2525260.0%2525260.0%252522%25252C%25250A%252509%252509%252509%252509%252509%252509%252509%252509%252522Date%252522%25253A%2525222026-07-14T06%25253A06%25253A05Z%252522%25250A%252509%252509%252509%252509%252509%252509%252509%25257D%25252C%25250A%252509%252509%252509%252509%252509%252509%252509%25257B%25250A%252509%252509%252509%252509%252509%252509%252509%252509%252522Value%252522%25253A%2525220.0%2525260.01%2525260.0%252522%25252C%25250A%252509%252509%252509%252509%252509%252509%252509%252509%252522Date%252522%25253A%2525222026-07-14T06%25253A06%25253A10Z%252522%25250A%252509%252509%252509%252509%252509%252509%252509%25257D%25252C%25250A%252509%252509%252509%252509%252509%252509%252509%25257B%25250A%252509%252509%252509%252509%252509%252509%252509%252509%252522Value%252522%25253A%2525220.0%2525260.0%2525260.0%252522%25252C%25250A%252509%252509%252509%252509%252509%252509%252509%252509%252522Date%252522%25253A%2525222026-07-14T06%25253A06%25253A15Z%252522%25250A%252509%252509%252509%252509%252509%252509%252509%25257D%25252C%25250A%252509%252509%252509%252509%252509%252509%252509%25257B%25250A%252509%252509%252509%252509%252509%252509%252509%252509%252522Value%252522%25253A%2525220.0%2525260.01%2525260.0%252522%25252C%25250A%252509%252509%252509%252509%252509%252509%252509%252509%252522Date%252522%25253A%2525222026-07-14T06%25253A06%25253A20Z%252522%25250A%252509%252509%252509%252509%252509%252509%252509%25257D%25252C%25250A%252509%252509%252509%252509%252509%252509%252509%25257B%25250A%252509%252509%252509%252509%252509%252509%252509%252509%252522Value%252522%25253A%2525220.0%2525260.0%2525260.0%252522%25252C%25250A%252509%252509%252509%252509%252509%252509%252509%252509%252522Date%252522%25253A%2525222026-07-14T06%25253A06%25253A25Z%252522%25250A%252509%252509%252509%252509%252509%252509%252509%25257D%25252C%25250A%252509%252509%252509%252509%252509%252509%252509%25257B%25250A%252509%252509%252509%252509%252509%252509%252509%252509%252522Value%252522%25253A%2525220.0%2525260.01%2525260.0%252522%25252C%25250A%252509%252509%252509%252509%252509%252509%252509%252509%252522Date%252522%25253A%2525222026-07-14T06%25253A06%25253A30Z%252522%25250A%252509%252509%252509%252509%252509%252509%252509%25257D%25252C%25250A%252509%252509%252509%252509%252509%252509%252509%25257B%25250A%252509%252509%252509%252509%252509%252509%252509%252509%252522Value%252522%25253A%2525220.0%2525260.0%2525260.0%252522%25252C%25250A%252509%252509%252509%252509%252509%252509%252509%252509%252522Date%252522%25253A%2525222026-07-14T06%25253A06%25253A35Z%252522%25250A%252509%252509%252509%252509%252509%252509%252509%25257D%25252C%25250A%252509%252509%252509%252509%252509%252509%252509%25257B%25250A%252509%252509%252509%252509%252509%252509%252509%252509%252522Value%252522%25253A%2525220.0%2525260.01%2525260.0%252522%25252C%25250A%252509%252509%252509%252509%252509%252509%252509%252509%252522Date%252522%25253A%2525222026-07-14T06%25253A06%25253A40Z%252522%25250A%252509%252509%252509%252509%252509%252509%252509%25257D%25252C%25250A%252509%252509%252509%252509%252509%252509%252509%25257B%25250A%252509%252509%252509%252509%252509%252509%252509%252509%252522Value%252522%25253A%2525220.0%2525260.0%2525260.0%252522%25252C%25250A%252509%252509%252509%252509%252509%252509%252509%252509%252522Date%252522%25253A%2525222026-07-14T06%25253A06%25253A45Z%252522%25250A%252509%252509%252509%252509%252509%252509%252509%25257D%25252C%25250A%252509%252509%252509%252509%252509%252509%252509%25257B%25250A%252509%252509%252509%252509%252509%252509%252509%252509%252522Value%252522%25253A%2525220.0%2525260.01%2525260.0%252522%25252C%25250A%252509%252509%252509%252509%252509%252509%252509%252509%252522Date%252522%25253A%2525222026-07-14T06%25253A06%25253A50Z%252522%25250A%252509%252509%252509%252509%252509%252509%252509%25257D%25252C%25250A%252509%252509%252509%252509%252509%252509%252509%25257B%25250A%252509%252509%252509%252509%252509%252509%252509%252509%252522Value%252522%25253A%2525220.0%2525260.0%2525260.0%252522%25252C%25250A%252509%252509%252509%252509%252509%252509%252509%252509%252522Date%252522%25253A%2525222026-07-14T06%25253A06%25253A55Z%252522%25250A%252509%252509%252509%252509%252509%252509%252509%25257D%25252C%25250A%252509%252509%252509%252509%252509%252509%252509%25257B%25250A%252509%252509%252509%252509%252509%252509%252509%252509%252522Value%252522%25253A%2525220.0%2525260.01%2525260.0%252522%25252C%25250A%252509%252509%252509%252509%252509%252509%252509%252509%252522Date%252522%25253A%2525222026-07-14T06%25253A07%25253A00Z%252522%25250A%252509%252509%252509%252509%252509%252509%252509%25257D%25252C%25250A%252509%252509%252509%252509%252509%252509%252509%25257B%25250A%252509%252509%252509%252509%252509%252509%252509%252509%252522Value%252522%25253A%2525220.0%2525260.0%2525260.0%252522%25252C%25250A%252509%252509%252509%252509%252509%252509%252509%252509%252522Date%252522%25253A%2525222026-07-14T06%25253A07%25253A05Z%252522%25250A%252509%252509%252509%252509%252509%252509%252509%25257D%25252C%25250A%252509%252509%252509%252509%252509%252509%252509%25257B%25250A%252509%252509%252509%252509%252509%252509%252509%252509%252522Value%252522%25253A%2525220.0%2525260.01%2525260.0%252522%25252C%25250A%252509%252509%252509%252509%252509%252509%252509%252509%252522Date%252522%25253A%2525222026-...%2526headers%253D%25257B%252522Content-Type%252522%25253A%252522application%25252Fx-www-form-urlencoded%252522%25257D%2526rtype%253Dxhr%2526plugin_version%253D3.2.4%2526ts%253D1784012328693%2526type%253Dapi%26cache%3D44acc30%26jsver%3Daplus.js%26lver%3D1.13.27%26customSdkId%3D%26platformType%3Dpc%26device_model%3DMacintosh%26os%3DMac%20OS%20X%26os_version%3D10.15.7%26o%3Dmac%26w%3Dwebkit%26s%3D1280x720%26scr%3D1280x720%26m%3D%26ism%3Dmac%26p%3D1%26b%3Dchrome149%26tag%3D0%26stag%3D-3%26lstag%3D-1%26_g_encode%3Dutf-8&cna=&spm-cnt=5176.19908494.0.0.52d91450cxuUDN&spm-url=5176.28369458.0.0.36961450Jepyio&_gr_uid_=1048726631550559&uidaplus=1048726631550559&logtype=2&scr=1280x720&_p_url=https%3A%2F%2Frdsnext.console.aliyun.com%2Fdetail%2Fpgm-wz9t7bv5jsk55jh1%2FmonitorAlarm%3Fspm%3D5176.28369458.0.0.36961450Jepyio%26region%3Dcn-shenzhen%26DedicatedHostGroupId%3D:0
[ 2699692ms] [ERROR] Failed to load resource: net::ERR_CONNECTION_CLOSED @ https://d-gm.mmstat.com/aes.1.1?gmkey=EXP&gokey=uidaplus%3D1048726631550559%26spm-url%3D5176.28369458.0.0.36961450Jepyio%26spm-pre%3D%26spm-cnt%3D5176.19908494.0.0.52d91450cxuUDN%26_f_t%3Dfalse%26pid%3Drdsnext%26sdk_version%3D3.3.18%26pv_id%3DLJQGceZrM3uv2y5lenKW%26timezone_offset%3D-480%26title%3DRDS%25E7%25AE%25A1%25E7%2590%2586%25E6%258E%25A7%25E5%2588%25B6%25E5%258F%25B0%26spm_a%3D5176%26spm_b%3D19908494%26dpi%3D1%26sr%3D1280x720%26platform%3Dweb%26language%3Den-US%26user_type%3D6%26uid%3D1048726631550559%26env%3Dprod%26downlink%3D10%26net_type%3D4g%26page_id%3D%252Fdetail%252F%253ADBInstanceId%252FmonitorAlarm%26user_agent_data%3D%257B%2522mobile%2522%253Afalse%252C%2522model%2522%253A%2522%2522%252C%2522platform%2522%253A%2522macOS%2522%252C%2522platformVersion%2522%253A%252226.5.2%2522%252C%2522fullVersionList%2522%253A%255B%257B%2522brand%2522%253A%2522Google%2520Chrome%2522%252C%2522version%2522%253A%2522149.0.7827.201%2522%257D%252C%257B%2522brand%2522%253A%2522Chromium%2522%252C%2522version%2522%253A%2522149.0.7827.201%2522%257D%252C%257B%2522brand%2522%253A%2522Not)A%253BBrand%2522%252C%2522version%2522%253A%252224.0.0.0%2522%257D%255D%257D%26origin_url%3Dhttps%253A%252F%252Frdsnext.console.aliyun.com%252Fdetail%252Fpgm-wz9t7bv5jsk55jh1%252FmonitorAlarm%253Fspm%253D5176.28369458.0.0.36961450Jepyio%2526region%253Dcn-shenzhen%2526DedicatedHostGroupId%253D%26msg%3Durl%253DDescribeDBInstancePerformance%2526method%253DPOST%2526success%253Dtrue%2526msg%253D019F5F6B-CD1F-506E-82D9-F11E800249F5%2526status%253D200%2526code%253D200%2526duration%253D738%2526trace_id%253D0bc3b4ae17840123281808495e413e%2526params%253D__action%25253DDescribeDBInstancePerformance%2526body%253Dproduct%25253Drds%252526action%25253DDescribeDBInstancePerformance%252526params%25253D%2525257B%25252522StartTime%25252522%2525253A%252525222026-07-14T05%2525253A58Z%25252522%2525252C%25252522EndTime%25252522%2525253A%252525222026-07-14T06%2525253A58Z%25252522%2525252C%25252522key%25252522%2525253A%25252522PgSQLLocalDiskUsage%25252522%2525252C%25252522dBInstanceId%25252522%2525253A%25252522pgm-wz9t7bv5jsk55jh1%25252522%2525252C%25252522UseNullWhenMissingPoint%25252522%2525253Atrue%2525252C%25252522RegionId%25252522%2525253A%25252522cn-shenzhen%25252522%2525257D%252526sec_token%25253DeIrlFmLDgToEOzMPbhI438%252526umid%25253DY29b3ca4c152f1edb542c34bd8848d7a8%252526collina%25253D140%25252523ekrrF2YlzzZzmQo2LZLuC3SdvMUfLT%2525252Bs2FjMgavg6d%2525252BezgCu9dDSUEvj2YGRnrTidUdtbWifsNrSWWInIw2gk5GBhFLam3hqzzcH8sOBvG1zzWDFiHEulFzx2DD3VtgqQ3haPPm250EacqPVyrirCBhGPQsy4SEDcNa4fxKNhU%2525252Fs%2525252BBv0JVL2qkgef9s9c88N3LwoAZKIY0Cb3YfYNypfXJERCL2eDAqG4XCJCU4k1cET47bUsExXX%2525252B7CwqF1zCqAKh7Vwy7LGC0dLzcraz9pPmWVt53%2525252BjSoFLpcF%2525252FdhSTEJ7mBl9Oypnj4Wk%2525252F7fIooYEH4j%2525252BqACV6vmvHhly9eLmXqm8XKSNBbYpF3uEXcmxvMKSF2bMEPGqnTnZXEuCAcaZF9bGXSEd0EnqZWr%2525252F8n28tBg%2525252BRbbBCfYGWHseBDNJSIJPWE2WQ0zkumVzjmbtAPBTP%2525252F%2525252BBjAc1ynh2P7QK581bu%2525252BNJQ2zzfZBHfGMwQE%2525252Fg9rYXqG0q65eQDNP3TLeZ%2525252BzaTXXPlTUwbJfwfX7YPYZLTc3ax6XZtKVK9RkPB6v7WNA82BmHK1xebotvpgYdxmENpBJjCkDYHpQYDjZHoGvpNxjnbki%2525252BvWfvaeznV3AyXr7%2525252FfzqsewAb%2525252BatFxVoARwzqIezcZ3AyXHXEfzPrSV1h%2525252FtFzz2P%2525252Bt76CZ8u7y2X5grQyWOSvZrI7ZbsQSkVyUq2CF4jP9QO7ubpQIGhh%2525252BjaFsWSORGQv3o62ih%2525252FS7LFyXkOSmiqQR7vpJz3x2%2525252B9XmBbW1I7LW1ZozqRK%2525252BTe8wMITp%2525252Bw83a3aVvOXhzkVwoiUKRjc5%2525252BHzJ%2525252FUmjQh%2525252BDQRIT3uz3sfg1u5ux%2525252FcpeMInRcoIlGL7WtOqsxTmfBQDziEd3b7lMV9v6s3SkLtAGzBbxRbknY2%2525252BDPFC2GLN%2525252Bqf%2525252Bp2AwUk5KBSUF%2525252BIqGaABPhso7oASvoyb37%2525252BkkzcH5DAVSx%2525252BDgjapQIFSkxJ1lwYmVFoUIkiEASZho%2525252BdYuyQRMnx2vQLa4I%2525252BUIFe3dRJDtw6T%2525252FPRsE1NVdiPMjvKiXwTxncVNfyA2ZJ4PTj6TOoamx1e3uHvM2PxGnzTdRpkj1lWBNDw73OKMcSZQ4RXf3qZu%2525252Fyj%2525252BGS8hxgt0pPY7m9pM3dkZXpu%2525252BlR7LPcnYzuZRGBKFNqYvRJpwn76JJ6nowzh0bXC1nfBF%2525252BfIEN1tM9HCx4fJpQbHO3Rn%2525252FaGoiHZZcNgKILGhfYedxQHYWaU8ar0TPwg0TIldbFboG7XQ85xYgzcdQhrNs3WPL8KBcYHg6kwEpsokWjpp0b0uo2G3gfbD3jxTHHNRnD%2525252BhYIxX9%2525252BGGyYljd6oDhOBB%2525252B7flRf6A%2525252FjXfJuKsUspOJO9tJ4cCGXoxgj6hs%2525252BYxdufvzrkiZdEmge1EiOJ9ndZuGeZXGDd6Ft3qpvFaUf2QNyTapEfP%2525252FN5TZHURwYkpFXnLOL3ZpmzgKH5IfenEtUSEFW96TXMERmpxuf%2525253D%252526region%25253Dcn-shenzhen%2526response%253D%25257B%25250A%252509%252522code%252522%25253A%252522200%252522%25252C%25250A%252509%252522data%252522%25253A%25257B%25250A%252509%252509%252522PerformanceKeys%252522%25253A%25257B%25250A%252509%252509%252509%252522PerformanceKey%252522%25253A%25255B%25250A%252509%252509%252509%252509%25257B%25250A%252509%252509%252509%252509%252509%252522ValueFormat%252522%25253A%252522mean_local_base_dir_size%252526mean_local_pg_log_dir_size%252526mean_local_pg_wal_dir_size%252522%25252C%25250A%252509%252509%252509%252509%252509%252522Values%252522%25253A%25257B%25250A%252509%252509%252509%252509%252509%252509%252522PerformanceValue%252522%25253A%25255B%25250A%252509%252509%252509%252509%252509%252509%252509%25257B%25250A%252509%252509%252509%252509%252509%252509%252509%252509%252522Value%252522%25253A%25252265.0%25252619.0%2525262112.0%252522%25252C%25250A%252509%252509%252509%252509%252509%252509%252509%252509%252522Date%252522%25253A%2525222026-07-14T05%25253A58%25253A00Z%252522%25250A%252509%252509%252509%252509%252509%252509%252509%25257D%25252C%25250A%252509%252509%252509%252509%252509%252509%252509%25257B%25250A%252509%252509%252509%252509%252509%252509%252509%252509%252522Value%252522%25253A%252522null%252526null%252526null%252522%25252C%25250A%252509%252509%252509%252509%252509%252509%252509%252509%252522Date%252522%25253A%2525222026-07-14T05%25253A58%25253A05Z%252522%25250A%252509%252509%252509%252509%252509%252509%252509%25257D%25252C%25250A%252509%252509%252509%252509%252509%252509%252509%25257B%25250A%252509%252509%252509%252509%252509%252509%252509%252509%252522Value%252522%25253A%252522null%252526null%252526null%252522%25252C%25250A%252509%252509%252509%252509%252509%252509%252509%252509%252522Date%252522%25253A%2525222026-07-14T05%25253A58%25253A10Z%252522%25250A%252509%252509%252509%252509%252509%252509%252509%25257D%25252C%25250A%252509%252509%252509%252509%252509%252509%252509%25257B%25250A%252509%252509%252509%252509%252509%252509%252509%252509%252522Value%252522%25253A%25252265.0%25252619.0%2525262112.0%252522%25252C%25250A%252509%252509%252509%252509%252509%252509%252509%252509%252522Date%252522%25253A%2525222026-07-14T05%25253A58%25253A15Z%252522%25250A%252509%252509%252509%252509%252509%252509%252509%25257D%25252C%25250A%252509%252509%252509%252509%252509%252509%252509%25257B%25250A%252509%252509%252509%252509%252509%252509%252509%252509%252522Value%252522%25253A%252522null%252526null%252526null%252522%25252C%25250A%252509%252509%252509%252509%252509%252509%252509%252509%252522Date%252522%25253A%2525222026-07-14T05%25253A58%25253A20Z%252522%25250A%252509%252509%252509%252509%252509%252509%252509%25257D%25252C%25250A%252509%252509%252509%252509%252509%252509%252509%25257B%25250A%252509%252509%252509%252509%252509%252509%252509%252509%252522Value%252522%25253A%252522null%252526null%252526null%252522%25252C%25250A%252509%252509%252509%252509%252509%252509%252509%252509%252522Date%252522%25253A%2525222026-07-14T05%25253A58%25253A25Z%252522%25250A%252509%252509%252509%252509%252509%252509%252509%25257D%25252C%25250A%252509%252509%252509%252509%252509%252509%252509%25257B%25250A%252509%252509%252509%252509%252509%252509%252509%252509%252522Value%252522%25253A%25252265.0%25252619.0%2525262112.0%252522%25252C%25250A%252509%252509%252509%252509%252509%252509%252509%252509%252522Date%252522%25253A%2525222026-07-14T05%25253A58%25253A30Z%252522%25250A%252509%252509%252509%252509%252509%252509%252509%25257D%25252C%25250A%252509%252509%252509%252509%252509%252509%252509%25257B%25250A%252509%252509%252509%252509%252509%252509%252509%252509%252522Value%252522%25253A%252522null%252526null%252526null%252522%25252C%25250A%252509%252509%252509%252509%252509%252509%252509%252509%252522Date%252522%25253A%2525222026-07-14T05%25253A58%25253A35Z%252522%25250A%252509%252509%252509%252509%252509%252509%252509%25257D%25252C%25250A%252509%252509%252509%252509%252509%252509%252509%25257B%25250A%252509%252509%252509%252509%252509%252509%252509%252509%252522Value%252522%25253A%252522null%252526null%252526null%252522%25252C%25250A%252509%252509%252509%252509%252509%252509%252509%252509%252522Date%252522%25253A%2525222026-07-14T05%25253A58%25253A40Z%252522%25250A%252509%252509%252509%252509%252509%252509%252509%25257D%25252C%25250A%252509%252509%252509%252509%252509%252509%252509%25257B%25250A%252509%252509%252509%252509%252509%252509%252509%252509%252522Value%252522%25253A%25252265.0%25252619.0%2525262112.0%252522%25252C%25250A%252509%252509%252509%252509%252509%252509%252509%252509%252522Date%252522%25253A%2525222026-07-14T05%25253A58%25253A45Z%252522%25250A%252509%252509%252509%252509%252509%252509%252509%25257D%25252C%25250A%252509%252509%252509%252509%252509%252509%252509%25257B%25250A%252509%252509%252509%252509%252509%252509%252509%252509%252522Value%252522%25253A%252522null%252526null%252526null%252522%25252C%25250A%252509%252509%252509%252509%252509%252509%252509%252509%252522Date%252522%25253A%2525222026-07-14T05%25253A58%25253A50Z%252522%25250A%252509%252509%252509%252509%252509%252509%252509%25257D%25252C%25250A%252509%252509%252509%252509%252509%252509%252509%25257B%25250A%252509%252509%252509%252509%252509%252509%252509%252509%252522Value%252522%25253A%252522null%252526null%252526null%252522%25252C%25250A%252509%252509%252509%252509%252509%252509%252509%252509%252522Date%252522%25253A%2525222026-07-14T05%25253A58%25253A55Z%252522%25250A%252509%252509%252509%252509%252509%252509%252509%25257D%25252C%25250A%252509%252509%252509%252509%252509%252509%252509%25257B%25250A%252509%252509%252509%252509%252509%252509%252509%252509%252522Value%252522%25253A%25252265.0%25252619.0%2525262112.0%252522%25252C%25250A%252509%252509%252509%252509%252509%252509%252509%252509%252522Date%252522%25253A%2525222026-07-14T05%25253A59%25253A00Z%252522%25250A%252509%252509%252509%252509%252509%252509%252509%25257D%25252C%25250A%252509%252509%252509%252509%252509%252509%252509%25257B%25250A%252509%252509%252509%252509%252509%252509%252509%252509%252522Value%252522%25253A%252522null%252526null%252526null%252522%25252C%25250A%252509%252509%252509%252509%252509%252509%252509%252509%252522Date%252522%25253A%2525222026-07-14T05%25253A59%25253A05Z%252522%25250A%252509%252509%252509%252509%252509%252509%252509%25257D%25252C%25250A%252509%252509%252509%252509%252509%252509%252509%25257B%25250A%252509%252509%252509%252509%252509%252509%252509%252509%252522Value%252522%25253A%252522null%252526null%252526null%252522%25252C%25250A%252509%252509%252509%252509%252509%252509%252509%252509%252522Date%252522%25253A%2525222026-07-14T05%25253A59%25253A10Z%252522%25250A%252509%252509%252509%252509%252509%252509%252509%25257D%25252C%25250A%252509%252509%252509%252509%252509%252509%252509%25257B%25250A%252509%252509%252509%252509%252509%252509%252509%252509%252522Value%252522%25253A%25252265.0%25252619.0%2525262112.0%252522%25252C%25250A%252509%252509%252509%252509%252509%252509%252509%252509%252522Date%252522%25253A%2525222026-07-14T05%25253A59%25253A15Z%252522%25250A%252509%252509%252509%252509%252509%252509%252509%25257D%25252C%25250A%252509%252509%252509%252509%252509%252509%252509%25257B%25250A%252509%252509%252509%252509%252509%252509%252509%252509%252522Value%252522%25253A%252522null%252526null%252526null%252522%25252C%25250A%252509%252509%252509%252509%252509%252509%252509%252509%252522Date%252522%25253A%2525222026-07-14T05%25253A59%25253A20Z%252522%25250A%252509%252509%252509%252509%252509%252509%252509%25257D%25252C%25250A%252509%252509%252509%252509%252509%252509%252509%25257B%25250A%252509%252509%252509%252509%252509%252509%252509%252509%252522Value%252522%25253A%252522null%252526null%252526null%252522%25252C%25250A%252509%252509%252509%252509%252509%252509%252509%252509%252522Date%252522%25253A%2525222026-07-14T05%25253A59%25253A25Z%252522%25250A%252509%252509%252509%252509%252509%252509%252509%25257D%25252C%25250A%252509%252509%252509%252509%252509%252509%252509%25257B%25250A%252509%252509%252509%252509%252509%252509%252509%252509%252522Value%252522%25253A%25252265.0%25252619.0%2525262112.0%252522%25252C%25250A%252509%252509%252509%252509%252509%252509%252509%252509%252522Date%252522%25253A%2525222026-07-14T05%25253A59%25253A30Z%252522%25250A%252509%252509%252509%252509%252509%252509%252509%25257D%25252C%25250A%252509%252509%252509%252509%252509%252509%252509%25257B%25250A%252509%252509%252509%252509%252509%252509%252509%252509%252522Value%252522%25253A%252522null%252526null%252526null%252522%25252C%25250A%252509%252509%252509%252509%252509%252509%252509%252509%252522Date%252522%25253A%2525222026-07-14T05%25253A59%25253A35Z%252522%25250A%252509%252509%252509%252509%252509%252509%252509%25257D%25252C%25250A%252509%252509%252509%252509%252509%252509%252509%25257B%25250A%252509%252509%252509%252509%252509%252509%252509%252509%252522Value%252522%25253A%252522null%252526null%252526null%252522%25252C%25250A%252509%252509%252509%252509%252509%252509%252509%252509%252522Date%252522%25253A%2525222026-07-14T05%25253A59%25253A40Z%252522%25250A%252509%252509%252509%252509%252509%252509%252509%25257D%25252C%25250A%252509%252509%252509%252509%252509%252509%252509%25257B%25250A%252509%252509%252509%252509%252509%252509%252509%252509%252522Value%252522%25253A%25252265.0%25252619.0%2525262112.0%252522%25252C%25250A%252509%252509%252509%252509%252509%252509%252509%252509%252522Date%252522%25253A%2525222026-07-14T05%25253A59%25253A45Z%252522%25250A%252509%252509%252509%252509%252509%252509%252509%25257D%25252C%25250A%252509%252509%252509%252509%252509%252509%252509%25257B%25250A%252509%252509%252509%252509%252509%252509%252509%252509%252522Value%252522%25253A%252522null%252526null%252526null%252522%25252C%25250A%252509%252509%252509%252509%252509%252509%252509%252509%252522Date%252522%25253A%2525222026-07-14T05%25253A59%25253A50Z%252522%25250A%252509%252509%252509%252509%252509%252509%252509%25257D%25252C%25250A%252509%252509%252509%252509%252509%252509%252509%25257B%25250A%252509%252509%252509%252509%252509%252509%252509%252509%252522Value%252522%25253A%252522null%252526null%252526null%252522%25252C%25250A%252509%252509%252509%252509%252509%252509%252509%252509%252522Date%252522%25253A%2525222026-07-14T05%25253A59%25253A55Z%252522%25250A%252509%252509%252509%252509%252509%252509%252509%25257D%25252C%25250A%252509%252509%252509%252509%252509%252509%252509%25257B%25250A%252509%252509%252509%252509%252509%252509%252509%252509%252522Value%252522%25253A%25252265.0%25252619.0%2525262112.0%252522%25252C%25250A%252509%252509%252509%252509%252509%252509%252509%252509%252522Date%252522%25253A%2525222026-07-14T06%25253A00%25253A00Z%252522%25250A%252509%252509%252509%252509%252509%252509%252509%25257D%25252C%25250A%252509%252509%252509%252509%252509%252509%252509%25257B%25250A%252509%252509%252509%252509%252509%252509%252509%252509%252522Value%252522%25253A%252522null%252526null%252526null%252522%25252C%25250A%252509%252509%252509%252509%252509%252509%252509%252509%252522Date%252522%25253A%2525222026-07-14T06%25253A00%25253A05Z%252522%25250A%252509%252509%252509%252509%252509%252509%252509%25257D%25252C%25250A%252509%252509%252509%252509%252509%252509%252509%25257B%25250A%252509%252509%252509%252509%252509%252509%252509%252509%252522Value%252522%25253A%252522null%252526null%252526null%252522%25252C%25250A%252509%252509%252509%252509%252509%252509%252509%252509%252522Date%252522%25253A%2525222026-07-14T06%25253A00%25253A10Z%252522%25250A%252509%252509%252509%252509%252509%252509%252509%25257D%25252C%25250A%252509%252509%252509%252509%252509%252509%252509%25257B%25250A%252509%252509%252509%252509%252509%252509%252509%252509%252522Value%252522%25253A%25252265.0%25252619.0%2525262112.0%252522%25252C%25250A%252509%252509%252509%252509%252509%252509%252509%252509%252522Date%252522%25253A%2525222026-07-14T06%25253A00%25253A15Z%252522%25250A%252509%252509%252509%252509%252509%252509%252509%25257D%25252C%25250A%252509%252509%252509%252509%252509%252509%252509%25257B%25250A%252509%252509%252509%252509%252509%252509%252509%252509%252522Value%252522%25253A%252522null%252526null%252526null%252522%25252C%25250A%252509%252509%252509%252509%252509%252509%252509%252509%252522Date%252522%25253A%2525222026-07-14T06%25253A00%25253A20Z%252522%25250A%252509%252509%252509%252509%252509%252509%252509%25257D%25252C%25250A%252509%252509%252509%252509%252509%252509%252509%25257B%25250A%252509%252509%252509%252509%252509%252509%252509%252509%252522Value%252522%25253A%252522null%252526null%252526null%252522%25252C%25250A%252509%252509%252509%252509%252509%252509%252509%252509%252522Date%252522%25253A%2525222026-07-14T06%25253A00%25253A25Z%252522%25250A%252509%252509%252509%252509%252509%252509%252509%25257D%25252C%25250A%252509%252509%252509%252509%252509%252509%252509%25257B%25250A%252509%252509%252509%252509%252509%252509%252509%252509%252522Value%252522%25253A%25252265.0%25252619.0%2525262112.0%252522%25252C%25250A%252509%252509%252509%252509%252509%252509%252509%252509%252522Date%252522%25253A%2525222026-07-14T06%25253A00%25253A30Z%252522%25250A%252509%252509%252509%252509%252509%252509%252509%25257D%25252C%25250A%252509%252509%252509%252509%252509%252509%252509%25257B%25250A%252509%252509%252509%252509%252509%252509%252509%252509%252522Value%252522%25253A%252522null%252526null%252526null%252522%25252C%25250A%252509%252509%252509%252509%252509%252509%252509%252509%252522Date%252522%25253A%2525222026-07-14T06%25253A00%25253A35Z%252522%25250A%252509%252509%252509%252509%252509%252509%252509%25257D%25252C%25250A%252509%252509%252509%252509%252509%252509%252509%25257B%25250A%252509%252509%252509%252509%252509%252509%252509%252509%252522Value%252522%25253A%252522null%252526null%252526null%252522%25252C%25250A%252509%252509%252509%252509%252509%252509%252509%252509%252522Date%252522%25253A%2525222026-07-14T06%25253A00%25253A40Z%252522%25250A%252509%252509%252509%252509%252509%252509%252509%25257D%25252C%25250A%252509%252509%252509%252509%252509%252509%252509%25257B%25250A%252509%252509%252509%252509%252509%252509%252509%252509%252522Value%252522%25253A%25252265.0%25252619.0%2525262112.0%252522%25252C%25250A%252509%252509%252509%252509%252509%252509%252509%252509%252522Date%252522%25253A%2525222026-07-14T06%25253A00%25253A45Z%252522%25250A%252509%252509%252509%252509%252509%252509%252509%25257D%25252C%25250A%252509%252509%252509%252509%252509%252509%252509%25257B%25250A%252509%252509%252509%252509%252509%252509%252509%252509%252522Value%252522%25253A%252522null%252526null%252526null%252522%25252C%25250A%252509%252509%252509%252509%252509%252509%252509%252509%252522Date%252522%25253A%2525222026-07-14T06%25253A00%25253A50Z%252522%25250A%252509%252509%252509%252509%252509%252509%252509%25257D%25252C%25250A%252509%252509%252509%252509%252509%252509%252509%25257B%25250A%252509%252509%252509%252509%252509%252509%252509%252509%252522Value%252522%25253A%252522null%252526null%252526null%252522%25252C%25250A%252509%252509%252509%252509%252509%252509%252509%252509%252522Date%252522%25253A%2525222026-07-14T06%25253A00%25253A55Z%252522%25250A%252509%252509%252509%252509%252509%252509%252509%25257D%25252C%25250A%252509%252509%252509%252509%252509%252509%252509%25257B%25250A%252509%252509%252509%252509%252509%252509%252509%252509%252522Value%252522%25253A%25252265.0%25252619.0%2525262112.0%252522%25252C%25250A%252509%252509%252509%252509%252509%252509%252509%252509%252522Date%252522%25253A%2525222026-07-14T06%25253A01%25253A00Z%252522%25250A%252509%252509%252509%252509%252509%252509%252509%25257D%25252C%25250A%252509%252509%252509%252509%252509%252509%252509%25257B%25250A%252509%252509%252509%252509%252509%252509%252509%252509%252522Value%252522%25253A%252522null%252526null%252526null%252522%25252C%25250A%252509%252509%252509%252509%252509%252509%252509%252509%252522Date%252522%25253A%2525222026-07-14T06%25253A01%25253A05Z%252522%25250A%252509%252509%252509%252509%252509%252509%252509%25257D%25252C%25250A%252509%252509%252509%252509%252509%252509%252509%25257B%25250A%252509%252509%252509%252509%252509%252509%252509%252509%252522Value%252522%25253A%252522null%252526null%252526null%252522%25252C%25250A%252509%252509%252509%252509%252509%252509%252509%252509%252522Date%252522%25253A%2525222026-07-14T06%25253A01%25253A10Z%252522%25250A%252509%252509%252509%252509%252509%252509%252509%25257D%25252C%25250A%252509%252509%252509%252509%252509%252509%252509%25257B%25250A%252509%252509%252509%252509%252509%252509%252509%252509%252522Value%252522%25253A%25252265.0%25252619.0%2525262112.0%252522%25252C%25250A%252509%252509%252509%252509%252509%252509%252509%252509%252522Date%252522%25253A%2525222026-07-14T06%25253A01%25253A15Z%252522%25250A%252509%252509%252509%252509%252509%252509%252509%25257D%25252C%25250A%252509%252509%252509%252509%252509%252509%252509%25257B%25250A%252509%252509%252509%252509%252509%252509%252509%252509%252522Value%252522%25253A%252522null%252526null%252526null%252522%25252C%25250A%252509%252509%252509%252509%252509%252509%252509%252509%252522Date%252522%25253A%2525222026-07-14T06%25253A01%25253A20Z%252522%25250A%252509%252509%252509%252509%252509%252509%252509%25257D%25252C%25250A%252509%252509%252509%252509%252509%252509%252509%25257B%25250A%252509%252509%252509%252509%252509%252509%252509%252509%252522Value%252522%25253A%252522null%252526null%252526null%252522%25252C%25250A%252509%252509%252509%252509%252509%252509%252509%252509%252522Date%252522%25253A%2525222026-07-14T06%25253A01%25253A25Z%252522%25250A%252509%252509%252509%252509%252509%252509%252509%25257D%25252C%25250A%252509%252509%252509%252509%252509%252509%252509%25257B%25250A%252509%252509%252509%252509%252509%252509%252509%252509%252522Value%252522%25253A%25252265.0%25252619.0%2525262112.0%252522%25252C%25250A%252509%252509%252509%252509%252509%252509%252509%252509%252522Date%252522%25253A%2525222026-07-14T06%25253A01%25253A30Z%252522%25250A%252509%252509%252509%252509%252509%252509%252509%25257D%25252C%25250A%252509%252509%252509%252509%252509%252509%252509%25257B%25250A%252509%252509%252509%252509%252509%252509%252509%252509%252522Value%252522%25253A%252522null%252526null%252526null%252522%25252C%25250A%252509%252509%252509%252509%252509%252509%252509%252509%252522Date%252522%25253A%2525222026-07-14T06%25253A01%25253A35Z%252522%25250A%252509%252509%252509%252509%252509%252509%252509%25257D%25252C%25250A%252509%252509%252509%252509%252509%252509%252509%25257B%25250A%252509%252509%252509%252509%252509%252509%252509%252509%252522Value%252522%25253A%252522null%252526null%252526null%252522%25252C%25250A%252509%252509%252509%252509%252509%252509%252509%252509%252522Date%252522%25253A%2525222026-07-14T06%25253A01%25253A40Z%252522%25250A%252509%252509%252509%252509%252509%252509%252509%25257D%25252C%25250A%252509%252509%252509%252509%252509%252509%252509%25257B%25250A%252509%252509%252509%252509%252509%252509%252509%252509%252522Value%252522%25253A%25252265.0%25252619.0%2525262112.0%252522%25252C%25250A%252509%252509%252509%252509%252509%252509%252509%252509%252522Date%252522%25253A%2525222026-07-14T06%25253A01%25253A45Z%252522%25250A%252509%252509%252509%252509%252509%252509%252509%25257D%25252C%25250A%252509%252509%252509%252509%252509%252509%252509%25257B%25250A%252509%252509%252509%252509%252509%252509%252509%252509%252522Value%252522%25253A%252522null%252526null%252526null%252522%25252C%25250A%252509%252509%252509%252509%252509%252509%252509%252509%252522Date%252522%25253A%2525222026-07-14T06%25253A01%25253A50Z%252522%25250A%252509%252509%252509%252509%252509%252509%252509%25257D%25252C%25250A%252509%252509%252509%252509%252509%252509%252509%25257B%25250A%252509%252509%252509%252509%252509%252509%252509%252509%252522Value%252522%25253A%252522null%252526null%252526null%252522%25252C%25250A%252509%252509%252509%252509%252509%252509%252509%252509%252522Date%252522%25253A%2525222026-07-14T06%25253A01%25253A55Z%252522%25250A%252509%252509%252509%252509%252509%252509%252509%25257D%25252C%25250A%252509%252509%252509%252509%252509%252509%252509%25257B%25250A%252509%252509%252509%252509%252509%252509%252509%252509%252522Value%252522%25253A%25252265.0%25252619.0%2525262112.0%252522%25252C%25250A%252509%252509%252509%252509%252509%252509%252509%252509%252522Date%252522%25253A%2525222026-07-14T06%25253A02%25253A00Z%252522%25250A%252509%252509%252509%252509%252509%252509%252509%25257D%25252C%25250A%252509%252509%252509%252509%252509%252509%252509%25257B%25250A%252509%252509%252509%252509%252509%252509%252509%252509%252522Value%252522%25253A%252522null%252526null%252526null%252522%25252C%25250A%252509%252509%252509%252509%252509%252509%252509%252509%252522Date%252522%25253A%2525222026-07-14T06%25253A02%25253A05Z%252522%25250A%252509%252509%252509%252509%252509%252509%252509%25257D%25252C%25250A%252509%252509%252509%252509%252509%252509%252509%25257B%25250A%252509%252509%252509%252509%252509%252509%252509%252509%252522Value%252522%25253A%252522null%252526null%252526null%252522%25252C%25250A%252509%252509%252509%252509%252509%252509%252509%252509%252522Date%252522%25253A%2525222026-07-14T06%25253A02%25253A10Z%252522%25250A%252509%252509%252509%252509%252509%252509%252509%25257D%25252C%25250A%252509%252509%252509%252509%252509%252509%252509%25257B%25250A%252509%252509%252509%252509%252509%252509%252509%252509%252522Value%252522%25253A%25252265.0%25252619.0%2525262112.0%252522%25252C%25250A%252509%252509%252509%252509%252509%252509%252509%252509%252522Date%252522%25253A%2525222026-07-14T06%25253A02%25253A15Z%252522%25250A%252509%252509%252509%252509%252509%252509%252509%25257D%25252C%25250A%252509%252509%252509%252509%252509%252509%252509%25257B%25250A%252509%252509%252509%252509%252509%252509%252509%252509%252522Value%252522%25253A%252522null%252526null%252526null%252522%25252C%25250A%252509%252509%252509%252509%252509%252509%252509%252509%252522Date%252522%25253A%2525222026-07-14T06%25253A02%25253A20Z%252522%25250A%252509%252509%252509%252509%252509%252509%252509%25257D%25252C%25250A%252509%252509%252509%252509%252509%252509%252509%25257B%25250A%252509%252509%252509%252509%252509%252509%252509%252509%252522Value%252522%25253A%252522null%252526null%252526null%252522%25252C%25250A%252509%252509%252509%252509%252509%252509%252509%252509%252522Date%252522%25253A%2525222026-07-14T06%25253A02%25253A25Z%252522%25250A%252509%252509%252509%252509%252509%252509%252509%25257D%25252C%25250A%252509%252509%252509%252509%252509%252509%252509%25257B%25250A%252509%252509%252509%252509%252509%252509%252509%252509%252522Value%252522%25253A%25252265.0%25252619.0%2525262112.0%252522%25252C%25250A%252509%252509%252509%252509%252509%252509%252509%252509%252522Date%252522%25253A%2525222026-07-14T06%25253A02%25253A30Z%252522%25250A%252509%252509%252509%252509%252509%252509%252509%25257D%25252C%25250A%252509%252509%252509%252509%252509%252509%252509%25257B%25250A%252509%252509%252509%252509%252509%252509%252509%252509%252522Value%252522%25253A%252522null%252526null%252526null%252522%25252C%25250A%252509%252509%252509%252509%252509%252509%252509%252509%252522Date%252522%25253A%2525222026-07-14T06%25253A02%25253A35Z%252522%25250A%252509%252509%252509%252509%252509%252509%252509%25257D%25252C%25250A%252509%252509%252509%252509%252509%252509%252509%25257B%25250A%252509%252509%252509%252509%252509%252509%252509%252509%252522Value%252522%25253A%252522null%252526null%252526null%252522%25252C%25250A%252509%252509%252509%252509%252509%252509%252509%252509%252522Date%252522%25253A%2525222026-07-14T06%25253A02%25253A40Z%252522%25250A%252509%252509%252509%252509%252509%252509%252509%25257D%25252C%25250A%252509%252509%252509%252509%252509%252509%252509%25257B%25250A%252509%252509%252509%252509%252509%252509%252509%252509%252522Value%252522%25253A%25252265.0%25252619.0%2525262112.0%252522%25252C%25250A%252509%252509%252509%252509%252509%252509%252509%252509%252522Date%252522%25253A%2525222026-07-14T06%25253A02%25253A45Z%252522%25250A%252509%252509%252509%252509%252509%252509%252509%25257D%25252C%25250A%252509%252509%252509%252509%252509%252509%252509%25257B%25250A%252509%252509%252509%252509%252509%252509%252509%252509%252522Value%252522%25253A%252522null%252526null%252526null%252522%25252C%25250A%252509%252509%252509%252509%252509%252509%252509%252509%252522Date%252522%25253A%2525222026-07-14T06%25253A02%25253A50Z%252522%25250A%252509%252509%252509%252509%252509%252509%252509%25257D%25252C%25250A%252509%252509%252509%252509%252509%252509%252509%25257B%25250A%252509%252509%252509%252509%252509%252509%252509%252509%252522Value%252522%25253A%252522null%252526null%252526null%252522%25252C%25250A%252509%252509%252509%252509%252509%252509%252509%252509%252522Date%252522%25253A%2525222026-07-14T06%25253A02%25253A55Z%252522%25250A%252509%252509%252509%252509%252509%252509%252509%25257D%25252C%25250A%252509%252509%252509%252509%252509%252509%252509%25257B%25250A%252509%252509%252509%252509%252509%252509%252509%252509%252522Value%252522%25253A%25252265.0%25252619.0%2525262112.0%252522%25252C%25250A%252509%252509%252509%252509%252509%252509%252509%252509%252522Date%252522%25253A%2525222026-07-14T06%25253A03%25253A00Z%252522%25250A%252509%252509%252509%252509%252509%252509%252509%25257D%25252C%25250A%252509%252509%252509%252509%252509%252509%252509%25257B%25250A%252509%252509%252509%252509%252509%252509%252509%252509%252522Value%252522%25253A%252522null%252526null%252526null%252522%25252C%25250A%252509%252509%252509%252509%252509%252509%252509%252509%252522Date%252522%25253A%2525222026-07-14T06%25253A03%25253A05Z%252522%25250A%252509%252509%252509%252509%252509%252509%252509%25257D%25252C%25250A%252509%252509%252509%252509%252509%252509%252509%25257B%25250A%252509%252509%252509%252509%252509%252509%252509%252509%252522Value%252522%25253A%252522null%252526null%252526null%252522%25252C%25250A%252509%252509%252509%252509%252509%252509%252509%252509%252522Date%252522%25253A%2525222026-07-14T06%25253A03%25253A10Z%252522%25250A%252509%252509%252509%252509%252509%252509%252509%25257D%25252C%25250A%252509%252509%252509%252509%252509%252509%252509%25257B%25250A%252509%252509%252509%252509%252509%252509%252509%252509%252522Value%252522%25253A%25252265.0%25252619.0%2525262112.0%252522%25252C%25250A%252509%252509%252509%252509%252509%252509%252509%252509%252522Date%252522%25253A%2525222026-07-14T06%25253A03%25253A15Z%252522%25250A%252509%252509%252509%252509%252509%252509%252509%25257D%25252C%25250A%252509%252509%252509%252509%252509%252509%252509%25257B%25250A%252509%252509%252509%252509%252509%252509%252509%252509%252522Value%252522%25253A%252522null%252526null%252526null%252522%25252C%25250A%252509%252509%252509%252509%252509%252509%252509%252509%252522Date%252522%25253A%2525222026-07-14T06%25253A03%25253A20Z%252522%25250A%252509%252509%252509%252509%252509%252509%252509%25257D%25252C%25250A%252509%252509%252509%252509%252509%252509%252509%25257B%25250A%252509%252509%252509%252509%252509%252509%252509%252509%252522Value%252522%25253A%252522null%252526null%252526null%252522%25252C%25250A%252509%252509%252509%252509%252509%252509%252509%252509%252522Date%252522%25253A%2525222026-07-14T06%25253A03%25253A25Z%252522%25250A%252509%252509%252509%252509%252509%252509%252509%25257D%25252C%25250A%252509%252509%252509%252509%252509%252509%252509%25257B%25250A%252509%252509%252509%252509%252509%252509%252509%252509%252522Value%252522%25253A%25252265.0%25252619.0%2525262112.0%252522%25252C%25250A%252509%252509%252509%252509%252509%252509%252509%252509%252522Date%252522%25253A%2525222026-07-14T06%25253A03%25253A30Z%252522%25250A%252509%252509%252509%252509%252509%252509%252509%25257D%25252C%25250A%252509%252509%252509%252509%252509%252509%252509%25257B%25250A%252509%252509%252509%252509%252509%252509%252509%252509%252522Value%252522%25253A%252522null%252526null%252526null%252522%25252C%25250A%252509%252509%252509%252509%252509%252509%252509%252509%252522Date%252522%25253A%2525222026-07-14T06%25253A03%25253A35Z%252522%25250A%252509%252509%252509%252509%252509%252509%252509%25257D%25252C%25250A%252509%252509%252509%252509%252509%252509%252509%25257B%25250A%252509%252509%252509%252509%252509%252509%252509%252509%252522Value%252522%25253A%252522null%252526null%252526null%252522%25252C%25250A%252509%252509%252509%252509%252509%252509%252509%252509%252522Date%252522%25253A%2525222026-07-14T06%25253A03%25253A40Z%252522%25250A%252509%252509%252509%252509%252509%252509%252509%25257D%25252C%25250A%252509%252509%252509%252509%252509%252509%252509%25257B%25250A%252509%252509%252509%252509%252509%252509%252509%252509%252522Value%252522%25253A%25252265.0%25252619.0%2525262112.0%252522%25252C%25250A%252509%252509%252509%252509%252509%252509%252509%252509%252522Date%252522%25253A%2525222026-07-14T06%25253A03%25253A45Z%252522%25250A%252509%252509%252509%252509%252509%252509%252509%25257D%25252C%25250A%252509%252509%252509%252509%252509%252509%252509%25257B%25250A%252509%252509%252509%252509%252509%252509%252509%252509%252522Value%252522%25253A%252522null%252526null%252526null%252522%25252C%25250A%252509%252509%252509%252509%252509%252509%252509%252509%252522Date%252522%25253A%2525222026-07-14T06%25253A03%25253A50Z%252522%25250A%252509%252509%252509%252509%252509%252509%252509%25257D%25252C%25250A%252509%252509%252509%252509%252509%252509%252509%25257B%25250A%252509%252509%252509%252509%252509%252509%252509%252509%252522Value%252522%25253A%252522null%252526null%252526null%252522%25252C%25250A%252509%252509%252509%252509%252509%252509%252509%252509%252522Date%252522%25253A%2525222026-07-14T06%25253A03%25253A55Z%252522%25250A%252509%252509%252509%252509%252509%252509%252509%25257D%25252C%25250A%252509%252509%252509%252509%252509%252509%252509%25257B%25250A%252509%252509%252509%252509%252509%252509%252509%252509%252522Value%252522%25253A%25252265.0%25252619.0%2525262112.0%252522%25252C%25250A%252509%252509%252509%252509%252509%252509%252509%252509%252522Date%252522%25253A%2525222026-07-14T06%25253A04%25253A00Z%252522%25250A%252509%252509%252509%252509%252509%252509%252509%25257D%25252C%25250A%252509%252509%252509%252509%252509%252509%252509%25257B%25250A%252509%252509%252509%252509%252509%252509%252509%252509%252522Value%252522%25253A%252522null%252526null%252526null%252522%25252C%25250A%252509%252509%252509%252509%252509%252509%252509%252509%252522Date%252522%25253A%2525222026-07-14T06%25253A04%25253A05Z%252522%25250A%252509%252509%252509%252509%252509%252509%252509%25257D%25252C%25250A%252509%252509%252509%252509%252509%252509%252509%25257B%25250A%252509%252509%252509%252509%252509%252509%252509%252509%252522Value%252522%25253A%252522null%252526null%252526null%252522%25252C%25250A%252509%252509%252509%252509%252509%252509%252509%252509%252522Date%252522%25253A%2525222026-07-14T06%25253A04%25253A10Z%252522%25250A%252509%252509%252509%252509%252509%252509%252509%25257D%25252C%25250A%252509%252509%252509%252509%252509%252509%252509%25257B%25250A%252509%252509%252509%252509%252509%252509%252509%252509%252522Value%252522%25253A%25252265.0%25252619.0%2525262112.0%252522%25252C%25250A%252509%252509%252509%252509%252509%252509%252509%252509%252522Date%252522%25253A%2525222026-07-14T06%25253A04%25253A15Z%252522%25250A%252509%252509%252509%252509%252509%252509%252509%25257D%25252C%25250A%252509%252509%252509%252509%252509%252509%252509%25257B%25250A%252509%252509%252509%252509%252509%252509%252509%252509%252522Value%252522%25253A%252522null%252526null%252526null%252522%25252C%25250A%252509%252509%252509%252509%252509%252509%252509%252509%252522Date%252522%25253A%2525222026-07-14T06%25253A04%25253A20Z%252522%25250A%252509%252509%252509%252509%252509%252509%252509%25257D%25252C%25250A%252509%252509%252509%252509%252509%252509%252509%25257B%25250A%252509%252509%252509%252509%252509%252509%252509%252509%252522Value%252522%25253A%252522null%252526null%252526null%252522%25252C%25250A%252509%252509%252509%252509%252509%252509%252509%252509%252522Date%252522%25253A%2525222026-07-14T06%25253A04%25253A25Z%252522%25250A%252509%252509%252509%252509%252509%252509%252509%25257D%25252C%25250A%252509%252509%252509%252509%252509%252509%252509%25257B%25250A%252509%252509%252509%252509%252509%252509%252509%252509%252522Value%252522%25253A%25252265.0%25252619.0%2525262112.0%252522%25252C%25250A%252509%252509%252509%252509%252509%252509%252509%252509%252522Date%252522%25253A%2525222026-07-14T06%25253A04%25253A30Z%252522%25250A%252509%252509%252509%252509%252509%252509%252509%25257D%25252C%25250A%252509%252509%252509%252509%252509%252509%252509%25257B%25250A%252509%252509%252509%252509%252509%252509%252509%252509%252522Value%252522%25253A%252522null%252526null%252526null%252522%25252C%25250A%252509%252509%252509%252509%252509%252509%252509%252509%252522Date%252522%25253A%2525222026-07-14T06%25253A04%25253A35Z%252522%25250A%252509%252509%252509%252509%252509%252509%252509%25257D%25252C%25250A%252509%252509%252509%252509%252509%252509%252509%25257B%25250A%252509%252509%252509%252509%252509%252509%252509%252509%252522Value%252522%25253A%252522null%252526null%252526null%252522%25252C%25250A%252509%252509%252509%252509%252509%252509%252509%252509%252522Date%252522%25253A%2525222026-07-14T06%25253A04%25253A40Z%252522%25250A%252509%252509%252509%252509%252509%252509%252509%25257D%25252C%25250A%252509%252509%252509%252509%252509%252509%252509%25257B%25250A%252509%252509%252509%252509%252509%252509%252509%252509%252522Value%252522%25253A%25252265.0%25252619.0%2525262112.0%252522%25252C%25250A%252509%252509%252509%252509%252509%252509%252509%252509%252522Date%252522%25253A%2525222026-07-14T06%25253A04%25253A45Z%252522%25250A%252509%252509%252509%252509%252509%252509%252509%25257D%25252C%25250A%252509%252509%252509%252509%252509%252509%252509%25257B%25250A%252509%252509%252509%252509%252509%252509%252509%252509%252522Value%252522%25253A%252522null%252526null%252526null%252522%25252C%25250A%252509%252509%252509%252509%252509%252509%252509%252509%252522Date%252522%25253A%2525222026-07-14T06%25253A04%25253A50Z%252522%25250A%252509%252509%252509%252509%252509%252509%252509%25257D%25252C%25250A%252509%252509%252509%252509%252509%252509%252509%25257B%25250A%252509%252509%252509%252509%252509%252509%252509%252509%252522Value%252522%25253A%252522null%252526null%252526null%252522%25252C%25250A%252509%252509%252509%252509%252509%252509%252509%252509%252522Date%252522%25253A%2525222026-07-14T06%25253A04%25253A55Z%252522%25250A%252509%252509%252509%252509%252509%252509%252509%25257D%25252C%25250A%252509%252509%252509%252509%252509%252509%252509%25257B%25250A%252509%252509%252509%252509%252509%252509%252509%252509%252522Value%252522%25253A%25252265.0%25252619.0%2525262112.0%252522%25252C%25250A%252509%252509%252509%252509%252509%252509%252509%252509%252522Date%252522%25253A%2525222026-07-14T06%25253A05%25253A00Z%252522%25250A%252509%252509%252509%252509%252509%252509%252509%25257D%25252C%25250A%252509%252509%252509%252509%252509%252509%252509%25257B%25250A%252509%252509%252509%252509%252509%252509%252509%252509%252522Value%252522%25253A%252522null%252526null%252526null%252522%25252C%25250A%252509%252509%252509%252509%252509%252509%252509%252509%252522Date%252522%25253A%2525222026-07-14T06%25253A05%25253A05Z%252522%25250A%252509%252509%252509%252509%252509%252509%252509%25257D%25252C%25250A%252509%252509%252509%252509%252509%252509%252509%25257B%25250A%252509%252509%252509%252509%252509%252509%252509%252509%252522Value%252522%25253A%252522null%252526null%252526null%252522%25252C%25250A%252509%252509%252509%252509%252509%252509%252509%252509%252522Date%252522%25253A%2525222026-07-14T06%25253A05%25253A10Z%252522%25250A%252509%252509%252509%252509%252509%252509%252509%25257D%25252C%25250A%252509%252509%252509%252509%252509%252509%252509%25257B%25250A%252509%252509%252509%252509%252509%252509%252509%252509%252522Value%252522%25253A%25252265.0%25252619.0%2525262112.0%252522%25252C%25250A%252509%252509%252509%252509%252509%252509%252509%252509%252522Date%252522%25253A%2525222026-07-14T06%25253A05%25253A15Z%252522%25250A%252509%252509%252509%252509%252509%252509%252509%25257D%25252C%25250A%252509%252509%252509%252509%252509%252509%252509%25257B%25250A%252509%252509%252509%252509%252509%252509%252509%252509%252522Value%252522%25253A%252522null%252526null%252526null%252522%25252C%25250A%252509%252509%252509%252509%252509%252509%252509%252509%252522Date%252522%25253A%2525222026-07-14T06%25253A05%25253A20Z%252522%25250A%252509%252509%252509%252509%252509%252509%252509%25257D%25252C%25250A%252509%252509%252509%252509%252509%252509%252509%25257B%25250A%252509%252509%252509%252509%252509%252509%252509%252509%252522Value%252522%25253A%252522null%252526null%252526null%252522%25252C%25250A%252509%252509%252509%252509%252509%252509%252509%252509%252522Date%252522%25253A%2525222026-07-14T06%25253A05%25253A25Z%252522%25250A%252509%252509%252509%252509%252509%252509%252509%25257D%25252C%25250A%252509%252509%252509%252509%252509%252509%252509%25257B%25250A%252509%252509%252509%252509%252509%252509%252509%252509%252522Value%252522%25253A%25252265.0%25252619.0%2525262112.0%252522%25252C%25250A%252509%252509%252509%252509%252509%252509%252509%252509%252522Date%252522%25253A%2525222026-07-14T06%25253A05%25253A30Z%252522%25250A%252509%252509%252509%252509%252509%252509%252509%25257D%25252C%25250A%252509%252509%252509%252509%252509%252509%252509%25257B%25250A%252509%252509%252509%252509%252509%252509%252509%252509%252522Value%252522%25253A%252522null%252526null%252526null%252522%25252C%25250A%252509%252509%252509%252509%252509%252509%252509%252509%252522Date%252522%25253A%2525222026-07-14T06%25253A05%25253A35Z%252522%25250A%252509%252509%252509%252509%252509%252509%252509%25257D%25252C%25250A%252509%252509%252509%252509%252509%252509%252509%25257B%25250A%252509%252509%252509%252509%252509%252509%252509%252509%252522Value%252522%25253A%252522null%252526null%252526null%252522%25252C%25250A%252509%252509%252509%252509%252509%252509%252509%252509%252522Date%252522%25253A%2525222026-07-14T06%25253A05%25253A40Z%252522%25250A%252509%252509%252509%252509%252509%252509%252509%25257D%25252C%25250A%252509%252509%252509%252509%252509%252509%252509%25257B%25250A%252509%252509%252509%252509%252509%252509%252509%252509%252522Value%252522%25253A%25252265.0%25252619.0%2525262112.0%252522%25252C%25250A%252509%252509%252509%252509%252509%252509%252509%252509%252522Date%252522%25253A%2525222026-07-14T06%25253A05%25253A45Z%252522%25250A%252509%252509%252509%252509%252509%252509%252509%25257D%25252C%25250A%252509%252509%252509%252509%252509%252509%252509%25257B%25250A%252509%252509%252509%252509%252509%252509%252509%252509%252522Value%252522%25253A%252522null%252526null%252526null%252522%25252C%25250A%252509%252509%252509%252509%252509%252509%252509%252509%252522Date%252522%25253A%2525222026-07-14T06%25253A05%25253A50Z%252522%25250A%252509%252509%252509%252509%252509%252509%252509%25257D%25252C%25250A%252509%252509%252509%252509%252509%252509%252509%25257B%25250A%252509%252509%252509%252509%252509%252509%252509%252509%252522Value%252522%25253A%252522null%252526null%252526null%252522%25252C%25250A%252509%252509%252509%252509%252509%252509%252509%252509%252522Date%252522%25253A%2525222026-07-14T06%25253A05%25253A55Z%252522%25250A%252509%252509%252509%252509%252509%252509%252509%25257D%25252C%25250A%252509%252509%252509%252509%252509%252509%252509%25257B%25250A%252509%252509%252509%252509%252509%252509%252509%252509%252522Value%252522%25253A%25252265.0%25252619.0%2525262112.0%252522%25252C%25250A%252509%252509%252509%252509%252509%252509%252509%252509%252522Date%252522%25253A%2525222026-07-14T06%25253A06%25253A00Z%252522%25250A%252509%252509%252509%252509%252509%252509%252509%25257D%25252C%25250A%252509%252509%252509%252509%252509%252509%252509%25257B%25250A%252509%252509%252509%252509%252509%252509%252509%252509%252522Value%252522%25253A%252522null%252526null%252526null%252522%25252C%25250A%252509%252509%252509%252509%252509%252509%252509%252509%252522Date%252522%25253A%2525222026-07-14T06%25253A06%25253A05Z%252522%25250A%252509%252509%252509%252509%252509%252509%252509%25257D%25252C%25250A%252509%252509%252509%252509%252509%252509%252509%25257B%25250A%252509%252509%252509%252509%252509%252509%252509%252509%252522Value%252522%25253A%252522null%252526null%252526null%252522%25252C%25250A%252509%252509%252509%252509%252509%252509%252509%252509%252522Date%252522%25253A%2525222026-07-14T06%25253A06%25253A10Z%252522%25250A%252509%252509%252509%252509%252509%252509%252509%25257D%25252C%25250A%252509%252509%252509%252509%252509%252509%252509%25257B%25250A%252509%252509%252509%252509%252509%252509%252509%252509%252522Value%252522%25253A%25252265.0%25252619.0%2525262112.0%252522%25252C%25250A%252509%252509%252509%252509%252509%252509%252509%252509%252522Date%252522%25253A%2525222026-07-14T06%25253A06%25253A15Z%252522%25250A%252509%252509%252509%252509%252509%252509%252509%25257D%25252C%25250A%252509%252509%252509%252509%252509%252509%252509%25257B%25250A%252509%252509%252509%252509%252509%252509%252509%252509%252522Value%252522%25253A%252522null%252526null%252526null%252522%25252C%25250A%252509%252509%252509%252509%252509%252509%252509%252509%252522Date%252522%25253A%2525222026-07-14T06%25253A06%25253A20Z%252522%25250A%252509%252509%252509%252509%252509%252509%252509%25257D%25252C%25250A%252509%252509%252509%252509%252509%252509%252509%25257B%25250A%252509%252509%252509%252509%252509%252509%252509%252509%252522Value%252522%25253A%252522null%252526null%252526null%252522%25252C%25250A%252509%252509%252509%252509%252509%252509%252509%252509%252522Date%252522%25253A%2525222026-07-14T06%25253A06%25253A25Z%252522%25250A%252509%252509%252509%252509%252509%252509%252509%25257D%25252C%25250A%252509%252509%252509%252509%252509%252509%252509%25257B%25250A%252509%252509%252509%252509%252509%252509%252509%252509%252522Value%252522%25253A%25252265.0%25252619.0%2525262112.0%252522%25252C%25250A%252509%252509%252509%252509%252509%252509%252509%252509%252522Date%252522%25253A%2525222026-07-14T06%25253A06%25253A30Z%252522%25250A%252509%252509%252509%252509%252509%252509%252509%25257D%25252C%25250A%252509%252509%252509%252509%252509%252509%252509%25257B%25250A%252509%252509%252509%252509%252509%252509%252509%252509%252522Value%252522%25253A%252522null%252526null%252526null%252522%25252C%25250A%252509%252509%252509%252509%252509%252509%252509%252509%252522Date%252522%25253A%2525222026-07-14T06%25253A06%25253A35Z%252522%25250A%252509%252509%252509%252509%252509%252509%252509%25257D%25252C%25250A%252509%252509%252509%252509%252509%252509%252509%25257B%25250A%252509%252509%252509%252509%252509%252509%252509%252509%252522Value%252522%25253A%252522null%252526null%252526null%252522%25252C%25250A%252509%252509%252509%252509%252509%252509%252509%252509%252522Date%252522%25253A%2525222026-07-14T06%25253A06%25253A40Z%252522%25250A%252509%252509%252509%252509%252509%252509%252509%25257D%25252C%25250A%252509%252509%252509%252509%252509%252509%252509%25257B%25250A%252509%252509%252509%252509%252509%252509%252509%252509%252522Value%252522%25253A%25252265.0%25252619.0%2525262112.0%252522%25252C%25250A%252509%252509%252509%252509%252509%252509%252509%252509%252522Date%252522%25253A%2525222026-07-14T06%25253A06%25253A45Z%252522%25250A%252509%252509%252509%252509%252509%252509%252509%25257D%25252C%25250A%252509%252509%252509%252509%252509%252509%252509%25257B%25250A%252509%252509%252509%252509%252509%252509%252509%252509%252522Value%252522%25253A%252522null%252526null%252526null%252522%25252C%25250A%252509%252509%252509%252509%252509%252509%252509%252509%252522Date%252522%25253A...%2526headers%253D%25257B%252522Content-Type%252522%25253A%252522application%25252Fx-www-form-urlencoded%252522%25257D%2526rtype%253Dxhr%2526plugin_version%253D3.2.4%2526ts%253D1784012328660%2526type%253Dapi%26cache%3Da6686c0%26jsver%3Daplus.js%26lver%3D1.13.27%26customSdkId%3D%26platformType%3Dpc%26device_model%3DMacintosh%26os%3DMac%20OS%20X%26os_version%3D10.15.7%26o%3Dmac%26w%3Dwebkit%26s%3D1280x720%26scr%3D1280x720%26m%3D%26ism%3Dmac%26p%3D1%26b%3Dchrome149%26tag%3D0%26stag%3D-3%26lstag%3D-1%26_g_encode%3Dutf-8&cna=&spm-cnt=5176.19908494.0.0.52d91450cxuUDN&spm-url=5176.28369458.0.0.36961450Jepyio&_gr_uid_=1048726631550559&uidaplus=1048726631550559&logtype=2&scr=1280x720&_p_url=https%3A%2F%2Frdsnext.console.aliyun.com%2Fdetail%2Fpgm-wz9t7bv5jsk55jh1%2FmonitorAlarm%3Fspm%3D5176.28369458.0.0.36961450Jepyio%26region%3Dcn-shenzhen%26DedicatedHostGroupId%3D:0
[ 2699693ms] [WARNING] [APLUS] -- 日志上报失败，注意，要切成动态网络啦! @ :2
[ 2699693ms] [ERROR] Failed to load resource: net::ERR_CONNECTION_CLOSED @ https://d-gm.mmstat.com/aes.1.1?gmkey=EXP&gokey=uidaplus%3D1048726631550559%26spm-url%3D5176.28369458.0.0.36961450Jepyio%26spm-pre%3D%26spm-cnt%3D5176.19908494.0.0.52d91450cxuUDN%26_f_t%3Dfalse%26pid%3Drdsnext%26sdk_version%3D3.3.18%26pv_id%3DLJQGceZrM3uv2y5lenKW%26timezone_offset%3D-480%26title%3DRDS%25E7%25AE%25A1%25E7%2590%2586%25E6%258E%25A7%25E5%2588%25B6%25E5%258F%25B0%26spm_a%3D5176%26spm_b%3D19908494%26dpi%3D1%26sr%3D1280x720%26platform%3Dweb%26language%3Den-US%26user_type%3D6%26uid%3D1048726631550559%26env%3Dprod%26downlink%3D10%26net_type%3D4g%26page_id%3D%252Fdetail%252F%253ADBInstanceId%252FmonitorAlarm%26user_agent_data%3D%257B%2522mobile%2522%253Afalse%252C%2522model%2522%253A%2522%2522%252C%2522platform%2522%253A%2522macOS%2522%252C%2522platformVersion%2522%253A%252226.5.2%2522%252C%2522fullVersionList%2522%253A%255B%257B%2522brand%2522%253A%2522Google%2520Chrome%2522%252C%2522version%2522%253A%2522149.0.7827.201%2522%257D%252C%257B%2522brand%2522%253A%2522Chromium%2522%252C%2522version%2522%253A%2522149.0.7827.201%2522%257D%252C%257B%2522brand%2522%253A%2522Not)A%253BBrand%2522%252C%2522version%2522%253A%252224.0.0.0%2522%257D%255D%257D%26origin_url%3Dhttps%253A%252F%252Frdsnext.console.aliyun.com%252Fdetail%252Fpgm-wz9t7bv5jsk55jh1%252FmonitorAlarm%253Fspm%253D5176.28369458.0.0.36961450Jepyio%2526region%253Dcn-shenzhen%2526DedicatedHostGroupId%253D%26msg%3Durl%253DDescribeDBInstancePerformance%2526method%253DPOST%2526success%253Dtrue%2526msg%253D019F5F6B-CCFF-5858-AE6D-211113211A69%2526status%253D200%2526code%253D200%2526duration%253D475%2526trace_id%253D0bc3b4ae17840123281538482e413e%2526params%253D__action%25253DDescribeDBInstancePerformance%2526body%253Dproduct%25253Drds%252526action%25253DDescribeDBInstancePerformance%252526params%25253D%2525257B%25252522StartTime%25252522%2525253A%252525222026-07-14T05%2525253A58Z%25252522%2525252C%25252522EndTime%25252522%2525253A%252525222026-07-14T06%2525253A58Z%25252522%2525252C%25252522key%25252522%2525253A%25252522PgSQLLocalDiskUsageSTAT%25252522%2525252C%25252522dBInstanceId%25252522%2525253A%25252522pgm-wz9t7bv5jsk55jh1%25252522%2525252C%25252522UseNullWhenMissingPoint%25252522%2525253Atrue%2525252C%25252522RegionId%25252522%2525253A%25252522cn-shenzhen%25252522%2525257D%252526sec_token%25253DeIrlFmLDgToEOzMPbhI438%252526umid%25253DY29b3ca4c152f1edb542c34bd8848d7a8%252526collina%25253D140%25252523Ep1rF1YqzzFv9zo2LZLuC3SdvMUfLT%2525252Bs2FjMgavg6d%2525252BezgCu9dDSUEvj2YGRnrTidUdtbWifsNrSWWInIw2gk5GBGbLpP3hqzzcH8sOBvG1zzqIBba7ulFzx2DD3VtgqQ3f5Wvgg55vHcWkYyo1em%2525252BPoPXQwoUcXcGs1P5YF5Pg%2525252F%2525252Bz1tJWfEzNvcfYQjHWod%2525252BJsMfvhTYlhW3F1ZNougD2waAhrc%2525252BD4Y442XCzC710%2525252F44h13sV1VnqI0Ca%2525252BH%2525252BiCDKuFAwPCnGdhoKOuop8pj%2525252F9nftW2gc0N2Lh4itiHDkPVQm2%2525252BjOwSMcqlL%2525252FGSAKIJAmNfg%2525252F0Ei6QnuHXbw9Dz1rkldq9fR%2525252BEl4F%2525252BSEXdEgvMIVFmTEEZdhK6ISXm%2525252B%2525252BWZh4FYuHXEVovFw9FNc98w%2525252BxZHcgRZ9bLUDsZ9bcRiE7SEIyWojSQnS3FaHEBELs20qvPKbzjnPNy0whPX8G5IQCCq8qj7y82iPhf3DpQfPXVxcUf57O6i5n44vkU7OIwoNUX4U%2525252BTAVNJV7vXhVyh5tmHqh86LsNPbwrRtPz6UnhNdEhR9uGYQGCKkmqgRM8CQB7B1nsg0vgsf%2525252Fljo%2525252BMGA5t3mmWkQMTAlYqj7%2525252BYkiN1DQ7o9XFiFKfmDsNyiDdqkQsHlHwr2ACQDQOxxD2iVP%2525252F%2525252FlQrozxHnb5Bu5Fri%2525252F5%2525252BLfYLLMZ2aMXm%2525252BL4OGtvIdMoUSauHHl2mu2NqkEcaSmrGHcquLEFgP2qlGH8fLw4aLD1CscjGhBQoFPoHwDU1rk2a8fkrFQn0WV43uyp2JmWdsVjVjOGYcKQ4Oeb1tV0wisWDbml6IUsKlz0N7JoCzoBd4kn%2525252BCzC57tt2iUZb1pkPjMljn7z%2525252FDecTzb2u5WXH662YRgBoR4ICAqFc1zwX4ikIozSSd8KPBVnyomPdApJsW0G3So2vNjywMNhzYQeRLQGXojE4JbxIsFyXGzWzJUa7u2SL4bBk3eNI1Mz6OJOueRrqQExqvLuctxQPLTDjV1V3OS3WZwBQvAJ%2525252FnM0B%2525252BkmO5Xfpc9EOwdJzZ5OhyLAPrBEMJcJ%2525252FHzYIQq3WCD96DrbqZQ4xwB%2525252F0N3MUhbyaEjopx9ruol8OlIkPcMSv6%2525252BgWeHCHlA2xcJkCaX4De1Yv3K3QZ97oI4s3782nqHwISy%2525252B8G8qRrYddpFsdJAbnmTWRfBIQlnd2Hv6iqCbSfX1RteChdLTuKyuSgcQuMw4UTIC7bY2c0JQYLALSp3%2525252BwnIASJITJoRHGtlmHaKqQanb314RgLpBuvWD223HRq2SmQ4M1QLBEXbPiNs9oMFvYmdvzOqLkxT2NtAM%2525252BLOsVw%2525252FIJAIBAeF3UEtXNshYn74U37utRE1mserhwZ2aVTlZ%2525252BYn8DrRqCnF8hDacJ1z1bKwYc2F53H3nH4gq5kAfLZ808tS7xq%2525252FSdBWyugRM1EiiXsWFGe3nMio%2525252Bqnim1g1KPjkUT3MydJIy6UgnhFXelQiW67oz%2525253D%2525253D%252526region%25253Dcn-shenzhen%2526response%253D%25257B%25250A%252509%252522code%252522%25253A%252522200%252522%25252C%25250A%252509%252522data%252522%25253A%25257B%25250A%252509%252509%252522PerformanceKeys%252522%25253A%25257B%25250A%252509%252509%252509%252522PerformanceKey%252522%25253A%25255B%25250A%252509%252509%252509%252509%25257B%25250A%252509%252509%252509%252509%252509%252522ValueFormat%252522%25253A%252522mean_local_fs_size_usage%252522%25252C%25250A%252509%252509%252509%252509%252509%252522Values%252522%25253A%25257B%25250A%252509%252509%252509%252509%252509%252509%252522PerformanceValue%252522%25253A%25255B%25250A%252509%252509%252509%252509%252509%252509%252509%25257B%25250A%252509%252509%252509%252509%252509%252509%252509%252509%252522Value%252522%25253A%2525224.29%252522%25252C%25250A%252509%252509%252509%252509%252509%252509%252509%252509%252522Date%252522%25253A%2525222026-07-14T05%25253A58%25253A00Z%252522%25250A%252509%252509%252509%252509%252509%252509%252509%25257D%25252C%25250A%252509%252509%252509%252509%252509%252509%252509%25257B%25250A%252509%252509%252509%252509%252509%252509%252509%252509%252522Value%252522%25253A%2525224.29%252522%25252C%25250A%252509%252509%252509%252509%252509%252509%252509%252509%252522Date%252522%25253A%2525222026-07-14T05%25253A58%25253A05Z%252522%25250A%252509%252509%252509%252509%252509%252509%252509%25257D%25252C%25250A%252509%252509%252509%252509%252509%252509%252509%25257B%25250A%252509%252509%252509%252509%252509%252509%252509%252509%252522Value%252522%25253A%2525224.29%252522%25252C%25250A%252509%252509%252509%252509%252509%252509%252509%252509%252522Date%252522%25253A%2525222026-07-14T05%25253A58%25253A10Z%252522%25250A%252509%252509%252509%252509%252509%252509%252509%25257D%25252C%25250A%252509%252509%252509%252509%252509%252509%252509%25257B%25250A%252509%252509%252509%252509%252509%252509%252509%252509%252522Value%252522%25253A%2525224.29%252522%25252C%25250A%252509%252509%252509%252509%252509%252509%252509%252509%252522Date%252522%25253A%2525222026-07-14T05%25253A58%25253A15Z%252522%25250A%252509%252509%252509%252509%252509%252509%252509%25257D%25252C%25250A%252509%252509%252509%252509%252509%252509%252509%25257B%25250A%252509%252509%252509%252509%252509%252509%252509%252509%252522Value%252522%25253A%2525224.29%252522%25252C%25250A%252509%252509%252509%252509%252509%252509%252509%252509%252522Date%252522%25253A%2525222026-07-14T05%25253A58%25253A20Z%252522%25250A%252509%252509%252509%252509%252509%252509%252509%25257D%25252C%25250A%252509%252509%252509%252509%252509%252509%252509%25257B%25250A%252509%252509%252509%252509%252509%252509%252509%252509%252522Value%252522%25253A%2525224.29%252522%25252C%25250A%252509%252509%252509%252509%252509%252509%252509%252509%252522Date%252522%25253A%2525222026-07-14T05%25253A58%25253A25Z%252522%25250A%252509%252509%252509%252509%252509%252509%252509%25257D%25252C%25250A%252509%252509%252509%252509%252509%252509%252509%25257B%25250A%252509%252509%252509%252509%252509%252509%252509%252509%252522Value%252522%25253A%2525224.29%252522%25252C%25250A%252509%252509%252509%252509%252509%252509%252509%252509%252522Date%252522%25253A%2525222026-07-14T05%25253A58%25253A30Z%252522%25250A%252509%252509%252509%252509%252509%252509%252509%25257D%25252C%25250A%252509%252509%252509%252509%252509%252509%252509%25257B%25250A%252509%252509%252509%252509%252509%252509%252509%252509%252522Value%252522%25253A%2525224.29%252522%25252C%25250A%252509%252509%252509%252509%252509%252509%252509%252509%252522Date%252522%25253A%2525222026-07-14T05%25253A58%25253A35Z%252522%25250A%252509%252509%252509%252509%252509%252509%252509%25257D%25252C%25250A%252509%252509%252509%252509%252509%252509%252509%25257B%25250A%252509%252509%252509%252509%252509%252509%252509%252509%252522Value%252522%25253A%2525224.29%252522%25252C%25250A%252509%252509%252509%252509%252509%252509%252509%252509%252522Date%252522%25253A%2525222026-07-14T05%25253A58%25253A40Z%252522%25250A%252509%252509%252509%252509%252509%252509%252509%25257D%25252C%25250A%252509%252509%252509%252509%252509%252509%252509%25257B%25250A%252509%252509%252509%252509%252509%252509%252509%252509%252522Value%252522%25253A%2525224.29%252522%25252C%25250A%252509%252509%252509%252509%252509%252509%252509%252509%252522Date%252522%25253A%2525222026-07-14T05%25253A58%25253A45Z%252522%25250A%252509%252509%252509%252509%252509%252509%252509%25257D%25252C%25250A%252509%252509%252509%252509%252509%252509%252509%25257B%25250A%252509%252509%252509%252509%252509%252509%252509%252509%252522Value%252522%25253A%2525224.29%252522%25252C%25250A%252509%252509%252509%252509%252509%252509%252509%252509%252522Date%252522%25253A%2525222026-07-14T05%25253A58%25253A50Z%252522%25250A%252509%252509%252509%252509%252509%252509%252509%25257D%25252C%25250A%252509%252509%252509%252509%252509%252509%252509%25257B%25250A%252509%252509%252509%252509%252509%252509%252509%252509%252522Value%252522%25253A%2525224.29%252522%25252C%25250A%252509%252509%252509%252509%252509%252509%252509%252509%252522Date%252522%25253A%2525222026-07-14T05%25253A58%25253A55Z%252522%25250A%252509%252509%252509%252509%252509%252509%252509%25257D%25252C%25250A%252509%252509%252509%252509%252509%252509%252509%25257B%25250A%252509%252509%252509%252509%252509%252509%252509%252509%252522Value%252522%25253A%2525224.29%252522%25252C%25250A%252509%252509%252509%252509%252509%252509%252509%252509%252522Date%252522%25253A%2525222026-07-14T05%25253A59%25253A00Z%252522%25250A%252509%252509%252509%252509%252509%252509%252509%25257D%25252C%25250A%252509%252509%252509%252509%252509%252509%252509%25257B%25250A%252509%252509%252509%252509%252509%252509%252509%252509%252522Value%252522%25253A%2525224.29%252522%25252C%25250A%252509%252509%252509%252509%252509%252509%252509%252509%252522Date%252522%25253A%2525222026-07-14T05%25253A59%25253A05Z%252522%25250A%252509%252509%252509%252509%252509%252509%252509%25257D%25252C%25250A%252509%252509%252509%252509%252509%252509%252509%25257B%25250A%252509%252509%252509%252509%252509%252509%252509%252509%252522Value%252522%25253A%2525224.29%252522%25252C%25250A%252509%252509%252509%252509%252509%252509%252509%252509%252522Date%252522%25253A%2525222026-07-14T05%25253A59%25253A10Z%252522%25250A%252509%252509%252509%252509%252509%252509%252509%25257D%25252C%25250A%252509%252509%252509%252509%252509%252509%252509%25257B%25250A%252509%252509%252509%252509%252509%252509%252509%252509%252522Value%252522%25253A%2525224.29%252522%25252C%25250A%252509%252509%252509%252509%252509%252509%252509%252509%252522Date%252522%25253A%2525222026-07-14T05%25253A59%25253A15Z%252522%25250A%252509%252509%252509%252509%252509%252509%252509%25257D%25252C%25250A%252509%252509%252509%252509%252509%252509%252509%25257B%25250A%252509%252509%252509%252509%252509%252509%252509%252509%252522Value%252522%25253A%2525224.29%252522%25252C%25250A%252509%252509%252509%252509%252509%252509%252509%252509%252522Date%252522%25253A%2525222026-07-14T05%25253A59%25253A20Z%252522%25250A%252509%252509%252509%252509%252509%252509%252509%25257D%25252C%25250A%252509%252509%252509%252509%252509%252509%252509%25257B%25250A%252509%252509%252509%252509%252509%252509%252509%252509%252522Value%252522%25253A%2525224.29%252522%25252C%25250A%252509%252509%252509%252509%252509%252509%252509%252509%252522Date%252522%25253A%2525222026-07-14T05%25253A59%25253A25Z%252522%25250A%252509%252509%252509%252509%252509%252509%252509%25257D%25252C%25250A%252509%252509%252509%252509%252509%252509%252509%25257B%25250A%252509%252509%252509%252509%252509%252509%252509%252509%252522Value%252522%25253A%2525224.29%252522%25252C%25250A%252509%252509%252509%252509%252509%252509%252509%252509%252522Date%252522%25253A%2525222026-07-14T05%25253A59%25253A30Z%252522%25250A%252509%252509%252509%252509%252509%252509%252509%25257D%25252C%25250A%252509%252509%252509%252509%252509%252509%252509%25257B%25250A%252509%252509%252509%252509%252509%252509%252509%252509%252522Value%252522%25253A%2525224.29%252522%25252C%25250A%252509%252509%252509%252509%252509%252509%252509%252509%252522Date%252522%25253A%2525222026-07-14T05%25253A59%25253A35Z%252522%25250A%252509%252509%252509%252509%252509%252509%252509%25257D%25252C%25250A%252509%252509%252509%252509%252509%252509%252509%25257B%25250A%252509%252509%252509%252509%252509%252509%252509%252509%252522Value%252522%25253A%2525224.29%252522%25252C%25250A%252509%252509%252509%252509%252509%252509%252509%252509%252522Date%252522%25253A%2525222026-07-14T05%25253A59%25253A40Z%252522%25250A%252509%252509%252509%252509%252509%252509%252509%25257D%25252C%25250A%252509%252509%252509%252509%252509%252509%252509%25257B%25250A%252509%252509%252509%252509%252509%252509%252509%252509%252522Value%252522%25253A%2525224.29%252522%25252C%25250A%252509%252509%252509%252509%252509%252509%252509%252509%252522Date%252522%25253A%2525222026-07-14T05%25253A59%25253A45Z%252522%25250A%252509%252509%252509%252509%252509%252509%252509%25257D%25252C%25250A%252509%252509%252509%252509%252509%252509%252509%25257B%25250A%252509%252509%252509%252509%252509%252509%252509%252509%252522Value%252522%25253A%2525224.29%252522%25252C%25250A%252509%252509%252509%252509%252509%252509%252509%252509%252522Date%252522%25253A%2525222026-07-14T05%25253A59%25253A50Z%252522%25250A%252509%252509%252509%252509%252509%252509%252509%25257D%25252C%25250A%252509%252509%252509%252509%252509%252509%252509%25257B%25250A%252509%252509%252509%252509%252509%252509%252509%252509%252522Value%252522%25253A%2525224.29%252522%25252C%25250A%252509%252509%252509%252509%252509%252509%252509%252509%252522Date%252522%25253A%2525222026-07-14T05%25253A59%25253A55Z%252522%25250A%252509%252509%252509%252509%252509%252509%252509%25257D%25252C%25250A%252509%252509%252509%252509%252509%252509%252509%25257B%25250A%252509%252509%252509%252509%252509%252509%252509%252509%252522Value%252522%25253A%2525224.29%252522%25252C%25250A%252509%252509%252509%252509%252509%252509%252509%252509%252522Date%252522%25253A%2525222026-07-14T06%25253A00%25253A00Z%252522%25250A%252509%252509%252509%252509%252509%252509%252509%25257D%25252C%25250A%252509%252509%252509%252509%252509%252509%252509%25257B%25250A%252509%252509%252509%252509%252509%252509%252509%252509%252522Value%252522%25253A%2525224.29%252522%25252C%25250A%252509%252509%252509%252509%252509%252509%252509%252509%252522Date%252522%25253A%2525222026-07-14T06%25253A00%25253A05Z%252522%25250A%252509%252509%252509%252509%252509%252509%252509%25257D%25252C%25250A%252509%252509%252509%252509%252509%252509%252509%25257B%25250A%252509%252509%252509%252509%252509%252509%252509%252509%252522Value%252522%25253A%2525224.29%252522%25252C%25250A%252509%252509%252509%252509%252509%252509%252509%252509%252522Date%252522%25253A%2525222026-07-14T06%25253A00%25253A10Z%252522%25250A%252509%252509%252509%252509%252509%252509%252509%25257D%25252C%25250A%252509%252509%252509%252509%252509%252509%252509%25257B%25250A%252509%252509%252509%252509%252509%252509%252509%252509%252522Value%252522%25253A%2525224.29%252522%25252C%25250A%252509%252509%252509%252509%252509%252509%252509%252509%252522Date%252522%25253A%2525222026-07-14T06%25253A00%25253A15Z%252522%25250A%252509%252509%252509%252509%252509%252509%252509%25257D%25252C%25250A%252509%252509%252509%252509%252509%252509%252509%25257B%25250A%252509%252509%252509%252509%252509%252509%252509%252509%252522Value%252522%25253A%2525224.29%252522%25252C%25250A%252509%252509%252509%252509%252509%252509%252509%252509%252522Date%252522%25253A%2525222026-07-14T06%25253A00%25253A20Z%252522%25250A%252509%252509%252509%252509%252509%252509%252509%25257D%25252C%25250A%252509%252509%252509%252509%252509%252509%252509%25257B%25250A%252509%252509%252509%252509%252509%252509%252509%252509%252522Value%252522%25253A%2525224.29%252522%25252C%25250A%252509%252509%252509%252509%252509%252509%252509%252509%252522Date%252522%25253A%2525222026-07-14T06%25253A00%25253A25Z%252522%25250A%252509%252509%252509%252509%252509%252509%252509%25257D%25252C%25250A%252509%252509%252509%252509%252509%252509%252509%25257B%25250A%252509%252509%252509%252509%252509%252509%252509%252509%252522Value%252522%25253A%2525224.29%252522%25252C%25250A%252509%252509%252509%252509%252509%252509%252509%252509%252522Date%252522%25253A%2525222026-07-14T06%25253A00%25253A30Z%252522%25250A%252509%252509%252509%252509%252509%252509%252509%25257D%25252C%25250A%252509%252509%252509%252509%252509%252509%252509%25257B%25250A%252509%252509%252509%252509%252509%252509%252509%252509%252522Value%252522%25253A%2525224.29%252522%25252C%25250A%252509%252509%252509%252509%252509%252509%252509%252509%252522Date%252522%25253A%2525222026-07-14T06%25253A00%25253A35Z%252522%25250A%252509%252509%252509%252509%252509%252509%252509%25257D%25252C%25250A%252509%252509%252509%252509%252509%252509%252509%25257B%25250A%252509%252509%252509%252509%252509%252509%252509%252509%252522Value%252522%25253A%2525224.29%252522%25252C%25250A%252509%252509%252509%252509%252509%252509%252509%252509%252522Date%252522%25253A%2525222026-07-14T06%25253A00%25253A40Z%252522%25250A%252509%252509%252509%252509%252509%252509%252509%25257D%25252C%25250A%252509%252509%252509%252509%252509%252509%252509%25257B%25250A%252509%252509%252509%252509%252509%252509%252509%252509%252522Value%252522%25253A%2525224.29%252522%25252C%25250A%252509%252509%252509%252509%252509%252509%252509%252509%252522Date%252522%25253A%2525222026-07-14T06%25253A00%25253A45Z%252522%25250A%252509%252509%252509%252509%252509%252509%252509%25257D%25252C%25250A%252509%252509%252509%252509%252509%252509%252509%25257B%25250A%252509%252509%252509%252509%252509%252509%252509%252509%252522Value%252522%25253A%2525224.29%252522%25252C%25250A%252509%252509%252509%252509%252509%252509%252509%252509%252522Date%252522%25253A%2525222026-07-14T06%25253A00%25253A50Z%252522%25250A%252509%252509%252509%252509%252509%252509%252509%25257D%25252C%25250A%252509%252509%252509%252509%252509%252509%252509%25257B%25250A%252509%252509%252509%252509%252509%252509%252509%252509%252522Value%252522%25253A%2525224.29%252522%25252C%25250A%252509%252509%252509%252509%252509%252509%252509%252509%252522Date%252522%25253A%2525222026-07-14T06%25253A00%25253A55Z%252522%25250A%252509%252509%252509%252509%252509%252509%252509%25257D%25252C%25250A%252509%252509%252509%252509%252509%252509%252509%25257B%25250A%252509%252509%252509%252509%252509%252509%252509%252509%252522Value%252522%25253A%2525224.29%252522%25252C%25250A%252509%252509%252509%252509%252509%252509%252509%252509%252522Date%252522%25253A%2525222026-07-14T06%25253A01%25253A00Z%252522%25250A%252509%252509%252509%252509%252509%252509%252509%25257D%25252C%25250A%252509%252509%252509%252509%252509%252509%252509%25257B%25250A%252509%252509%252509%252509%252509%252509%252509%252509%252522Value%252522%25253A%2525224.29%252522%25252C%25250A%252509%252509%252509%252509%252509%252509%252509%252509%252522Date%252522%25253A%2525222026-07-14T06%25253A01%25253A05Z%252522%25250A%252509%252509%252509%252509%252509%252509%252509%25257D%25252C%25250A%252509%252509%252509%252509%252509%252509%252509%25257B%25250A%252509%252509%252509%252509%252509%252509%252509%252509%252522Value%252522%25253A%2525224.29%252522%25252C%25250A%252509%252509%252509%252509%252509%252509%252509%252509%252522Date%252522%25253A%2525222026-07-14T06%25253A01%25253A10Z%252522%25250A%252509%252509%252509%252509%252509%252509%252509%25257D%25252C%25250A%252509%252509%252509%252509%252509%252509%252509%25257B%25250A%252509%252509%252509%252509%252509%252509%252509%252509%252522Value%252522%25253A%2525224.29%252522%25252C%25250A%252509%252509%252509%252509%252509%252509%252509%252509%252522Date%252522%25253A%2525222026-07-14T06%25253A01%25253A15Z%252522%25250A%252509%252509%252509%252509%252509%252509%252509%25257D%25252C%25250A%252509%252509%252509%252509%252509%252509%252509%25257B%25250A%252509%252509%252509%252509%252509%252509%252509%252509%252522Value%252522%25253A%2525224.29%252522%25252C%25250A%252509%252509%252509%252509%252509%252509%252509%252509%252522Date%252522%25253A%2525222026-07-14T06%25253A01%25253A20Z%252522%25250A%252509%252509%252509%252509%252509%252509%252509%25257D%25252C%25250A%252509%252509%252509%252509%252509%252509%252509%25257B%25250A%252509%252509%252509%252509%252509%252509%252509%252509%252522Value%252522%25253A%2525224.29%252522%25252C%25250A%252509%252509%252509%252509%252509%252509%252509%252509%252522Date%252522%25253A%2525222026-07-14T06%25253A01%25253A25Z%252522%25250A%252509%252509%252509%252509%252509%252509%252509%25257D%25252C%25250A%252509%252509%252509%252509%252509%252509%252509%25257B%25250A%252509%252509%252509%252509%252509%252509%252509%252509%252522Value%252522%25253A%2525224.29%252522%25252C%25250A%252509%252509%252509%252509%252509%252509%252509%252509%252522Date%252522%25253A%2525222026-07-14T06%25253A01%25253A30Z%252522%25250A%252509%252509%252509%252509%252509%252509%252509%25257D%25252C%25250A%252509%252509%252509%252509%252509%252509%252509%25257B%25250A%252509%252509%252509%252509%252509%252509%252509%252509%252522Value%252522%25253A%2525224.29%252522%25252C%25250A%252509%252509%252509%252509%252509%252509%252509%252509%252522Date%252522%25253A%2525222026-07-14T06%25253A01%25253A35Z%252522%25250A%252509%252509%252509%252509%252509%252509%252509%25257D%25252C%25250A%252509%252509%252509%252509%252509%252509%252509%25257B%25250A%252509%252509%252509%252509%252509%252509%252509%252509%252522Value%252522%25253A%2525224.29%252522%25252C%25250A%252509%252509%252509%252509%252509%252509%252509%252509%252522Date%252522%25253A%2525222026-07-14T06%25253A01%25253A40Z%252522%25250A%252509%252509%252509%252509%252509%252509%252509%25257D%25252C%25250A%252509%252509%252509%252509%252509%252509%252509%25257B%25250A%252509%252509%252509%252509%252509%252509%252509%252509%252522Value%252522%25253A%2525224.29%252522%25252C%25250A%252509%252509%252509%252509%252509%252509%252509%252509%252522Date%252522%25253A%2525222026-07-14T06%25253A01%25253A45Z%252522%25250A%252509%252509%252509%252509%252509%252509%252509%25257D%25252C%25250A%252509%252509%252509%252509%252509%252509%252509%25257B%25250A%252509%252509%252509%252509%252509%252509%252509%252509%252522Value%252522%25253A%2525224.29%252522%25252C%25250A%252509%252509%252509%252509%252509%252509%252509%252509%252522Date%252522%25253A%2525222026-07-14T06%25253A01%25253A50Z%252522%25250A%252509%252509%252509%252509%252509%252509%252509%25257D%25252C%25250A%252509%252509%252509%252509%252509%252509%252509%25257B%25250A%252509%252509%252509%252509%252509%252509%252509%252509%252522Value%252522%25253A%2525224.29%252522%25252C%25250A%252509%252509%252509%252509%252509%252509%252509%252509%252522Date%252522%25253A%2525222026-07-14T06%25253A01%25253A55Z%252522%25250A%252509%252509%252509%252509%252509%252509%252509%25257D%25252C%25250A%252509%252509%252509%252509%252509%252509%252509%25257B%25250A%252509%252509%252509%252509%252509%252509%252509%252509%252522Value%252522%25253A%2525224.29%252522%25252C%25250A%252509%252509%252509%252509%252509%252509%252509%252509%252522Date%252522%25253A%2525222026-07-14T06%25253A02%25253A00Z%252522%25250A%252509%252509%252509%252509%252509%252509%252509%25257D%25252C%25250A%252509%252509%252509%252509%252509%252509%252509%25257B%25250A%252509%252509%252509%252509%252509%252509%252509%252509%252522Value%252522%25253A%2525224.29%252522%25252C%25250A%252509%252509%252509%252509%252509%252509%252509%252509%252522Date%252522%25253A%2525222026-07-14T06%25253A02%25253A05Z%252522%25250A%252509%252509%252509%252509%252509%252509%252509%25257D%25252C%25250A%252509%252509%252509%252509%252509%252509%252509%25257B%25250A%252509%252509%252509%252509%252509%252509%252509%252509%252522Value%252522%25253A%2525224.29%252522%25252C%25250A%252509%252509%252509%252509%252509%252509%252509%252509%252522Date%252522%25253A%2525222026-07-14T06%25253A02%25253A10Z%252522%25250A%252509%252509%252509%252509%252509%252509%252509%25257D%25252C%25250A%252509%252509%252509%252509%252509%252509%252509%25257B%25250A%252509%252509%252509%252509%252509%252509%252509%252509%252522Value%252522%25253A%2525224.29%252522%25252C%25250A%252509%252509%252509%252509%252509%252509%252509%252509%252522Date%252522%25253A%2525222026-07-14T06%25253A02%25253A15Z%252522%25250A%252509%252509%252509%252509%252509%252509%252509%25257D%25252C%25250A%252509%252509%252509%252509%252509%252509%252509%25257B%25250A%252509%252509%252509%252509%252509%252509%252509%252509%252522Value%252522%25253A%2525224.29%252522%25252C%25250A%252509%252509%252509%252509%252509%252509%252509%252509%252522Date%252522%25253A%2525222026-07-14T06%25253A02%25253A20Z%252522%25250A%252509%252509%252509%252509%252509%252509%252509%25257D%25252C%25250A%252509%252509%252509%252509%252509%252509%252509%25257B%25250A%252509%252509%252509%252509%252509%252509%252509%252509%252522Value%252522%25253A%2525224.29%252522%25252C%25250A%252509%252509%252509%252509%252509%252509%252509%252509%252522Date%252522%25253A%2525222026-07-14T06%25253A02%25253A25Z%252522%25250A%252509%252509%252509%252509%252509%252509%252509%25257D%25252C%25250A%252509%252509%252509%252509%252509%252509%252509%25257B%25250A%252509%252509%252509%252509%252509%252509%252509%252509%252522Value%252522%25253A%2525224.29%252522%25252C%25250A%252509%252509%252509%252509%252509%252509%252509%252509%252522Date%252522%25253A%2525222026-07-14T06%25253A02%25253A30Z%252522%25250A%252509%252509%252509%252509%252509%252509%252509%25257D%25252C%25250A%252509%252509%252509%252509%252509%252509%252509%25257B%25250A%252509%252509%252509%252509%252509%252509%252509%252509%252522Value%252522%25253A%2525224.29%252522%25252C%25250A%252509%252509%252509%252509%252509%252509%252509%252509%252522Date%252522%25253A%2525222026-07-14T06%25253A02%25253A35Z%252522%25250A%252509%252509%252509%252509%252509%252509%252509%25257D%25252C%25250A%252509%252509%252509%252509%252509%252509%252509%25257B%25250A%252509%252509%252509%252509%252509%252509%252509%252509%252522Value%252522%25253A%2525224.29%252522%25252C%25250A%252509%252509%252509%252509%252509%252509%252509%252509%252522Date%252522%25253A%2525222026-07-14T06%25253A02%25253A40Z%252522%25250A%252509%252509%252509%252509%252509%252509%252509%25257D%25252C%25250A%252509%252509%252509%252509%252509%252509%252509%25257B%25250A%252509%252509%252509%252509%252509%252509%252509%252509%252522Value%252522%25253A%2525224.29%252522%25252C%25250A%252509%252509%252509%252509%252509%252509%252509%252509%252522Date%252522%25253A%2525222026-07-14T06%25253A02%25253A45Z%252522%25250A%252509%252509%252509%252509%252509%252509%252509%25257D%25252C%25250A%252509%252509%252509%252509%252509%252509%252509%25257B%25250A%252509%252509%252509%252509%252509%252509%252509%252509%252522Value%252522%25253A%2525224.29%252522%25252C%25250A%252509%252509%252509%252509%252509%252509%252509%252509%252522Date%252522%25253A%2525222026-07-14T06%25253A02%25253A50Z%252522%25250A%252509%252509%252509%252509%252509%252509%252509%25257D%25252C%25250A%252509%252509%252509%252509%252509%252509%252509%25257B%25250A%252509%252509%252509%252509%252509%252509%252509%252509%252522Value%252522%25253A%2525224.29%252522%25252C%25250A%252509%252509%252509%252509%252509%252509%252509%252509%252522Date%252522%25253A%2525222026-07-14T06%25253A02%25253A55Z%252522%25250A%252509%252509%252509%252509%252509%252509%252509%25257D%25252C%25250A%252509%252509%252509%252509%252509%252509%252509%25257B%25250A%252509%252509%252509%252509%252509%252509%252509%252509%252522Value%252522%25253A%2525224.29%252522%25252C%25250A%252509%252509%252509%252509%252509%252509%252509%252509%252522Date%252522%25253A%2525222026-07-14T06%25253A03%25253A00Z%252522%25250A%252509%252509%252509%252509%252509%252509%252509%25257D%25252C%25250A%252509%252509%252509%252509%252509%252509%252509%25257B%25250A%252509%252509%252509%252509%252509%252509%252509%252509%252522Value%252522%25253A%2525224.29%252522%25252C%25250A%252509%252509%252509%252509%252509%252509%252509%252509%252522Date%252522%25253A%2525222026-07-14T06%25253A03%25253A05Z%252522%25250A%252509%252509%252509%252509%252509%252509%252509%25257D%25252C%25250A%252509%252509%252509%252509%252509%252509%252509%25257B%25250A%252509%252509%252509%252509%252509%252509%252509%252509%252522Value%252522%25253A%2525224.29%252522%25252C%25250A%252509%252509%252509%252509%252509%252509%252509%252509%252522Date%252522%25253A%2525222026-07-14T06%25253A03%25253A10Z%252522%25250A%252509%252509%252509%252509%252509%252509%252509%25257D%25252C%25250A%252509%252509%252509%252509%252509%252509%252509%25257B%25250A%252509%252509%252509%252509%252509%252509%252509%252509%252522Value%252522%25253A%2525224.29%252522%25252C%25250A%252509%252509%252509%252509%252509%252509%252509%252509%252522Date%252522%25253A%2525222026-07-14T06%25253A03%25253A15Z%252522%25250A%252509%252509%252509%252509%252509%252509%252509%25257D%25252C%25250A%252509%252509%252509%252509%252509%252509%252509%25257B%25250A%252509%252509%252509%252509%252509%252509%252509%252509%252522Value%252522%25253A%2525224.29%252522%25252C%25250A%252509%252509%252509%252509%252509%252509%252509%252509%252522Date%252522%25253A%2525222026-07-14T06%25253A03%25253A20Z%252522%25250A%252509%252509%252509%252509%252509%252509%252509%25257D%25252C%25250A%252509%252509%252509%252509%252509%252509%252509%25257B%25250A%252509%252509%252509%252509%252509%252509%252509%252509%252522Value%252522%25253A%2525224.29%252522%25252C%25250A%252509%252509%252509%252509%252509%252509%252509%252509%252522Date%252522%25253A%2525222026-07-14T06%25253A03%25253A25Z%252522%25250A%252509%252509%252509%252509%252509%252509%252509%25257D%25252C%25250A%252509%252509%252509%252509%252509%252509%252509%25257B%25250A%252509%252509%252509%252509%252509%252509%252509%252509%252522Value%252522%25253A%2525224.29%252522%25252C%25250A%252509%252509%252509%252509%252509%252509%252509%252509%252522Date%252522%25253A%2525222026-07-14T06%25253A03%25253A30Z%252522%25250A%252509%252509%252509%252509%252509%252509%252509%25257D%25252C%25250A%252509%252509%252509%252509%252509%252509%252509%25257B%25250A%252509%252509%252509%252509%252509%252509%252509%252509%252522Value%252522%25253A%2525224.29%252522%25252C%25250A%252509%252509%252509%252509%252509%252509%252509%252509%252522Date%252522%25253A%2525222026-07-14T06%25253A03%25253A35Z%252522%25250A%252509%252509%252509%252509%252509%252509%252509%25257D%25252C%25250A%252509%252509%252509%252509%252509%252509%252509%25257B%25250A%252509%252509%252509%252509%252509%252509%252509%252509%252522Value%252522%25253A%2525224.29%252522%25252C%25250A%252509%252509%252509%252509%252509%252509%252509%252509%252522Date%252522%25253A%2525222026-07-14T06%25253A03%25253A40Z%252522%25250A%252509%252509%252509%252509%252509%252509%252509%25257D%25252C%25250A%252509%252509%252509%252509%252509%252509%252509%25257B%25250A%252509%252509%252509%252509%252509%252509%252509%252509%252522Value%252522%25253A%2525224.29%252522%25252C%25250A%252509%252509%252509%252509%252509%252509%252509%252509%252522Date%252522%25253A%2525222026-07-14T06%25253A03%25253A45Z%252522%25250A%252509%252509%252509%252509%252509%252509%252509%25257D%25252C%25250A%252509%252509%252509%252509%252509%252509%252509%25257B%25250A%252509%252509%252509%252509%252509%252509%252509%252509%252522Value%252522%25253A%2525224.29%252522%25252C%25250A%252509%252509%252509%252509%252509%252509%252509%252509%252522Date%252522%25253A%2525222026-07-14T06%25253A03%25253A50Z%252522%25250A%252509%252509%252509%252509%252509%252509%252509%25257D%25252C%25250A%252509%252509%252509%252509%252509%252509%252509%25257B%25250A%252509%252509%252509%252509%252509%252509%252509%252509%252522Value%252522%25253A%2525224.29%252522%25252C%25250A%252509%252509%252509%252509%252509%252509%252509%252509%252522Date%252522%25253A%2525222026-07-14T06%25253A03%25253A55Z%252522%25250A%252509%252509%252509%252509%252509%252509%252509%25257D%25252C%25250A%252509%252509%252509%252509%252509%252509%252509%25257B%25250A%252509%252509%252509%252509%252509%252509%252509%252509%252522Value%252522%25253A%2525224.29%252522%25252C%25250A%252509%252509%252509%252509%252509%252509%252509%252509%252522Date%252522%25253A%2525222026-07-14T06%25253A04%25253A00Z%252522%25250A%252509%252509%252509%252509%252509%252509%252509%25257D%25252C%25250A%252509%252509%252509%252509%252509%252509%252509%25257B%25250A%252509%252509%252509%252509%252509%252509%252509%252509%252522Value%252522%25253A%2525224.29%252522%25252C%25250A%252509%252509%252509%252509%252509%252509%252509%252509%252522Date%252522%25253A%2525222026-07-14T06%25253A04%25253A05Z%252522%25250A%252509%252509%252509%252509%252509%252509%252509%25257D%25252C%25250A%252509%252509%252509%252509%252509%252509%252509%25257B%25250A%252509%252509%252509%252509%252509%252509%252509%252509%252522Value%252522%25253A%2525224.29%252522%25252C%25250A%252509%252509%252509%252509%252509%252509%252509%252509%252522Date%252522%25253A%2525222026-07-14T06%25253A04%25253A10Z%252522%25250A%252509%252509%252509%252509%252509%252509%252509%25257D%25252C%25250A%252509%252509%252509%252509%252509%252509%252509%25257B%25250A%252509%252509%252509%252509%252509%252509%252509%252509%252522Value%252522%25253A%2525224.29%252522%25252C%25250A%252509%252509%252509%252509%252509%252509%252509%252509%252522Date%252522%25253A%2525222026-07-14T06%25253A04%25253A15Z%252522%25250A%252509%252509%252509%252509%252509%252509%252509%25257D%25252C%25250A%252509%252509%252509%252509%252509%252509%252509%25257B%25250A%252509%252509%252509%252509%252509%252509%252509%252509%252522Value%252522%25253A%2525224.29%252522%25252C%25250A%252509%252509%252509%252509%252509%252509%252509%252509%252522Date%252522%25253A%2525222026-07-14T06%25253A04%25253A20Z%252522%25250A%252509%252509%252509%252509%252509%252509%252509%25257D%25252C%25250A%252509%252509%252509%252509%252509%252509%252509%25257B%25250A%252509%252509%252509%252509%252509%252509%252509%252509%252522Value%252522%25253A%2525224.29%252522%25252C%25250A%252509%252509%252509%252509%252509%252509%252509%252509%252522Date%252522%25253A%2525222026-07-14T06%25253A04%25253A25Z%252522%25250A%252509%252509%252509%252509%252509%252509%252509%25257D%25252C%25250A%252509%252509%252509%252509%252509%252509%252509%25257B%25250A%252509%252509%252509%252509%252509%252509%252509%252509%252522Value%252522%25253A%2525224.29%252522%25252C%25250A%252509%252509%252509%252509%252509%252509%252509%252509%252522Date%252522%25253A%2525222026-07-14T06%25253A04%25253A30Z%252522%25250A%252509%252509%252509%252509%252509%252509%252509%25257D%25252C%25250A%252509%252509%252509%252509%252509%252509%252509%25257B%25250A%252509%252509%252509%252509%252509%252509%252509%252509%252522Value%252522%25253A%2525224.29%252522%25252C%25250A%252509%252509%252509%252509%252509%252509%252509%252509%252522Date%252522%25253A%2525222026-07-14T06%25253A04%25253A35Z%252522%25250A%252509%252509%252509%252509%252509%252509%252509%25257D%25252C%25250A%252509%252509%252509%252509%252509%252509%252509%25257B%25250A%252509%252509%252509%252509%252509%252509%252509%252509%252522Value%252522%25253A%2525224.29%252522%25252C%25250A%252509%252509%252509%252509%252509%252509%252509%252509%252522Date%252522%25253A%2525222026-07-14T06%25253A04%25253A40Z%252522%25250A%252509%252509%252509%252509%252509%252509%252509%25257D%25252C%25250A%252509%252509%252509%252509%252509%252509%252509%25257B%25250A%252509%252509%252509%252509%252509%252509%252509%252509%252522Value%252522%25253A%2525224.29%252522%25252C%25250A%252509%252509%252509%252509%252509%252509%252509%252509%252522Date%252522%25253A%2525222026-07-14T06%25253A04%25253A45Z%252522%25250A%252509%252509%252509%252509%252509%252509%252509%25257D%25252C%25250A%252509%252509%252509%252509%252509%252509%252509%25257B%25250A%252509%252509%252509%252509%252509%252509%252509%252509%252522Value%252522%25253A%2525224.29%252522%25252C%25250A%252509%252509%252509%252509%252509%252509%252509%252509%252522Date%252522%25253A%2525222026-07-14T06%25253A04%25253A50Z%252522%25250A%252509%252509%252509%252509%252509%252509%252509%25257D%25252C%25250A%252509%252509%252509%252509%252509%252509%252509%25257B%25250A%252509%252509%252509%252509%252509%252509%252509%252509%252522Value%252522%25253A%2525224.29%252522%25252C%25250A%252509%252509%252509%252509%252509%252509%252509%252509%252522Date%252522%25253A%2525222026-07-14T06%25253A04%25253A55Z%252522%25250A%252509%252509%252509%252509%252509%252509%252509%25257D%25252C%25250A%252509%252509%252509%252509%252509%252509%252509%25257B%25250A%252509%252509%252509%252509%252509%252509%252509%252509%252522Value%252522%25253A%2525224.29%252522%25252C%25250A%252509%252509%252509%252509%252509%252509%252509%252509%252522Date%252522%25253A%2525222026-07-14T06%25253A05%25253A00Z%252522%25250A%252509%252509%252509%252509%252509%252509%252509%25257D%25252C%25250A%252509%252509%252509%252509%252509%252509%252509%25257B%25250A%252509%252509%252509%252509%252509%252509%252509%252509%252522Value%252522%25253A%2525224.29%252522%25252C%25250A%252509%252509%252509%252509%252509%252509%252509%252509%252522Date%252522%25253A%2525222026-07-14T06%25253A05%25253A05Z%252522%25250A%252509%252509%252509%252509%252509%252509%252509%25257D%25252C%25250A%252509%252509%252509%252509%252509%252509%252509%25257B%25250A%252509%252509%252509%252509%252509%252509%252509%252509%252522Value%252522%25253A%2525224.29%252522%25252C%25250A%252509%252509%252509%252509%252509%252509%252509%252509%252522Date%252522%25253A%2525222026-07-14T06%25253A05%25253A10Z%252522%25250A%252509%252509%252509%252509%252509%252509%252509%25257D%25252C%25250A%252509%252509%252509%252509%252509%252509%252509%25257B%25250A%252509%252509%252509%252509%252509%252509%252509%252509%252522Value%252522%25253A%2525224.29%252522%25252C%25250A%252509%252509%252509%252509%252509%252509%252509%252509%252522Date%252522%25253A%2525222026-07-14T06%25253A05%25253A15Z%252522%25250A%252509%252509%252509%252509%252509%252509%252509%25257D%25252C%25250A%252509%252509%252509%252509%252509%252509%252509%25257B%25250A%252509%252509%252509%252509%252509%252509%252509%252509%252522Value%252522%25253A%2525224.29%252522%25252C%25250A%252509%252509%252509%252509%252509%252509%252509%252509%252522Date%252522%25253A%2525222026-07-14T06%25253A05%25253A20Z%252522%25250A%252509%252509%252509%252509%252509%252509%252509%25257D%25252C%25250A%252509%252509%252509%252509%252509%252509%252509%25257B%25250A%252509%252509%252509%252509%252509%252509%252509%252509%252522Value%252522%25253A%2525224.29%252522%25252C%25250A%252509%252509%252509%252509%252509%252509%252509%252509%252522Date%252522%25253A%2525222026-07-14T06%25253A05%25253A25Z%252522%25250A%252509%252509%252509%252509%252509%252509%252509%25257D%25252C%25250A%252509%252509%252509%252509%252509%252509%252509%25257B%25250A%252509%252509%252509%252509%252509%252509%252509%252509%252522Value%252522%25253A%2525224.29%252522%25252C%25250A%252509%252509%252509%252509%252509%252509%252509%252509%252522Date%252522%25253A%2525222026-07-14T06%25253A05%25253A30Z%252522%25250A%252509%252509%252509%252509%252509%252509%252509%25257D%25252C%25250A%252509%252509%252509%252509%252509%252509%252509%25257B%25250A%252509%252509%252509%252509%252509%252509%252509%252509%252522Value%252522%25253A%2525224.29%252522%25252C%25250A%252509%252509%252509%252509%252509%252509%252509%252509%252522Date%252522%25253A%2525222026-07-14T06%25253A05%25253A35Z%252522%25250A%252509%252509%252509%252509%252509%252509%252509%25257D%25252C%25250A%252509%252509%252509%252509%252509%252509%252509%25257B%25250A%252509%252509%252509%252509%252509%252509%252509%252509%252522Value%252522%25253A%2525224.29%252522%25252C%25250A%252509%252509%252509%252509%252509%252509%252509%252509%252522Date%252522%25253A%2525222026-07-14T06%25253A05%25253A40Z%252522%25250A%252509%252509%252509%252509%252509%252509%252509%25257D%25252C%25250A%252509%252509%252509%252509%252509%252509%252509%25257B%25250A%252509%252509%252509%252509%252509%252509%252509%252509%252522Value%252522%25253A%2525224.29%252522%25252C%25250A%252509%252509%252509%252509%252509%252509%252509%252509%252522Date%252522%25253A%2525222026-07-14T06%25253A05%25253A45Z%252522%25250A%252509%252509%252509%252509%252509%252509%252509%25257D%25252C%25250A%252509%252509%252509%252509%252509%252509%252509%25257B%25250A%252509%252509%252509%252509%252509%252509%252509%252509%252522Value%252522%25253A%2525224.29%252522%25252C%25250A%252509%252509%252509%252509%252509%252509%252509%252509%252522Date%252522%25253A%2525222026-07-14T06%25253A05%25253A50Z%252522%25250A%252509%252509%252509%252509%252509%252509%252509%25257D%25252C%25250A%252509%252509%252509%252509%252509%252509%252509%25257B%25250A%252509%252509%252509%252509%252509%252509%252509%252509%252522Value%252522%25253A%2525224.29%252522%25252C%25250A%252509%252509%252509%252509%252509%252509%252509%252509%252522Date%252522%25253A%2525222026-07-14T06%25253A05%25253A55Z%252522%25250A%252509%252509%252509%252509%252509%252509%252509%25257D%25252C%25250A%252509%252509%252509%252509%252509%252509%252509%25257B%25250A%252509%252509%252509%252509%252509%252509%252509%252509%252522Value%252522%25253A%2525224.29%252522%25252C%25250A%252509%252509%252509%252509%252509%252509%252509%252509%252522Date%252522%25253A%2525222026-07-14T06%25253A06%25253A00Z%252522%25250A%252509%252509%252509%252509%252509%252509%252509%25257D%25252C%25250A%252509%252509%252509%252509%252509%252509%252509%25257B%25250A%252509%252509%252509%252509%252509%252509%252509%252509%252522Value%252522%25253A%2525224.29%252522%25252C%25250A%252509%252509%252509%252509%252509%252509%252509%252509%252522Date%252522%25253A%2525222026-07-14T06%25253A06%25253A05Z%252522%25250A%252509%252509%252509%252509%252509%252509%252509%25257D%25252C%25250A%252509%252509%252509%252509%252509%252509%252509%25257B%25250A%252509%252509%252509%252509%252509%252509%252509%252509%252522Value%252522%25253A%2525224.29%252522%25252C%25250A%252509%252509%252509%252509%252509%252509%252509%252509%252522Date%252522%25253A%2525222026-07-14T06%25253A06%25253A10Z%252522%25250A%252509%252509%252509%252509%252509%252509%252509%25257D%25252C%25250A%252509%252509%252509%252509%252509%252509%252509%25257B%25250A%252509%252509%252509%252509%252509%252509%252509%252509%252522Value%252522%25253A%2525224.29%252522%25252C%25250A%252509%252509%252509%252509%252509%252509%252509%252509%252522Date%252522%25253A%2525222026-07-14T06%25253A06%25253A15Z%252522%25250A%252509%252509%252509%252509%252509%252509%252509%25257D%25252C%25250A%252509%252509%252509%252509%252509%252509%252509%25257B%25250A%252509%252509%252509%252509%252509%252509%252509%252509%252522Value%252522%25253A%2525224.29%252522%25252C%25250A%252509%252509%252509%252509%252509%252509%252509%252509%252522Date%252522%25253A%2525222026-07-14T06%25253A06%25253A20Z%252522%25250A%252509%252509%252509%252509%252509%252509%252509%25257D%25252C%25250A%252509%252509%252509%252509%252509%252509%252509%25257B%25250A%252509%252509%252509%252509%252509%252509%252509%252509%252522Value%252522%25253A%2525224.29%252522%25252C%25250A%252509%252509%252509%252509%252509%252509%252509%252509%252522Date%252522%25253A%2525222026-07-14T06%25253A06%25253A25Z%252522%25250A%252509%252509%252509%252509%252509%252509%252509%25257D%25252C%25250A%252509%252509%252509%252509%252509%252509%252509%25257B%25250A%252509%252509%252509%252509%252509%252509%252509%252509%252522Value%252522%25253A%2525224.29%252522%25252C%25250A%252509%252509%252509%252509%252509%252509%252509%252509%252522Date%252522%25253A%2525222026-07-14T06%25253A06%25253A30Z%252522%25250A%252509%252509%252509%252509%252509%252509%252509%25257D%25252C%25250A%252509%252509%252509%252509%252509%252509%252509%25257B%25250A%252509%252509%252509%252509%252509%252509%252509%252509%252522Value%252522%25253A%2525224.29%252522%25252C%25250A%252509%252509%252509%252509%252509%252509%252509%252509%252522Date%252522%25253A%2525222026-07-14T06%25253A06%25253A35Z%252522%25250A%252509%252509%252509%252509%252509%252509%252509%25257D%25252C%25250A%252509%252509%252509%252509%252509%252509%252509%25257B%25250A%252509%252509%252509%252509%252509%252509%252509%252509%252522Value%252522%25253A%2525224.29%252522%25252C%25250A%252509%252509%252509%252509%252509%252509%252509%252509%252522Date%252522%25253A%2525222026-07-14T06%25253A06%25253A40Z%252522%25250A%252509%252509%252509%252509%252509%252509%252509%25257D%25252C%25250A%252509%252509%252509%252509%252509%252509%252509%25257B%25250A%252509%252509%252509%252509%252509%252509%252509%252509%252522Value%252522%25253A%2525224.29%252522%25252C%25250A%252509%252509%252509%252509%252509%252509%252509%252509%252522Date%252522%25253A%2525222026-07-14T06%25253A06%25253A45Z%252522%25250A%252509%252509%252509%252509%252509%252509%252509%25257D%25252C%25250A%252509%252509%252509%252509%252509%252509%252509%25257B%25250A%252509%252509%252509%252509%252509%252509%252509%252509%252522Value%252522%25253A%2525224.29%252522%25252C%25250A%252509%252509%252509%252509%252509%252509%252509%252509%252522Date%252522%25253A%2525222026-07-14T06%25253A06%25253A50Z%252522%25250A%252509%252509%252509%252509%252509%252509%252509%25257D%25252C%25250A%252509%252509%252509%252509%252509%252509%252509%25257B%25250A%252509%252509%252509%252509%252509%252509%252509%252509%252522Value%252522%25253A%2525224.29%252522%25252C%25250A%252509%252509%252509%252509%252509%252509%252509%252509%252522Date%252522%25253A%2525222026-07-14T06%25253A06%25253A55Z%252522%25250A%252509%252509%252509%252509%252509%252509%252509%25257D%25252C%25250A%252509%252509%252509%252509%252509%252509%252509%25257B%25250A%252509%252509%252509%252509%252509%252509%252509%252509%252522Value%252522%25253A%2525224.29%252522%25252C%25250A%252509%252509%252509%252509%252509%252509%252509%252509%252522Date%252522%25253A%2525222026-07-14T06%25253A07%25253A00Z%252522%25250A%252509%252509%252509%252509%252509%252509%252509%25257D%25252C%25250A%252509%252509%252509%252509%252509%252509%252509%25257B%25250A%252509%252509%252509%252509%252509%252509%252509%252509%252522Value%252522%25253A%2525224.29%252522%25252C%25250A%252509%252509%252509%252509%252509%252509%252509%252509%252522Date%252522%25253A%2525222026-07-14T06%25253A07%25253A05Z%252522%25250A%252509%252509%252509%252509%252509%252509%252509%25257D%25252C%25250A%252509%252509%252509%252509%252509%252509%252509%25257B%25250A%252509%252509%252509%252509%252509%252509%252509%252509%252522Value%252522%25253A%2525224.29%252522%25252C%25250A%252509%252509%252509%252509%252509%252509%252509%252509%252522Date%252522%25253A%2525222026-07-14T06%25253A07%25253A10Z%252522%25250A%252509%252509%252509%252509%252509%252509%252509%25257D%25252C%25250A%252509%252509%252509%252509%252509%252509%252509%25257B%25250A%252509%252509%252509%252509%252509%252509%252509%252509%252522Value%252522%25253A%2525224.29%252522%25252C%25250A%252509%252509%252509%252509%252509%252509%252509%252509%252522Date%252522%25253A%2525222026-07-14T06%25253A07%25253A15Z%252522%25250A%252509%252509%252509%252509%252509%252509%252509%25257D%25252C%25250A%252509%252509%252509%252509%252509%252509%252509%25257B%25250A%252509%252509%252509%252509%252509%252509%252509%252509%252522Value%252522%25253A%2525224.29%252522%25252C%25250A%252509%252509%252509%252509%252509%252509%252509%252509%252522Date%252522%25253A%2525222026-07-14T06%25253A07%25253A20Z%252522%25250A%252509%252509%252509%252509%252509%252509%252509%25257D%25252C%25250A%252509%252509%252509%252509%252509%252509%252509%25257B%25250A%252509%252509%252509%252509%252509%252509%252509%252509%252522Value%252522%25253A%2525224.29%252522%25252C%25250A%252509%252509%252509%252509%252509%252509%252509%252509%252522Date%252522%25253A%2525222026-07-14T06%25253A07%25253A25Z%252522%25250A%252509%252509%252509%252509%252509%252509%252509%25257D%25252C%25250A%252509%252509%252509%252509%252509%252509%252509%25257B%25250A%252509%252509%252509%252509%252509%252509%252509%252509%252522Value%252522%25253A%2525224.29%252522%25252C%25250A%252509%252509%252509%252509%252509%252509%252509%252509%252522Date%252522%25253A%2525222026-07-14T06%25253A07%25253A30Z%252522%25250A%252509%252509%252509%252509%252509%252509%252509%25257D%25252C%25250A%252509%252509%252509%252509%252509%252509%252509%25257B%25250A%252509%252509%252509%252509%252509%252509%252509%252509%252522Value%252522%25253A%2525224.29%252522%25252C%25250A%252509%252509%252509%252509%252509%252509%252509%252509%252522Date%252522%25253A%2525222026-07-14T06%25253A07%25253A35Z%252522%25250A%252509%252509%252509%252509%252509%252509%252509%25257D%25252C%25250A%252509%252509%252509%252509%252509%252509%252509%25257B%25250A%252509%252509%252509%252509%252509%252509%252509%252509%252522Value%252522%25253A%2525224.29%252522%25252C%25250A%252509%252509%252509%252509%252509%252509%252509%252509%252522Date%252522%25253A%2525222026-07-14T06%25253A07%25253A40Z%252522%25250A%252509%252509%252509%252509%252509%252509%252509%25257D%25252C%25250A%252509%252509%252509%252509%252509%252509%252509%25257B%25250A%252509%252509%252509%252509%252509%252509%252509%252509%252522Value%252522%25253A%2525224.29%252522%25252C%25250A%252509%252509%252509%252509%252509%252509%252509%252509%252522Date%252522%25253A%2525222026-07-14T06%25253A07%25253A45Z%252522%25250A%252509%252509%252509%252509%252509%252509%252509%25257D%25252C%25250A%252509%252509%252509%252509%252509%252509%252509%25257B%25250A%252509%252509%252509%252509%252509%252509%252509%252509%252522Value%252522%25253A%2525224.29%252522%25252C%25250A%252509%252509%252509%252509%252509%252509%252509%252509%252522Date%252522%25253A%2525222026-07-14T06%25253A07%25253A50Z%252522%25250A%252509%252509%252509%252509%252509%252509%252509%25257D%25252C%25250A%252509%252509%252509%252509%252509%252509%252509%25257B%25250A%252509%252509%252509%252509%252509%252509%252509%252509%252522Value%252522%25253A%2525224.29%252522%25252C%25250A%252509%252509%252509%252509%252509%252509%252509%252509%252522Date%252522%25253A%2525222026-07-14T06%25253A07%25253A55Z%252522%25250A%252509%252509%252509%252509%252509%252509%252509%25257D%25252C%25250A%252509%252509%252509%252509%252509%252509%252509%25257B%25250A%252509%252509%252509%252509%252509%252509%252509%252509%252522Value%252522%25253A%2525224.29%252522%25252C%25250A%252509%252509%252509%252509%252509%252509%252509%252509%252522Date%252522%25253A%2525222026-07-14T06%25253A08%25253A00Z%252522%25250A%252509%252509%252509%252509%252509%252509%252509%25257D%25252C%25250A%252509%252509%252509%252509%252509%252509%252509%25257B%25250A%252509%252509%252509%252509%252509%252509%252509%252509%252522Value%252522%25253A%2525224.2...%2526headers%253D%25257B%252522Content-Type%252522%25253A%252522application%25252Fx-www-form-urlencoded%252522%25257D%2526rtype%253Dxhr%2526plugin_version%253D3.2.4%2526ts%253D1784012328397%2526type%253Dapi%26cache%3D2760f52%26jsver%3Daplus.js%26lver%3D1.13.27%26customSdkId%3D%26platformType%3Dpc%26device_model%3DMacintosh%26os%3DMac%20OS%20X%26os_version%3D10.15.7%26o%3Dmac%26w%3Dwebkit%26s%3D1280x720%26scr%3D1280x720%26m%3D%26ism%3Dmac%26p%3D1%26b%3Dchrome149%26tag%3D0%26stag%3D-3%26lstag%3D-1%26_g_encode%3Dutf-8&cna=&spm-cnt=5176.19908494.0.0.52d91450cxuUDN&spm-url=5176.28369458.0.0.36961450Jepyio&_gr_uid_=1048726631550559&uidaplus=1048726631550559&logtype=2&scr=1280x720&_p_url=https%3A%2F%2Frdsnext.console.aliyun.com%2Fdetail%2Fpgm-wz9t7bv5jsk55jh1%2FmonitorAlarm%3Fspm%3D5176.28369458.0.0.36961450Jepyio%26region%3Dcn-shenzhen%26DedicatedHostGroupId%3D:0
[ 2699693ms] [WARNING] [APLUS] -- 日志上报失败，注意，要切成动态网络啦! @ :2
[ 2699693ms] [WARNING] [APLUS] -- 日志上报失败，注意，要切成动态网络啦! @ :2
[ 2699693ms] [ERROR] Failed to load resource: net::ERR_CONNECTION_CLOSED @ https://d-gm.mmstat.com/aes.1.1?gmkey=EXP&gokey=uidaplus%3D1048726631550559%26spm-url%3D5176.28369458.0.0.36961450Jepyio%26spm-pre%3D%26spm-cnt%3D5176.19908494.0.0.52d91450cxuUDN%26_f_t%3Dfalse%26pid%3Drdsnext%26sdk_version%3D3.3.18%26pv_id%3DLJQGceZrM3uv2y5lenKW%26timezone_offset%3D-480%26title%3DRDS%25E7%25AE%25A1%25E7%2590%2586%25E6%258E%25A7%25E5%2588%25B6%25E5%258F%25B0%26spm_a%3D5176%26spm_b%3D19908494%26dpi%3D1%26sr%3D1280x720%26platform%3Dweb%26language%3Den-US%26user_type%3D6%26uid%3D1048726631550559%26env%3Dprod%26downlink%3D10%26net_type%3D4g%26page_id%3D%252Fdetail%252F%253ADBInstanceId%252FmonitorAlarm%26user_agent_data%3D%257B%2522mobile%2522%253Afalse%252C%2522model%2522%253A%2522%2522%252C%2522platform%2522%253A%2522macOS%2522%252C%2522platformVersion%2522%253A%252226.5.2%2522%252C%2522fullVersionList%2522%253A%255B%257B%2522brand%2522%253A%2522Google%2520Chrome%2522%252C%2522version%2522%253A%2522149.0.7827.201%2522%257D%252C%257B%2522brand%2522%253A%2522Chromium%2522%252C%2522version%2522%253A%2522149.0.7827.201%2522%257D%252C%257B%2522brand%2522%253A%2522Not)A%253BBrand%2522%252C%2522version%2522%253A%252224.0.0.0%2522%257D%255D%257D%26origin_url%3Dhttps%253A%252F%252Frdsnext.console.aliyun.com%252Fdetail%252Fpgm-wz9t7bv5jsk55jh1%252FmonitorAlarm%253Fspm%253D5176.28369458.0.0.36961450Jepyio%2526region%253Dcn-shenzhen%2526DedicatedHostGroupId%253D%26msg%3Durl%253DDescribeDBInstancePerformance%2526method%253DPOST%2526success%253Dtrue%2526msg%253D019F5F6B-CCDE-5619-A949-DB7E7B79E1BF%2526status%253D200%2526code%253D200%2526duration%253D505%2526trace_id%253D0bc3b4ae17840123281198475e413e%2526params%253D__action%25253DDescribeDBInstancePerformance%2526body%253Dproduct%25253Drds%252526action%25253DDescribeDBInstancePerformance%252526params%25253D%2525257B%25252522StartTime%25252522%2525253A%252525222026-07-14T05%2525253A58Z%25252522%2525252C%25252522EndTime%25252522%2525253A%252525222026-07-14T06%2525253A58Z%25252522%2525252C%25252522key%25252522%2525253A%25252522PgSQLCPU%25252522%2525252C%25252522dBInstanceId%25252522%2525253A%25252522pgm-wz9t7bv5jsk55jh1%25252522%2525252C%25252522UseNullWhenMissingPoint%25252522%2525253Atrue%2525252C%25252522RegionId%25252522%2525253A%25252522cn-shenzhen%25252522%2525257D%252526sec_token%25253DeIrlFmLDgToEOzMPbhI438%252526umid%25253DY29b3ca4c152f1edb542c34bd8848d7a8%252526collina%25253D140%25252523AyQrF2Y2zzZo5zo2LZLuC3SdvMUfLT%2525252Bs2FjMgavg6d%2525252BezgCu9dDSUEvj2YGRnrTidUdtbWifsNrSWWInIw2gk5GBGzLNc3hqzzcH8sOBvG1zzWIPIjnulFzx2DD3VtgqQ%2525252BmSWlnVQomEnOf5SUd%2525252FZ6hHPW6v%2525252Fvw%2525252FcuPVPAnH5vVGcQs1ybAZPk7%2525252Ffz1Qzdqh%2525252Bqv0fQcwhz4e%2525252B9sMJM5tjRCWAF1TDADQ31fYAUEvYZCR4L2XsWS5o2C4Ch1FmeKJ4NbUCbYLG8lCKqFApxQ6x77owOuqLr4cLLcrtPktkShVL54iaEZ4jtnQ%2525252F2%2525252Blc5%2525252FTmql9%2525252FlWsTzWkm7fgOMLPqJBuqXbhryNTHklyqvVs6Z%2525252F8FKSEEZ5T43qVXmTNBbKvF3bMXchJvygZFEuHEvsSR9I9XNrrFnw7Zjr%2525252FRW%2525252Fj0D%2525252F%2525252BZbbc8eOORHNyBoXLZcjMWY2WB8gKSPvzPmbz5WQdW4KhjX5SmEC6PNQKj0PBVMPJf2DplxfofLUUQ59d4Vwpqg0qU0%2525252F29fc3XLU%2525252Bhoy9D2WvThi2HIqEXNYP6nBANUcxRXPzYbRd2NWh69uSFVa8BKHKgCo4s0JpBYns1QtLLgBlko%2525252B9FwBSjBHok5DipxCbji%2525252BYGldTazno3XP%2525252BFCaNzusei283U6SxzoObVXEuWm2HLKynbph%2525252F%2525252F5%2525252BLfYLLMZ2aMXm%2525252BL4OGtvIdMoUSauHHl2mu2NqkEcaSmrGHcquLEFgP2qlGH8fLw4aLD1CscjGhBQoFPoHwDU1rk2a8fkrFQn0WV43uyp2JmWdsVjVjOGYcKQ4Oeb1tV0wisWDbml6IUsKUzsjbJVCzoBd4kn%2525252BCzC57tt2iUZb1pkPjMljn7z%2525252FDecTzb2u5WXH662YRgBoR4ICAqFc1zwX4ikIozSSd8KPBVnyomPdApJsW0G3So2vNjywMNhzYQeRLQGXojE4JbxIsFyXGzWzJUa7u2SL4bBk3eNI1Mz6OJOueRrqQExqvLuctxQPLTDjV1V3OS3WZwBQvAJ%2525252FnM0B%2525252BkmO5Xfpc9EOwdJzZ5OhyLAPrBEMJcJ%2525252FHzYIQq3WCD96DrbqZQ4xwB%2525252F0N3MUhbyaEjopx9D1oH6bKKkgzp%2525252BmevflzJzvONn%2525252BM6jQf%2525252FjxC9hS2Y9sUOr9CduUF%2525252BlNaS3H%2525252BNhFiEthRzV29XmIb%2525252B%2525252Brvrp2LKTajU264OSo4MGfY6ZABi03kDLTXZ7Kj7HmKV2GqleOLXCW1vQCjyKmy5uMEQ61VEuxaJUjy5rcb9NbPIWo8%2525252F5sHqaGNsSlxYXdEckmcCQv3HImMuace5qXp2QyJMYSsn5KeUvAluWYQ2YbaAih%2525252Ft7PddQUD0Iz2HIu5U4BK8ZVZ4qA%2525252BfNK5bcYUXzKP%2525252BY5Q6%2525252FeAzYWU2XvpZEB%2525252B%2525252FIdOHTlsU9rXqZsZbVbKTdHsiHcPIvJgYw4aeICe3f5kg4WlZZt3pBjN5XIXgmbfo0Av91qhVEp7JZ6WKk6LhOm0VV%2525252B%2525253D%252526region%25253Dcn-shenzhen%2526response%253D%25257B%25250A%252509%252522code%252522%25253A%252522200%252522%25252C%25250A%252509%252522data%252522%25253A%25257B%25250A%252509%252509%252522PerformanceKeys%252522%25253A%25257B%25250A%252509%252509%252509%252522PerformanceKey%252522%25253A%25255B%25250A%252509%252509%252509%252509%25257B%25250A%252509%252509%252509%252509%252509%252522ValueFormat%252522%25253A%252522cpu_ratio%252526cpu_sys_ratio%252526cpu_user_ratio%252522%25252C%25250A%252509%252509%252509%252509%252509%252522Values%252522%25253A%25257B%25250A%252509%252509%252509%252509%252509%252509%252522PerformanceValue%252522%25253A%25255B%25250A%252509%252509%252509%252509%252509%252509%252509%25257B%25250A%252509%252509%252509%252509%252509%252509%252509%252509%252522Value%252522%25253A%2525220.3%2525260.1%2525260.1%252522%25252C%25250A%252509%252509%252509%252509%252509%252509%252509%252509%252522Date%252522%25253A%2525222026-07-14T05%25253A58%25253A00Z%252522%25250A%252509%252509%252509%252509%252509%252509%252509%25257D%25252C%25250A%252509%252509%252509%252509%252509%252509%252509%25257B%25250A%252509%252509%252509%252509%252509%252509%252509%252509%252522Value%252522%25253A%2525220.0%2525260.0%2525260.0%252522%25252C%25250A%252509%252509%252509%252509%252509%252509%252509%252509%252522Date%252522%25253A%2525222026-07-14T05%25253A58%25253A05Z%252522%25250A%252509%252509%252509%252509%252509%252509%252509%25257D%25252C%25250A%252509%252509%252509%252509%252509%252509%252509%25257B%25250A%252509%252509%252509%252509%252509%252509%252509%252509%252522Value%252522%25253A%2525220.3%2525260.0%2525260.1%252522%25252C%25250A%252509%252509%252509%252509%252509%252509%252509%252509%252522Date%252522%25253A%2525222026-07-14T05%25253A58%25253A10Z%252522%25250A%252509%252509%252509%252509%252509%252509%252509%25257D%25252C%25250A%252509%252509%252509%252509%252509%252509%252509%25257B%25250A%252509%252509%252509%252509%252509%252509%252509%252509%252522Value%252522%25253A%2525220.1%2525260.0%2525260.1%252522%25252C%25250A%252509%252509%252509%252509%252509%252509%252509%252509%252522Date%252522%25253A%2525222026-07-14T05%25253A58%25253A15Z%252522%25250A%252509%252509%252509%252509%252509%252509%252509%25257D%25252C%25250A%252509%252509%252509%252509%252509%252509%252509%25257B%25250A%252509%252509%252509%252509%252509%252509%252509%252509%252522Value%252522%25253A%2525220.1%2525260.1%2525260.3%252522%25252C%25250A%252509%252509%252509%252509%252509%252509%252509%252509%252522Date%252522%25253A%2525222026-07-14T05%25253A58%25253A20Z%252522%25250A%252509%252509%252509%252509%252509%252509%252509%25257D%25252C%25250A%252509%252509%252509%252509%252509%252509%252509%25257B%25250A%252509%252509%252509%252509%252509%252509%252509%252509%252522Value%252522%25253A%2525220.0%2525260.0%2525260.1%252522%25252C%25250A%252509%252509%252509%252509%252509%252509%252509%252509%252522Date%252522%25253A%2525222026-07-14T05%25253A58%25253A25Z%252522%25250A%252509%252509%252509%252509%252509%252509%252509%25257D%25252C%25250A%252509%252509%252509%252509%252509%252509%252509%25257B%25250A%252509%252509%252509%252509%252509%252509%252509%252509%252522Value%252522%25253A%2525220.2%2525260.1%2525260.2%252522%25252C%25250A%252509%252509%252509%252509%252509%252509%252509%252509%252522Date%252522%25253A%2525222026-07-14T05%25253A58%25253A30Z%252522%25250A%252509%252509%252509%252509%252509%252509%252509%25257D%25252C%25250A%252509%252509%252509%252509%252509%252509%252509%25257B%25250A%252509%252509%252509%252509%252509%252509%252509%252509%252522Value%252522%25253A%2525220.1%2525260.0%2525260.0%252522%25252C%25250A%252509%252509%252509%252509%252509%252509%252509%252509%252522Date%252522%25253A%2525222026-07-14T05%25253A58%25253A35Z%252522%25250A%252509%252509%252509%252509%252509%252509%252509%25257D%25252C%25250A%252509%252509%252509%252509%252509%252509%252509%25257B%25250A%252509%252509%252509%252509%252509%252509%252509%252509%252522Value%252522%25253A%2525220.2%2525260.0%2525260.0%252522%25252C%25250A%252509%252509%252509%252509%252509%252509%252509%252509%252522Date%252522%25253A%2525222026-07-14T05%25253A58%25253A40Z%252522%25250A%252509%252509%252509%252509%252509%252509%252509%25257D%25252C%25250A%252509%252509%252509%252509%252509%252509%252509%25257B%25250A%252509%252509%252509%252509%252509%252509%252509%252509%252522Value%252522%25253A%2525220.0%2525260.0%2525260.0%252522%25252C%25250A%252509%252509%252509%252509%252509%252509%252509%252509%252522Date%252522%25253A%2525222026-07-14T05%25253A58%25253A45Z%252522%25250A%252509%252509%252509%252509%252509%252509%252509%25257D%25252C%25250A%252509%252509%252509%252509%252509%252509%252509%25257B%25250A%252509%252509%252509%252509%252509%252509%252509%252509%252522Value%252522%25253A%2525220.2%2525260.1%2525260.1%252522%25252C%25250A%252509%252509%252509%252509%252509%252509%252509%252509%252522Date%252522%25253A%2525222026-07-14T05%25253A58%25253A50Z%252522%25250A%252509%252509%252509%252509%252509%252509%252509%25257D%25252C%25250A%252509%252509%252509%252509%252509%252509%252509%25257B%25250A%252509%252509%252509%252509%252509%252509%252509%252509%252522Value%252522%25253A%2525220.0%2525260.1%2525260.2%252522%25252C%25250A%252509%252509%252509%252509%252509%252509%252509%252509%252522Date%252522%25253A%2525222026-07-14T05%25253A58%25253A55Z%252522%25250A%252509%252509%252509%252509%252509%252509%252509%25257D%25252C%25250A%252509%252509%252509%252509%252509%252509%252509%25257B%25250A%252509%252509%252509%252509%252509%252509%252509%252509%252522Value%252522%25253A%2525220.4%2525260.1%2525260.1%252522%25252C%25250A%252509%252509%252509%252509%252509%252509%252509%252509%252522Date%252522%25253A%2525222026-07-14T05%25253A59%25253A00Z%252522%25250A%252509%252509%252509%252509%252509%252509%252509%25257D%25252C%25250A%252509%252509%252509%252509%252509%252509%252509%25257B%25250A%252509%252509%252509%252509%252509%252509%252509%252509%252522Value%252522%25253A%2525220.0%2525260.0%2525260.1%252522%25252C%25250A%252509%252509%252509%252509%252509%252509%252509%252509%252522Date%252522%25253A%2525222026-07-14T05%25253A59%25253A05Z%252522%25250A%252509%252509%252509%252509%252509%252509%252509%25257D%25252C%25250A%252509%252509%252509%252509%252509%252509%252509%25257B%25250A%252509%252509%252509%252509%252509%252509%252509%252509%252522Value%252522%25253A%2525220.2%2525260.2%2525260.1%252522%25252C%25250A%252509%252509%252509%252509%252509%252509%252509%252509%252522Date%252522%25253A%2525222026-07-14T05%25253A59%25253A10Z%252522%25250A%252509%252509%252509%252509%252509%252509%252509%25257D%25252C%25250A%252509%252509%252509%252509%252509%252509%252509%25257B%25250A%252509%252509%252509%252509%252509%252509%252509%252509%252522Value%252522%25253A%2525220.0%2525260.1%2525260.1%252522%25252C%25250A%252509%252509%252509%252509%252509%252509%252509%252509%252522Date%252522%25253A%2525222026-07-14T05%25253A59%25253A15Z%252522%25250A%252509%252509%252509%252509%252509%252509%252509%25257D%25252C%25250A%252509%252509%252509%252509%252509%252509%252509%25257B%25250A%252509%252509%252509%252509%252509%252509%252509%252509%252522Value%252522%25253A%2525220.2%2525260.1%2525260.1%252522%25252C%25250A%252509%252509%252509%252509%252509%252509%252509%252509%252522Date%252522%25253A%2525222026-07-14T05%25253A59%25253A20Z%252522%25250A%252509%252509%252509%252509%252509%252509%252509%25257D%25252C%25250A%252509%252509%252509%252509%252509%252509%252509%25257B%25250A%252509%252509%252509%252509%252509%252509%252509%252509%252522Value%252522%25253A%2525220.0%2525260.0%2525260.0%252522%25252C%25250A%252509%252509%252509%252509%252509%252509%252509%252509%252522Date%252522%25253A%2525222026-07-14T05%25253A59%25253A25Z%252522%25250A%252509%252509%252509%252509%252509%252509%252509%25257D%25252C%25250A%252509%252509%252509%252509%252509%252509%252509%25257B%25250A%252509%252509%252509%252509%252509%252509%252509%252509%252522Value%252522%25253A%2525220.3%2525260.3%2525260.3%252522%25252C%25250A%252509%252509%252509%252509%252509%252509%252509%252509%252522Date%252522%25253A%2525222026-07-14T05%25253A59%25253A30Z%252522%25250A%252509%252509%252509%252509%252509%252509%252509%25257D%25252C%25250A%252509%252509%252509%252509%252509%252509%252509%25257B%25250A%252509%252509%252509%252509%252509%252509%252509%252509%252522Value%252522%25253A%2525220.1%2525260.0%2525260.2%252522%25252C%25250A%252509%252509%252509%252509%252509%252509%252509%252509%252522Date%252522%25253A%2525222026-07-14T05%25253A59%25253A35Z%252522%25250A%252509%252509%252509%252509%252509%252509%252509%25257D%25252C%25250A%252509%252509%252509%252509%252509%252509%252509%25257B%25250A%252509%252509%252509%252509%252509%252509%252509%252509%252522Value%252522%25253A%2525220.2%2525260.1%2525260.2%252522%25252C%25250A%252509%252509%252509%252509%252509%252509%252509%252509%252522Date%252522%25253A%2525222026-07-14T05%25253A59%25253A40Z%252522%25250A%252509%252509%252509%252509%252509%252509%252509%25257D%25252C%25250A%252509%252509%252509%252509%252509%252509%252509%25257B%25250A%252509%252509%252509%252509%252509%252509%252509%252509%252522Value%252522%25253A%2525220.0%2525260.1%2525260.2%252522%25252C%25250A%252509%252509%252509%252509%252509%252509%252509%252509%252522Date%252522%25253A%2525222026-07-14T05%25253A59%25253A45Z%252522%25250A%252509%252509%252509%252509%252509%252509%252509%25257D%25252C%25250A%252509%252509%252509%252509%252509%252509%252509%25257B%25250A%252509%252509%252509%252509%252509%252509%252509%252509%252522Value%252522%25253A%2525220.4%2525260.1%2525260.1%252522%25252C%25250A%252509%252509%252509%252509%252509%252509%252509%252509%252522Date%252522%25253A%2525222026-07-14T05%25253A59%25253A50Z%252522%25250A%252509%252509%252509%252509%252509%252509%252509%25257D%25252C%25250A%252509%252509%252509%252509%252509%252509%252509%25257B%25250A%252509%252509%252509%252509%252509%252509%252509%252509%252522Value%252522%25253A%2525220.0%2525260.0%2525260.0%252522%25252C%25250A%252509%252509%252509%252509%252509%252509%252509%252509%252522Date%252522%25253A%2525222026-07-14T05%25253A59%25253A55Z%252522%25250A%252509%252509%252509%252509%252509%252509%252509%25257D%25252C%25250A%252509%252509%252509%252509%252509%252509%252509%25257B%25250A%252509%252509%252509%252509%252509%252509%252509%252509%252522Value%252522%25253A%2525220.3%2525260.2%2525260.1%252522%25252C%25250A%252509%252509%252509%252509%252509%252509%252509%252509%252522Date%252522%25253A%2525222026-07-14T06%25253A00%25253A00Z%252522%25250A%252509%252509%252509%252509%252509%252509%252509%25257D%25252C%25250A%252509%252509%252509%252509%252509%252509%252509%25257B%25250A%252509%252509%252509%252509%252509%252509%252509%252509%252522Value%252522%25253A%2525220.0%2525260.0%2525260.1%252522%25252C%25250A%252509%252509%252509%252509%252509%252509%252509%252509%252522Date%252522%25253A%2525222026-07-14T06%25253A00%25253A05Z%252522%25250A%252509%252509%252509%252509%252509%252509%252509%25257D%25252C%25250A%252509%252509%252509%252509%252509%252509%252509%25257B%25250A%252509%252509%252509%252509%252509%252509%252509%252509%252522Value%252522%25253A%2525220.2%2525260.1%2525260.1%252522%25252C%25250A%252509%252509%252509%252509%252509%252509%252509%252509%252522Date%252522%25253A%2525222026-07-14T06%25253A00%25253A10Z%252522%25250A%252509%252509%252509%252509%252509%252509%252509%25257D%25252C%25250A%252509%252509%252509%252509%252509%252509%252509%25257B%25250A%252509%252509%252509%252509%252509%252509%252509%252509%252522Value%252522%25253A%2525220.2%2525260.1%2525260.0%252522%25252C%25250A%252509%252509%252509%252509%252509%252509%252509%252509%252522Date%252522%25253A%2525222026-07-14T06%25253A00%25253A15Z%252522%25250A%252509%252509%252509%252509%252509%252509%252509%25257D%25252C%25250A%252509%252509%252509%252509%252509%252509%252509%25257B%25250A%252509%252509%252509%252509%252509%252509%252509%252509%252522Value%252522%25253A%2525220.2%2525260.0%2525260.0%252522%25252C%25250A%252509%252509%252509%252509%252509%252509%252509%252509%252522Date%252522%25253A%2525222026-07-14T06%25253A00%25253A20Z%252522%25250A%252509%252509%252509%252509%252509%252509%252509%25257D%25252C%25250A%252509%252509%252509%252509%252509%252509%252509%25257B%25250A%252509%252509%252509%252509%252509%252509%252509%252509%252522Value%252522%25253A%2525220.0%2525260.1%2525260.0%252522%25252C%25250A%252509%252509%252509%252509%252509%252509%252509%252509%252522Date%252522%25253A%2525222026-07-14T06%25253A00%25253A25Z%252522%25250A%252509%252509%252509%252509%252509%252509%252509%25257D%25252C%25250A%252509%252509%252509%252509%252509%252509%252509%25257B%25250A%252509%252509%252509%252509%252509%252509%252509%252509%252522Value%252522%25253A%2525220.3%2525260.1%2525260.2%252522%25252C%25250A%252509%252509%252509%252509%252509%252509%252509%252509%252522Date%252522%25253A%2525222026-07-14T06%25253A00%25253A30Z%252522%25250A%252509%252509%252509%252509%252509%252509%252509%25257D%25252C%25250A%252509%252509%252509%252509%252509%252509%252509%25257B%25250A%252509%252509%252509%252509%252509%252509%252509%252509%252522Value%252522%25253A%2525220.1%2525260.0%2525260.0%252522%25252C%25250A%252509%252509%252509%252509%252509%252509%252509%252509%252522Date%252522%25253A%2525222026-07-14T06%25253A00%25253A35Z%252522%25250A%252509%252509%252509%252509%252509%252509%252509%25257D%25252C%25250A%252509%252509%252509%252509%252509%252509%252509%25257B%25250A%252509%252509%252509%252509%252509%252509%252509%252509%252522Value%252522%25253A%2525220.2%2525260.0%2525260.1%252522%25252C%25250A%252509%252509%252509%252509%252509%252509%252509%252509%252522Date%252522%25253A%2525222026-07-14T06%25253A00%25253A40Z%252522%25250A%252509%252509%252509%252509%252509%252509%252509%25257D%25252C%25250A%252509%252509%252509%252509%252509%252509%252509%25257B%25250A%252509%252509%252509%252509%252509%252509%252509%252509%252522Value%252522%25253A%2525220.1%2525260.0%2525260.1%252522%25252C%25250A%252509%252509%252509%252509%252509%252509%252509%252509%252522Date%252522%25253A%2525222026-07-14T06%25253A00%25253A45Z%252522%25250A%252509%252509%252509%252509%252509%252509%252509%25257D%25252C%25250A%252509%252509%252509%252509%252509%252509%252509%25257B%25250A%252509%252509%252509%252509%252509%252509%252509%252509%252522Value%252522%25253A%2525220.2%2525260.2%2525260.2%252522%25252C%25250A%252509%252509%252509%252509%252509%252509%252509%252509%252522Date%252522%25253A%2525222026-07-14T06%25253A00%25253A50Z%252522%25250A%252509%252509%252509%252509%252509%252509%252509%25257D%25252C%25250A%252509%252509%252509%252509%252509%252509%252509%25257B%25250A%252509%252509%252509%252509%252509%252509%252509%252509%252522Value%252522%25253A%2525220.2%2525260.1%2525260.1%252522%25252C%25250A%252509%252509%252509%252509%252509%252509%252509%252509%252522Date%252522%25253A%2525222026-07-14T06%25253A00%25253A55Z%252522%25250A%252509%252509%252509%252509%252509%252509%252509%25257D%25252C%25250A%252509%252509%252509%252509%252509%252509%252509%25257B%25250A%252509%252509%252509%252509%252509%252509%252509%252509%252522Value%252522%25253A%2525220.3%2525260.0%2525260.2%252522%25252C%25250A%252509%252509%252509%252509%252509%252509%252509%252509%252522Date%252522%25253A%2525222026-07-14T06%25253A01%25253A00Z%252522%25250A%252509%252509%252509%252509%252509%252509%252509%25257D%25252C%25250A%252509%252509%252509%252509%252509%252509%252509%25257B%25250A%252509%252509%252509%252509%252509%252509%252509%252509%252522Value%252522%25253A%2525220.0%2525260.1%2525260.1%252522%25252C%25250A%252509%252509%252509%252509%252509%252509%252509%252509%252522Date%252522%25253A%2525222026-07-14T06%25253A01%25253A05Z%252522%25250A%252509%252509%252509%252509%252509%252509%252509%25257D%25252C%25250A%252509%252509%252509%252509%252509%252509%252509%25257B%25250A%252509%252509%252509%252509%252509%252509%252509%252509%252522Value%252522%25253A%2525220.2%2525260.0%2525260.1%252522%25252C%25250A%252509%252509%252509%252509%252509%252509%252509%252509%252522Date%252522%25253A%2525222026-07-14T06%25253A01%25253A10Z%252522%25250A%252509%252509%252509%252509%252509%252509%252509%25257D%25252C%25250A%252509%252509%252509%252509%252509%252509%252509%25257B%25250A%252509%252509%252509%252509%252509%252509%252509%252509%252522Value%252522%25253A%2525220.0%2525260.0%2525260.1%252522%25252C%25250A%252509%252509%252509%252509%252509%252509%252509%252509%252522Date%252522%25253A%2525222026-07-14T06%25253A01%25253A15Z%252522%25250A%252509%252509%252509%252509%252509%252509%252509%25257D%25252C%25250A%252509%252509%252509%252509%252509%252509%252509%25257B%25250A%252509%252509%252509%252509%252509%252509%252509%252509%252522Value%252522%25253A%2525220.2%2525260.1%2525260.1%252522%25252C%25250A%252509%252509%252509%252509%252509%252509%252509%252509%252522Date%252522%25253A%2525222026-07-14T06%25253A01%25253A20Z%252522%25250A%252509%252509%252509%252509%252509%252509%252509%25257D%25252C%25250A%252509%252509%252509%252509%252509%252509%252509%25257B%25250A%252509%252509%252509%252509%252509%252509%252509%252509%252522Value%252522%25253A%2525220.0%2525260.0%2525260.0%252522%25252C%25250A%252509%252509%252509%252509%252509%252509%252509%252509%252522Date%252522%25253A%2525222026-07-14T06%25253A01%25253A25Z%252522%25250A%252509%252509%252509%252509%252509%252509%252509%25257D%25252C%25250A%252509%252509%252509%252509%252509%252509%252509%25257B%25250A%252509%252509%252509%252509%252509%252509%252509%252509%252522Value%252522%25253A%2525220.3%2525260.1%2525260.2%252522%25252C%25250A%252509%252509%252509%252509%252509%252509%252509%252509%252522Date%252522%25253A%2525222026-07-14T06%25253A01%25253A30Z%252522%25250A%252509%252509%252509%252509%252509%252509%252509%25257D%25252C%25250A%252509%252509%252509%252509%252509%252509%252509%25257B%25250A%252509%252509%252509%252509%252509%252509%252509%252509%252522Value%252522%25253A%2525220.1%2525260.1%2525260.2%252522%25252C%25250A%252509%252509%252509%252509%252509%252509%252509%252509%252522Date%252522%25253A%2525222026-07-14T06%25253A01%25253A35Z%252522%25250A%252509%252509%252509%252509%252509%252509%252509%25257D%25252C%25250A%252509%252509%252509%252509%252509%252509%252509%25257B%25250A%252509%252509%252509%252509%252509%252509%252509%252509%252522Value%252522%25253A%2525220.2%2525260.2%2525260.2%252522%25252C%25250A%252509%252509%252509%252509%252509%252509%252509%252509%252522Date%252522%25253A%2525222026-07-14T06%25253A01%25253A40Z%252522%25250A%252509%252509%252509%252509%252509%252509%252509%25257D%25252C%25250A%252509%252509%252509%252509%252509%252509%252509%25257B%25250A%252509%252509%252509%252509%252509%252509%252509%252509%252522Value%252522%25253A%2525220.0%2525260.1%2525260.1%252522%25252C%25250A%252509%252509%252509%252509%252509%252509%252509%252509%252522Date%252522%25253A%2525222026-07-14T06%25253A01%25253A45Z%252522%25250A%252509%252509%252509%252509%252509%252509%252509%25257D%25252C%25250A%252509%252509%252509%252509%252509%252509%252509%25257B%25250A%252509%252509%252509%252509%252509%252509%252509%252509%252522Value%252522%25253A%2525220.3%2525260.1%2525260.1%252522%25252C%25250A%252509%252509%252509%252509%252509%252509%252509%252509%252522Date%252522%25253A%2525222026-07-14T06%25253A01%25253A50Z%252522%25250A%252509%252509%252509%252509%252509%252509%252509%25257D%25252C%25250A%252509%252509%252509%252509%252509%252509%252509%25257B%25250A%252509%252509%252509%252509%252509%252509%252509%252509%252522Value%252522%25253A%2525220.0%2525260.0%2525260.1%252522%25252C%25250A%252509%252509%252509%252509%252509%252509%252509%252509%252522Date%252522%25253A%2525222026-07-14T06%25253A01%25253A55Z%252522%25250A%252509%252509%252509%252509%252509%252509%252509%25257D%25252C%25250A%252509%252509%252509%252509%252509%252509%252509%25257B%25250A%252509%252509%252509%252509%252509%252509%252509%252509%252522Value%252522%25253A%2525220.2%2525260.2%2525260.2%252522%25252C%25250A%252509%252509%252509%252509%252509%252509%252509%252509%252522Date%252522%25253A%2525222026-07-14T06%25253A02%25253A00Z%252522%25250A%252509%252509%252509%252509%252509%252509%252509%25257D%25252C%25250A%252509%252509%252509%252509%252509%252509%252509%25257B%25250A%252509%252509%252509%252509%252509%252509%252509%252509%252522Value%252522%25253A%2525220.0%2525260.1%2525260.2%252522%25252C%25250A%252509%252509%252509%252509%252509%252509%252509%252509%252522Date%252522%25253A%2525222026-07-14T06%25253A02%25253A05Z%252522%25250A%252509%252509%252509%252509%252509%252509%252509%25257D%25252C%25250A%252509%252509%252509%252509%252509%252509%252509%25257B%25250A%252509%252509%252509%252509%252509%252509%252509%252509%252522Value%252522%25253A%2525220.2%2525260.0%2525260.2%252522%25252C%25250A%252509%252509%252509%252509%252509%252509%252509%252509%252522Date%252522%25253A%2525222026-07-14T06%25253A02%25253A10Z%252522%25250A%252509%252509%252509%252509%252509%252509%252509%25257D%25252C%25250A%252509%252509%252509%252509%252509%252509%252509%25257B%25250A%252509%252509%252509%252509%252509%252509%252509%252509%252522Value%252522%25253A%2525220.0%2525260.0%2525260.1%252522%25252C%25250A%252509%252509%252509%252509%252509%252509%252509%252509%252522Date%252522%25253A%2525222026-07-14T06%25253A02%25253A15Z%252522%25250A%252509%252509%252509%252509%252509%252509%252509%25257D%25252C%25250A%252509%252509%252509%252509%252509%252509%252509%25257B%25250A%252509%252509%252509%252509%252509%252509%252509%252509%252522Value%252522%25253A%2525220.3%2525260.2%2525260.1%252522%25252C%25250A%252509%252509%252509%252509%252509%252509%252509%252509%252522Date%252522%25253A%2525222026-07-14T06%25253A02%25253A20Z%252522%25250A%252509%252509%252509%252509%252509%252509%252509%25257D%25252C%25250A%252509%252509%252509%252509%252509%252509%252509%25257B%25250A%252509%252509%252509%252509%252509%252509%252509%252509%252522Value%252522%25253A%2525220.2%2525260.0%2525260.3%252522%25252C%25250A%252509%252509%252509%252509%252509%252509%252509%252509%252522Date%252522%25253A%2525222026-07-14T06%25253A02%25253A25Z%252522%25250A%252509%252509%252509%252509%252509%252509%252509%25257D%25252C%25250A%252509%252509%252509%252509%252509%252509%252509%25257B%25250A%252509%252509%252509%252509%252509%252509%252509%252509%252522Value%252522%25253A%2525220.2%2525260.2%2525260.2%252522%25252C%25250A%252509%252509%252509%252509%252509%252509%252509%252509%252522Date%252522%25253A%2525222026-07-14T06%25253A02%25253A30Z%252522%25250A%252509%252509%252509%252509%252509%252509%252509%25257D%25252C%25250A%252509%252509%252509%252509%252509%252509%252509%25257B%25250A%252509%252509%252509%252509%252509%252509%252509%252509%252522Value%252522%25253A%2525220.1%2525260.0%2525260.0%252522%25252C%25250A%252509%252509%252509%252509%252509%252509%252509%252509%252522Date%252522%25253A%2525222026-07-14T06%25253A02%25253A35Z%252522%25250A%252509%252509%252509%252509%252509%252509%252509%25257D%25252C%25250A%252509%252509%252509%252509%252509%252509%252509%25257B%25250A%252509%252509%252509%252509%252509%252509%252509%252509%252522Value%252522%25253A%2525220.3%2525260.2%2525260.2%252522%25252C%25250A%252509%252509%252509%252509%252509%252509%252509%252509%252522Date%252522%25253A%2525222026-07-14T06%25253A02%25253A40Z%252522%25250A%252509%252509%252509%252509%252509%252509%252509%25257D%25252C%25250A%252509%252509%252509%252509%252509%252509%252509%25257B%25250A%252509%252509%252509%252509%252509%252509%252509%252509%252522Value%252522%25253A%2525220.1%2525260.1%2525260.2%252522%25252C%25250A%252509%252509%252509%252509%252509%252509%252509%252509%252522Date%252522%25253A%2525222026-07-14T06%25253A02%25253A45Z%252522%25250A%252509%252509%252509%252509%252509%252509%252509%25257D%25252C%25250A%252509%252509%252509%252509%252509%252509%252509%25257B%25250A%252509%252509%252509%252509%252509%252509%252509%252509%252522Value%252522%25253A%2525220.2%2525260.1%2525260.1%252522%25252C%25250A%252509%252509%252509%252509%252509%252509%252509%252509%252522Date%252522%25253A%2525222026-07-14T06%25253A02%25253A50Z%252522%25250A%252509%252509%252509%252509%252509%252509%252509%25257D%25252C%25250A%252509%252509%252509%252509%252509%252509%252509%25257B%25250A%252509%252509%252509%252509%252509%252509%252509%252509%252522Value%252522%25253A%2525220.0%2525260.1%2525260.1%252522%25252C%25250A%252509%252509%252509%252509%252509%252509%252509%252509%252522Date%252522%25253A%2525222026-07-14T06%25253A02%25253A55Z%252522%25250A%252509%252509%252509%252509%252509%252509%252509%25257D%25252C%25250A%252509%252509%252509%252509%252509%252509%252509%25257B%25250A%252509%252509%252509%252509%252509%252509%252509%252509%252522Value%252522%25253A%2525220.3%2525260.2%2525260.1%252522%25252C%25250A%252509%252509%252509%252509%252509%252509%252509%252509%252522Date%252522%25253A%2525222026-07-14T06%25253A03%25253A00Z%252522%25250A%252509%252509%252509%252509%252509%252509%252509%25257D%25252C%25250A%252509%252509%252509%252509%252509%252509%252509%25257B%25250A%252509%252509%252509%252509%252509%252509%252509%252509%252522Value%252522%25253A%2525220.0%2525260.0%2525260.0%252522%25252C%25250A%252509%252509%252509%252509%252509%252509%252509%252509%252522Date%252522%25253A%2525222026-07-14T06%25253A03%25253A05Z%252522%25250A%252509%252509%252509%252509%252509%252509%252509%25257D%25252C%25250A%252509%252509%252509%252509%252509%252509%252509%25257B%25250A%252509%252509%252509%252509%252509%252509%252509%252509%252522Value%252522%25253A%2525220.2%2525260.1%2525260.2%252522%25252C%25250A%252509%252509%252509%252509%252509%252509%252509%252509%252522Date%252522%25253A%2525222026-07-14T06%25253A03%25253A10Z%252522%25250A%252509%252509%252509%252509%252509%252509%252509%25257D%25252C%25250A%252509%252509%252509%252509%252509%252509%252509%25257B%25250A%252509%252509%252509%252509%252509%252509%252509%252509%252522Value%252522%25253A%2525220.1%2525260.1%2525260.1%252522%25252C%25250A%252509%252509%252509%252509%252509%252509%252509%252509%252522Date%252522%25253A%2525222026-07-14T06%25253A03%25253A15Z%252522%25250A%252509%252509%252509%252509%252509%252509%252509%25257D%25252C%25250A%252509%252509%252509%252509%252509%252509%252509%25257B%25250A%252509%252509%252509%252509%252509%252509%252509%252509%252522Value%252522%25253A%2525220.2%2525260.0%2525260.2%252522%25252C%25250A%252509%252509%252509%252509%252509%252509%252509%252509%252522Date%252522%25253A%2525222026-07-14T06%25253A03%25253A20Z%252522%25250A%252509%252509%252509%252509%252509%252509%252509%25257D%25252C%25250A%252509%252509%252509%252509%252509%252509%252509%25257B%25250A%252509%252509%252509%252509%252509%252509%252509%252509%252522Value%252522%25253A%2525220.1%2525260.0%2525260.1%252522%25252C%25250A%252509%252509%252509%252509%252509%252509%252509%252509%252522Date%252522%25253A%2525222026-07-14T06%25253A03%25253A25Z%252522%25250A%252509%252509%252509%252509%252509%252509%252509%25257D%25252C%25250A%252509%252509%252509%252509%252509%252509%252509%25257B%25250A%252509%252509%252509%252509%252509%252509%252509%252509%252522Value%252522%25253A%2525220.2%2525260.2%2525260.1%252522%25252C%25250A%252509%252509%252509%252509%252509%252509%252509%252509%252522Date%252522%25253A%2525222026-07-14T06%25253A03%25253A30Z%252522%25250A%252509%252509%252509%252509%252509%252509%252509%25257D%25252C%25250A%252509%252509%252509%252509%252509%252509%252509%25257B%25250A%252509%252509%252509%252509%252509%252509%252509%252509%252522Value%252522%25253A%2525220.0%2525260.0%2525260.0%252522%25252C%25250A%252509%252509%252509%252509%252509%252509%252509%252509%252522Date%252522%25253A%2525222026-07-14T06%25253A03%25253A35Z%252522%25250A%252509%252509%252509%252509%252509%252509%252509%25257D%25252C%25250A%252509%252509%252509%252509%252509%252509%252509%25257B%25250A%252509%252509%252509%252509%252509%252509%252509%252509%252522Value%252522%25253A%2525220.4%2525260.1%2525260.1%252522%25252C%25250A%252509%252509%252509%252509%252509%252509%252509%252509%252522Date%252522%25253A%2525222026-07-14T06%25253A03%25253A40Z%252522%25250A%252509%252509%252509%252509%252509%252509%252509%25257D%25252C%25250A%252509%252509%252509%252509%252509%252509%252509%25257B%25250A%252509%252509%252509%252509%252509%252509%252509%252509%252522Value%252522%25253A%2525220.1%2525260.0%2525260.1%252522%25252C%25250A%252509%252509%252509%252509%252509%252509%252509%252509%252522Date%252522%25253A%2525222026-07-14T06%25253A03%25253A45Z%252522%25250A%252509%252509%252509%252509%252509%252509%252509%25257D%25252C%25250A%252509%252509%252509%252509%252509%252509%252509%25257B%25250A%252509%252509%252509%252509%252509%252509%252509%252509%252522Value%252522%25253A%2525220.3%2525260.0%2525260.0%252522%25252C%25250A%252509%252509%252509%252509%252509%252509%252509%252509%252522Date%252522%25253A%2525222026-07-14T06%25253A03%25253A50Z%252522%25250A%252509%252509%252509%252509%252509%252509%252509%25257D%25252C%25250A%252509%252509%252509%252509%252509%252509%252509%25257B%25250A%252509%252509%252509%252509%252509%252509%252509%252509%252522Value%252522%25253A%2525220.0%2525260.0%2525260.2%252522%25252C%25250A%252509%252509%252509%252509%252509%252509%252509%252509%252522Date%252522%25253A%2525222026-07-14T06%25253A03%25253A55Z%252522%25250A%252509%252509%252509%252509%252509%252509%252509%25257D%25252C%25250A%252509%252509%252509%252509%252509%252509%252509%25257B%25250A%252509%252509%252509%252509%252509%252509%252509%252509%252522Value%252522%25253A%2525220.4%2525260.2%2525260.2%252522%25252C%25250A%252509%252509%252509%252509%252509%252509%252509%252509%252522Date%252522%25253A%2525222026-07-14T06%25253A04%25253A00Z%252522%25250A%252509%252509%252509%252509%252509%252509%252509%25257D%25252C%25250A%252509%252509%252509%252509%252509%252509%252509%25257B%25250A%252509%252509%252509%252509%252509%252509%252509%252509%252522Value%252522%25253A%2525220.0%2525260.1%2525260.0%252522%25252C%25250A%252509%252509%252509%252509%252509%252509%252509%252509%252522Date%252522%25253A%2525222026-07-14T06%25253A04%25253A05Z%252522%25250A%252509%252509%252509%252509%252509%252509%252509%25257D%25252C%25250A%252509%252509%252509%252509%252509%252509%252509%25257B%25250A%252509%252509%252509%252509%252509%252509%252509%252509%252522Value%252522%25253A%2525220.3%2525260.1%2525260.2%252522%25252C%25250A%252509%252509%252509%252509%252509%252509%252509%252509%252522Date%252522%25253A%2525222026-07-14T06%25253A04%25253A10Z%252522%25250A%252509%252509%252509%252509%252509%252509%252509%25257D%25252C%25250A%252509%252509%252509%252509%252509%252509%252509%25257B%25250A%252509%252509%252509%252509%252509%252509%252509%252509%252522Value%252522%25253A%2525220.1%2525260.0%2525260.1%252522%25252C%25250A%252509%252509%252509%252509%252509%252509%252509%252509%252522Date%252522%25253A%2525222026-07-14T06%25253A04%25253A15Z%252522%25250A%252509%252509%252509%252509%252509%252509%252509%25257D%25252C%25250A%252509%252509%252509%252509%252509%252509%252509%25257B%25250A%252509%252509%252509%252509%252509%252509%252509%252509%252522Value%252522%25253A%2525220.2%2525260.1%2525260.0%252522%25252C%25250A%252509%252509%252509%252509%252509%252509%252509%252509%252522Date%252522%25253A%2525222026-07-14T06%25253A04%25253A20Z%252522%25250A%252509%252509%252509%252509%252509%252509%252509%25257D%25252C%25250A%252509%252509%252509%252509%252509%252509%252509%25257B%25250A%252509%252509%252509%252509%252509%252509%252509%252509%252522Value%252522%25253A%2525220.1%2525260.0%2525260.1%252522%25252C%25250A%252509%252509%252509%252509%252509%252509%252509%252509%252522Date%252522%25253A%2525222026-07-14T06%25253A04%25253A25Z%252522%25250A%252509%252509%252509%252509%252509%252509%252509%25257D%25252C%25250A%252509%252509%252509%252509%252509%252509%252509%25257B%25250A%252509%252509%252509%252509%252509%252509%252509%252509%252522Value%252522%25253A%2525220.2%2525260.2%2525260.2%252522%25252C%25250A%252509%252509%252509%252509%252509%252509%252509%252509%252522Date%252522%25253A%2525222026-07-14T06%25253A04%25253A30Z%252522%25250A%252509%252509%252509%252509%252509%252509%252509%25257D%25252C%25250A%252509%252509%252509%252509%252509%252509%252509%25257B%25250A%252509%252509%252509%252509%252509%252509%252509%252509%252522Value%252522%25253A%2525220.0%2525260.0%2525260.2%252522%25252C%25250A%252509%252509%252509%252509%252509%252509%252509%252509%252522Date%252522%25253A%2525222026-07-14T06%25253A04%25253A35Z%252522%25250A%252509%252509%252509%252509%252509%252509%252509%25257D%25252C%25250A%252509%252509%252509%252509%252509%252509%252509%25257B%25250A%252509%252509%252509%252509%252509%252509%252509%252509%252522Value%252522%25253A%2525220.4%2525260.1%2525260.1%252522%25252C%25250A%252509%252509%252509%252509%252509%252509%252509%252509%252522Date%252522%25253A%2525222026-07-14T06%25253A04%25253A40Z%252522%25250A%252509%252509%252509%252509%252509%252509%252509%25257D%25252C%25250A%252509%252509%252509%252509%252509%252509%252509%25257B%25250A%252509%252509%252509%252509%252509%252509%252509%252509%252522Value%252522%25253A%2525220.0%2525260.0%2525260.2%252522%25252C%25250A%252509%252509%252509%252509%252509%252509%252509%252509%252522Date%252522%25253A%2525222026-07-14T06%25253A04%25253A45Z%252522%25250A%252509%252509%252509%252509%252509%252509%252509%25257D%25252C%25250A%252509%252509%252509%252509%252509%252509%252509%25257B%25250A%252509%252509%252509%252509%252509%252509%252509%252509%252522Value%252522%25253A%2525220.3%2525260.1%2525260.2%252522%25252C%25250A%252509%252509%252509%252509%252509%252509%252509%252509%252522Date%252522%25253A%2525222026-07-14T06%25253A04%25253A50Z%252522%25250A%252509%252509%252509%252509%252509%252509%252509%25257D%25252C%25250A%252509%252509%252509%252509%252509%252509%252509%25257B%25250A%252509%252509%252509%252509%252509%252509%252509%252509%252522Value%252522%25253A%2525220.0%2525260.0%2525260.0%252522%25252C%25250A%252509%252509%252509%252509%252509%252509%252509%252509%252522Date%252522%25253A%2525222026-07-14T06%25253A04%25253A55Z%252522%25250A%252509%252509%252509%252509%252509%252509%252509%25257D%25252C%25250A%252509%252509%252509%252509%252509%252509%252509%25257B%25250A%252509%252509%252509%252509%252509%252509%252509%252509%252522Value%252522%25253A%2525220.3%2525260.0%2525260.0%252522%25252C%25250A%252509%252509%252509%252509%252509%252509%252509%252509%252522Date%252522%25253A%2525222026-07-14T06%25253A05%25253A00Z%252522%25250A%252509%252509%252509%252509%252509%252509%252509%25257D%25252C%25250A%252509%252509%252509%252509%252509%252509%252509%25257B%25250A%252509%252509%252509%252509%252509%252509%252509%252509%252522Value%252522%25253A%2525220.0%2525260.0%2525260.2%252522%25252C%25250A%252509%252509%252509%252509%252509%252509%252509%252509%252522Date%252522%25253A%2525222026-07-14T06%25253A05%25253A05Z%252522%25250A%252509%252509%252509%252509%252509%252509%252509%25257D%25252C%25250A%252509%252509%252509%252509%252509%252509%252509%25257B%25250A%252509%252509%252509%252509%252509%252509%252509%252509%252522Value%252522%25253A%2525220.2%2525260.0%2525260.1%252522%25252C%25250A%252509%252509%252509%252509%252509%252509%252509%252509%252522Date%252522%25253A%2525222026-07-14T06%25253A05%25253A10Z%252522%25250A%252509%252509%252509%252509%252509%252509%252509%25257D%25252C%25250A%252509%252509%252509%252509%252509%252509%252509%25257B%25250A%252509%252509%252509%252509%252509%252509%252509%252509%252522Value%252522%25253A%2525220.1%2525260.1%2525260.0%252522%25252C%25250A%252509%252509%252509%252509%252509%252509%252509%252509%252522Date%252522%25253A%2525222026-07-14T06%25253A05%25253A15Z%252522%25250A%252509%252509%252509%252509%252509%252509%252509%25257D%25252C%25250A%252509%252509%252509%252509%252509%252509%252509%25257B%25250A%252509%252509%252509%252509%252509%252509%252509%252509%252522Value%252522%25253A%2525220.3%2525260.1%2525260.2%252522%25252C%25250A%252509%252509%252509%252509%252509%252509%252509%252509%252522Date%252522%25253A%2525222026-07-14T06%25253A05%25253A20Z%252522%25250A%252509%252509%252509%252509%252509%252509%252509%25257D%25252C%25250A%252509%252509%252509%252509%252509%252509%252509%25257B%25250A%252509%252509%252509%252509%252509%252509%252509%252509%252522Value%252522%25253A%2525220.0%2525260.0%2525260.1%252522%25252C%25250A%252509%252509%252509%252509%252509%252509%252509%252509%252522Date%252522%25253A%2525222026-07-14T06%25253A05%25253A25Z%252522%25250A%252509%252509%252509%252509%252509%252509%252509%25257D%25252C%25250A%252509%252509%252509%252509%252509%252509%252509%25257B%25250A%252509%252509%252509%252509%252509%252509%252509%252509%252522Value%252522%25253A%2525220.4%2525260.1%2525260.2%252522%25252C%25250A%252509%252509%252509%252509%252509%252509%252509%252509%252522Date%252522%25253A%2525222026-07-14T06%25253A05%25253A30Z%252522%25250A%252509%252509%252509%252509%252509%252509%252509%25257D%25252C%25250A%252509%252509%252509%252509%252509%252509%252509%25257B%25250A%252509%252509%252509%252509%252509%252509%252509%252509%252522Value%252522%25253A%2525220.0%2525260.0%2525260.0%252522%25252C%25250A%252509%252509%252509%252509%252509%252509%252509%252509%252522Date%252522%25253A%2525222026-07-14T06%25253A05%25253A35Z%252522%25250A%252509%252509%252509%252509%252509%252509%252509%25257D%25252C%25250A%252509%252509%252509%252509%252509%252509%252509%25257B%25250A%252509%252509%252509%252509%252509%252509%252509%252509%252522Value%252522%25253A%2525220.2%2525260.2%2525260.1%252522%25252C%25250A%252509%252509%252509%252509%252509%252509%252509%252509%252522Date%252522%25253A%2525222026-07-14T06%25253A05%25253A40Z%252522%25250A%252509%252509%252509%252509%252509%252509%252509%25257D%25252C%25250A%252509%252509%252509%252509%252509%252509%252509%25257B%25250A%252509%252509%252509%252509%252509%252509%252509%252509%252522Value%252522%25253A%2525220.1%2525260.1%2525260.1%252522%25252C%25250A%252509%252509%252509%252509%252509%252509%252509%252509%252522Date%252522%25253A%2525222026-07-14T06%25253A05%25253A45Z%252522%25250A%252509%252509%252509%252509%252509%252509%252509%25257D%25252C%25250A%252509%252509%252509%252509%252509%252509%252509%25257B%25250A%252509%252509%252509%252509%252509%252509%252509%252509%252522Value%252522%25253A%2525220.5%2525260.1%2525260.2%252522%25252C%25250A%252509%252509%252509%252509%252509%252509%252509%252509%252522Date%252522%25253A%2525222026-07-14T06%25253A05%25253A50Z%252522%25250A%252509%252509%252509%252509%252509%252509%252509%25257D%25252C%25250A%252509%252509%252509%252509%252509%252509%252509%25257B%25250A%252509%252509%252509%252509%252509%252509%252509%252509%252522Value%252522%25253A%2525220.1%2525260.0%2525260.2%252522%25252C%25250A%252509%252509%252509%252509%252509%252509%252509%252509%252522Date%252522%25253A%2525222026-07-14T06%25253A05%25253A55Z%252522%25250A%252509%252509%252509%252509%252509%252509%252509%25257D%25252C%25250A%252509%252509%252509%252509%252509%252509%252509%25257B%25250A%252509%252509%252509%252509%252509%252509%252509%252509%252522Value%252522%25253A%2525220.2%2525260.0%2525260.2%252522%25252C%25250A%252509%252509%252509%252509%252509%252509%252509%252509%252522Date%252522%25253A%2525222026-07-14T06%25253A06%25253A00Z%252522%25250A%252509%252509%252509%252509%252509%252509%252509%25257D%25252C%25250A%252509%252509%252509%252509%252509%252509%252509%25257B%25250A%252509%252509%252509%252509%252509%252509%252509%252509%252522Value%252522%25253A%2525220.1%2525260.1%2525260.1%252522%25252C%25250A%252509%252509%252509%252509%252509%252509%252509%252509%252522Date%252522%25253A%2525222026-07-14T06%25253A06%25253A05Z%252522%25250A%252509%252509%252509%252509%252509%252509%252509%25257D%25252C%25250A%252509%252509%252509%252509%252509%252509%252509%25257B%25250A%252509%252509%252509%252509%252509%252509%252509%252509%252522Value%252522%25253A%2525220.4%2525260.1%2525260.1%252522%25252C%25250A%252509%252509%252509%252509%252509%252509%252509%252509%252522Date%252522%25253A%2525222026-07-14T06%25253A06%25253A10Z%252522%25250A%252509%252509%252509%252509%252509%252509%252509%25257D%25252C%25250A%252509%252509%252509%252509%252509%252509%252509%25257B%25250A%252509%252509%252509%252509%252509%252509%252509%252509%252522Value%252522%25253A%2525220.1%2525260.0%2525260.1%252522%25252C%25250A%252509%252509%252509%252509%252509%252509%252509%252509%252522Date%252522%25253A%2525222026-07-14T06%25253A06%25253A15Z%252522%25250A%252509%252509%252509%252509%252509%252509%252509%25257D%25252C%25250A%252509%252509%252509%252509%252509%252509%252509%25257B%25250A%252509%252509%252509%252509%252509%252509%252509%252509%252522Value%252522%25253A%2525220.2%2525260.1%2525260.2%252522%25252C%25250A%252509%252509%252509%252509%252509%252509%252509%252509%252522Date%252522%25253A%2525222026-07-14T06%25253A06%25253A20Z%252522%25250A%252509%252509%252509%252509%252509%252509%252509%25257D%25252C%25250A%252509%252509%252509%252509%252509%252509%252509%25257B%25250A%252509%252509%252509%252509%252509%252509%252509%252509%252522Value%252522%25253A%2525220.0%2525260.1%2525260.1%252522%25252C%25250A%252509%252509%252509%252509%252509%252509%252509%252509%252522Date%252522%25253A%2525222026-07-14T06%25253A06%25253A25Z%252522%25250A%252509%252509%252509%252509%252509%252509%252509%25257D%25252C%25250A%252509%252509%252509%252509%252509%252509%252509%25257B%25250A%252509%252509%252509%252509%252509%252509%252509%252509%252522Value%252522%25253A%2525220.2%2525260.1%2525260.3%252522%25252C%25250A%252509%252509%252509%252509%252509%252509%252509%252509%252522Date%252522%25253A%2525222026-07-14T06%25253A06%25253A30Z%252522%25250A%252509%252509%252509%252509%252509%252509%252509%25257D%25252C%25250A%252509%252509%252509%252509%252509%252509%252509%25257B%25250A%252509%252509%252509%252509%252509%252509%252509%252509%252522Value%252522%25253A%2525220.0%2525260.0%2525260.1%252522%25252C%25250A%252509%252509%252509%252509%252509%252509%252509%252509%252522Date%252522%25253A%2525222026-07-14T06%25253A06%25253A35Z%252522%25250A%252509%252509%252509%252509%252509%252509%252509%25257D%25252C%25250A%252509%252509%252509%252509%252509%252509%252509%25257B%25250A%252509%252509%252509%252509%252509%252509%252509%252509%252522Value%252522%25253A%2525220.2%2525260.1%2525260.2%252522%25252C%25250A%252509%252509%252509%252509%252509%252509%252509%252509%252522Date%252522%25253A%2525222026-07-14T06%25253A06%25253A40Z%252522%25250A%252509%252509%252509%252509%252509%252509%252509%25257D%25252C%25250A%252509%252509%252509%252509%252509%252509%252509%25257B%25250A%252509%252509%252509%252509%252509%252509%252509%252509%252522Value%252522%25253A%2525220.0%2525260.1%2525260.2%252522%25252C%25250A%252509%252509%252509%252509%252509%252509%252509%252509%252522Date%252522%25253A%2525222026-07-14T06%25253A06%25253A45Z%252522%25250A%252509%252509%252509%252509%252509%252509%252509%25257D%25252C%25250A%252509%252509%252509%252509%252509%252509%252509%25257B%25250A%252509%252509%252509%252509%252509%252509%252509%252509%252522Value%252522%25253A%2525220.5%2525260.1%2525260.2%252522%25252C%25250A%252509%252509%252509%252509%252509%252509%252509%252509%252522Date%252522%25253A%2525222026-07-14T06%25253A06%25253A50Z%252522%25250A%252509%252509%252509%252509%252509%252509%252509%25257D%25252C%25250A%252509%252509%252509%252509%252509%252509%252509%25257B%25250A%252509%252509%252509%252509%252509%252509%252509%252509%252522Value%252522%25253A%2525220.1%2525260.1%2525260.1%252522%25252C%25250A%252509%252509%252509%252509%252509%252509%252509%252509%252522Date%252522%25253A%2525222026-07-14T06%25253A06%25253A55Z%252522%25250A%252509%252509%252509%252509%252509%252509%252509%25257D%25252C%25250A%252509%252509%252509%252509%252509%252509%252509%25257B%25250A%252509%252509%252509%252509%252509%252509%252509%252509%252522Value%252522%25253A%2525220.2%2525260.0%2525260.1%252522%25252C%25250A%252509%252509%252509%252509%252509%252509%252509%252509%252522Date%252522%25253A%2525222026-07-14T06%25253A07%25253A00Z%252522%25250A%252509%252509%252509%252509%252509%252509%252509%25257D%25252C%25250A%252509%252509%252509%252509%252509%252509%252509%25257B%25250A%252509%252509%252509%252509%252509%252509%252509%252509%252522Value%252522%25253A%2525220.0%2525260.0%2525260.2%252522%25252C%25250A%252509%252509%252509%252509%252509%252509%252509%252509%252522Date%252522%25253A%2525222026-07-14T06%25253A07%25253A05Z%252522%25250A%252509%252509%252509%252509%252509%252509%252509%25257D%25252C%25250A%252509%252509%252509%252509%252509%252509%252509%25257B%25250A%252509%252509%252509%252509%252509%252509%252509%252509%252522Value%252522%25253A%2525220.2%2525260.2%2525260.3%252522%25252C%25250A%252509%252509%252509%252509%252509%252509%252509%252509%252522Date%252522%25253A%2525222026-07-14T06%25253A07%25253A10Z%252522%25250A%252509%252509%252509%252509%252509%252509%252509%25257D%25252C%25250A%252509%252509%252509%252509%252509%252509%252509%25257B%25250A%252509%252509%252509%252509%252509%252509%252509%252509%252522Value%252522%25253A%2525220.0%2525260.0%2525260.1%252522%25252C%25250A%252509%252509%252509%252509%252509%252509%252509%252509...%2526headers%253D%25257B%252522Content-Type%252522%25253A%252522application%25252Fx-www-form-urlencoded%252522%25257D%2526rtype%253Dxhr%2526plugin_version%253D3.2.4%2526ts%253D1784012328427%2526type%253Dapi%26cache%3D6ceabec%26jsver%3Daplus.js%26lver%3D1.13.27%26customSdkId%3D%26platformType%3Dpc%26device_model%3DMacintosh%26os%3DMac%20OS%20X%26os_version%3D10.15.7%26o%3Dmac%26w%3Dwebkit%26s%3D1280x720%26scr%3D1280x720%26m%3D%26ism%3Dmac%26p%3D1%26b%3Dchrome149%26tag%3D0%26stag%3D-3%26lstag%3D-1%26_g_encode%3Dutf-8&cna=&spm-cnt=5176.19908494.0.0.52d91450cxuUDN&spm-url=5176.28369458.0.0.36961450Jepyio&_gr_uid_=1048726631550559&uidaplus=1048726631550559&logtype=2&scr=1280x720&_p_url=https%3A%2F%2Frdsnext.console.aliyun.com%2Fdetail%2Fpgm-wz9t7bv5jsk55jh1%2FmonitorAlarm%3Fspm%3D5176.28369458.0.0.36961450Jepyio%26region%3Dcn-shenzhen%26DedicatedHostGroupId%3D:0
[ 2699693ms] [WARNING] [APLUS] -- 日志上报失败，注意，要切成动态网络啦! @ :2
[ 2699694ms] [ERROR] Failed to load resource: net::ERR_CONNECTION_CLOSED @ https://d-gm.mmstat.com/aes.1.1?gmkey=EXP&gokey=uidaplus%3D1048726631550559%26spm-url%3D5176.28369458.0.0.36961450Jepyio%26spm-pre%3D%26spm-cnt%3D5176.19908494.0.0.52d91450cxuUDN%26_f_t%3Dfalse%26pid%3Drdsnext%26sdk_version%3D3.3.18%26pv_id%3DLJQGceZrM3uv2y5lenKW%26timezone_offset%3D-480%26title%3DRDS%25E7%25AE%25A1%25E7%2590%2586%25E6%258E%25A7%25E5%2588%25B6%25E5%258F%25B0%26spm_a%3D5176%26spm_b%3D19908494%26dpi%3D1%26sr%3D1280x720%26platform%3Dweb%26language%3Den-US%26user_type%3D6%26uid%3D1048726631550559%26env%3Dprod%26downlink%3D10%26net_type%3D4g%26page_id%3D%252Fdetail%252F%253ADBInstanceId%252FmonitorAlarm%26user_agent_data%3D%257B%2522mobile%2522%253Afalse%252C%2522model%2522%253A%2522%2522%252C%2522platform%2522%253A%2522macOS%2522%252C%2522platformVersion%2522%253A%252226.5.2%2522%252C%2522fullVersionList%2522%253A%255B%257B%2522brand%2522%253A%2522Google%2520Chrome%2522%252C%2522version%2522%253A%2522149.0.7827.201%2522%257D%252C%257B%2522brand%2522%253A%2522Chromium%2522%252C%2522version%2522%253A%2522149.0.7827.201%2522%257D%252C%257B%2522brand%2522%253A%2522Not)A%253BBrand%2522%252C%2522version%2522%253A%252224.0.0.0%2522%257D%255D%257D%26origin_url%3Dhttps%253A%252F%252Frdsnext.console.aliyun.com%252Fdetail%252Fpgm-wz9t7bv5jsk55jh1%252FmonitorAlarm%253Fspm%253D5176.28369458.0.0.36961450Jepyio%2526region%253Dcn-shenzhen%2526DedicatedHostGroupId%253D%26msg%3Durl%253DDescribeDBInstancePerformance%2526method%253DPOST%2526success%253Dtrue%2526msg%253D019F5F6B-CCFE-5558-B0F1-BFC8F71BB5B8%2526status%253D200%2526code%253D200%2526duration%253D779%2526trace_id%253D0bc3b4ae17840123281528480e413e%2526params%253D__action%25253DDescribeDBInstancePerformance%2526body%253Dproduct%25253Drds%252526action%25253DDescribeDBInstancePerformance%252526params%25253D%2525257B%25252522StartTime%25252522%2525253A%252525222026-07-14T05%2525253A58Z%25252522%2525252C%25252522EndTime%25252522%2525253A%252525222026-07-14T06%2525253A58Z%25252522%2525252C%25252522key%25252522%2525253A%25252522PgSQLMemory%25252522%2525252C%25252522dBInstanceId%25252522%2525253A%25252522pgm-wz9t7bv5jsk55jh1%25252522%2525252C%25252522UseNullWhenMissingPoint%25252522%2525253Atrue%2525252C%25252522RegionId%25252522%2525253A%25252522cn-shenzhen%25252522%2525257D%252526sec_token%25253DeIrlFmLDgToEOzMPbhI438%252526umid%25253DY29b3ca4c152f1edb542c34bd8848d7a8%252526collina%25253D140%25252523fyMrFXYZzzFJkzo2LZLuC3SdvMUfLT%2525252Bs2FjMgavg6d%2525252BezgCu9dDSUEvj2YGRnrTidUdtbWifsNrSWWInIw2gk5GBGFLNS3hqzzcH8sOBvG1zzqVIIamulFzx2DD3VtgqQ4QDWlk%2525252BQZPin9HbyfsAoHgaPW9v%2525252FiNXctQmPW4H5dkOcQKNylMz%2525252BLY6fHiifoBQ%2525252B1QnfUHChZjS%2525252B9KINPQ%2525252BKRY5Aj6pwy7Q3kc7AvcO15c14HIksofFmkYtCY55WEqZ4OKvwrqFGIHeKWI8pbQuLpqWwbQ2mrYjLj2PtWvjkrJxLbTzalOJz6KY%2525252FKi0PEmhmgS2%2525252Fl0nTZPJm7cp9A%2525252BoHpIUqjZaFWmlHJfrq0ktvejVF2rEEZ9T4KkVX2Q9jFqVFKKiXf8tvoNjF5wBEetU3%2525252BcLRo9WdvhxZBa6REmk0FcwZbcCQw9Y3ajrBZy%2525252FrnlKWYH5BVCeylkFPL0H5otSmtE9jh9doEKpPN0%2525252FQrB9Vek3fq0%2525252BlS39K772UhOABIBXqNOgU0vSJMmuXXfwhcb1wkVdT9bRqEnoR4sE6d%2525252FwN0hFRhQHYb1SFJq967fdjWlVB%2525252FM%2525252FgAPGson%2525252BB7Fc15fOFHKSkxS4R0UkjGMZk8E%2525252BpFjajbXEwAbuNtFxhWARwxP5ezco3AyXlpODzPzYVXlqlRD8HIZrViOBzCTWDAKIPtrPHpcDEDWYKCR1itz69HvDIp8DlDmvJs5a9D5KPivvDuM4MInpkPsyDAVYIFNdhx0NqUTzMrb8ybpNx4IHsy4ir%2525252BxGS1EECLBPm8M5B2UOUaKqiVsoY3XKnXGyOBrQOD6gXp7opbL7Im1eQzU5WgiEdQdTjlCP2tSXKm%2525252FS0p3UiYQnQpZJz2Dn%2525252BfUDJ%2525252FPK0%2525252FUQUW1yeCSxNzd0o1%2525252FObQLLxuVS015GF8MiABBhrGNWRz8Lh09ApmNQKs3wPuKwzUsEh1zX7rLwKFrQm6aalDLDW1cgVtBON3z4jmYn3wZns%2525252BQC98CxvFurI%2525252Fz0Ok2EjLofMA0TLeBl56L0E4IY%2525252BwdmZauYdiBQrujKGPAficT6m57l8bKOsnVfeQa%2525252FFi2nSuoQA0lG7Vt3N1LjsUbhFjFNz8InIDEft0McSz1JKJrbwhGzGn5aXowF1i9HmSUl0xji5GW%2525252B2yxqvaAwN7zbfLC2MmEzvUP%2525252FEXsHwx8xjEXzwmH2djDsb44XNsPkqin1F%2525252FKp3eU0qZOsvMo8Go7eovCZpmXp8wpczmjiwqA7ogoHzdtgeubf1yNqB01RhiO%2525252BC%2525252FEH9B6Q4ybiXzDsDn3cO1old11y2OwXXH94pS8VQqkSKvHlcX5xW75m9bHZvLjTjC1JIrQf60ptDS2xyx1l7gM6FteJ437zmWRAKpsfqYjeueoARWvodAC3Oo9rfP2JmmTxWa0I20DnWhQtAcHNcRgIlWAQQ5%2525252FERemaTd8UT4qQFRIKxYqTNYmsZkF4NXUNCIXjAftBaKSDPXq5ZjVE%252526region%25253Dcn-shenzhen%2526response%253D%25257B%25250A%252509%252522code%252522%25253A%252522200%252522%25252C%25250A%252509%252522data%252522%25253A%25257B%25250A%252509%252509%252522PerformanceKeys%252522%25253A%25257B%25250A%252509%252509%252509%252522PerformanceKey%252522%25253A%25255B%25250A%252509%252509%252509%252509%25257B%25250A%252509%252509%252509%252509%252509%252522ValueFormat%252522%25253A%252522mem_ratio%252522%25252C%25250A%252509%252509%252509%252509%252509%252522Values%252522%25253A%25257B%25250A%252509%252509%252509%252509%252509%252509%252522PerformanceValue%252522%25253A%25255B%25250A%252509%252509%252509%252509%252509%252509%252509%25257B%25250A%252509%252509%252509%252509%252509%252509%252509%252509%252522Value%252522%25253A%25252230.2%252522%25252C%25250A%252509%252509%252509%252509%252509%252509%252509%252509%252522Date%252522%25253A%2525222026-07-14T05%25253A58%25253A00Z%252522%25250A%252509%252509%252509%252509%252509%252509%252509%25257D%25252C%25250A%252509%252509%252509%252509%252509%252509%252509%25257B%25250A%252509%252509%252509%252509%252509%252509%252509%252509%252522Value%252522%25253A%25252230.2%252522%25252C%25250A%252509%252509%252509%252509%252509%252509%252509%252509%252522Date%252522%25253A%2525222026-07-14T05%25253A58%25253A05Z%252522%25250A%252509%252509%252509%252509%252509%252509%252509%25257D%25252C%25250A%252509%252509%252509%252509%252509%252509%252509%25257B%25250A%252509%252509%252509%252509%252509%252509%252509%252509%252522Value%252522%25253A%25252230.2%252522%25252C%25250A%252509%252509%252509%252509%252509%252509%252509%252509%252522Date%252522%25253A%2525222026-07-14T05%25253A58%25253A10Z%252522%25250A%252509%252509%252509%252509%252509%252509%252509%25257D%25252C%25250A%252509%252509%252509%252509%252509%252509%252509%25257B%25250A%252509%252509%252509%252509%252509%252509%252509%252509%252522Value%252522%25253A%25252230.2%252522%25252C%25250A%252509%252509%252509%252509%252509%252509%252509%252509%252522Date%252522%25253A%2525222026-07-14T05%25253A58%25253A15Z%252522%25250A%252509%252509%252509%252509%252509%252509%252509%25257D%25252C%25250A%252509%252509%252509%252509%252509%252509%252509%25257B%25250A%252509%252509%252509%252509%252509%252509%252509%252509%252522Value%252522%25253A%25252230.2%252522%25252C%25250A%252509%252509%252509%252509%252509%252509%252509%252509%252522Date%252522%25253A%2525222026-07-14T05%25253A58%25253A20Z%252522%25250A%252509%252509%252509%252509%252509%252509%252509%25257D%25252C%25250A%252509%252509%252509%252509%252509%252509%252509%25257B%25250A%252509%252509%252509%252509%252509%252509%252509%252509%252522Value%252522%25253A%25252230.2%252522%25252C%25250A%252509%252509%252509%252509%252509%252509%252509%252509%252522Date%252522%25253A%2525222026-07-14T05%25253A58%25253A25Z%252522%25250A%252509%252509%252509%252509%252509%252509%252509%25257D%25252C%25250A%252509%252509%252509%252509%252509%252509%252509%25257B%25250A%252509%252509%252509%252509%252509%252509%252509%252509%252522Value%252522%25253A%25252230.2%252522%25252C%25250A%252509%252509%252509%252509%252509%252509%252509%252509%252522Date%252522%25253A%2525222026-07-14T05%25253A58%25253A30Z%252522%25250A%252509%252509%252509%252509%252509%252509%252509%25257D%25252C%25250A%252509%252509%252509%252509%252509%252509%252509%25257B%25250A%252509%252509%252509%252509%252509%252509%252509%252509%252522Value%252522%25253A%25252230.2%252522%25252C%25250A%252509%252509%252509%252509%252509%252509%252509%252509%252522Date%252522%25253A%2525222026-07-14T05%25253A58%25253A35Z%252522%25250A%252509%252509%252509%252509%252509%252509%252509%25257D%25252C%25250A%252509%252509%252509%252509%252509%252509%252509%25257B%25250A%252509%252509%252509%252509%252509%252509%252509%252509%252522Value%252522%25253A%25252230.2%252522%25252C%25250A%252509%252509%252509%252509%252509%252509%252509%252509%252522Date%252522%25253A%2525222026-07-14T05%25253A58%25253A40Z%252522%25250A%252509%252509%252509%252509%252509%252509%252509%25257D%25252C%25250A%252509%252509%252509%252509%252509%252509%252509%25257B%25250A%252509%252509%252509%252509%252509%252509%252509%252509%252522Value%252522%25253A%25252230.2%252522%25252C%25250A%252509%252509%252509%252509%252509%252509%252509%252509%252522Date%252522%25253A%2525222026-07-14T05%25253A58%25253A45Z%252522%25250A%252509%252509%252509%252509%252509%252509%252509%25257D%25252C%25250A%252509%252509%252509%252509%252509%252509%252509%25257B%25250A%252509%252509%252509%252509%252509%252509%252509%252509%252522Value%252522%25253A%25252230.2%252522%25252C%25250A%252509%252509%252509%252509%252509%252509%252509%252509%252522Date%252522%25253A%2525222026-07-14T05%25253A58%25253A50Z%252522%25250A%252509%252509%252509%252509%252509%252509%252509%25257D%25252C%25250A%252509%252509%252509%252509%252509%252509%252509%25257B%25250A%252509%252509%252509%252509%252509%252509%252509%252509%252522Value%252522%25253A%25252230.2%252522%25252C%25250A%252509%252509%252509%252509%252509%252509%252509%252509%252522Date%252522%25253A%2525222026-07-14T05%25253A58%25253A55Z%252522%25250A%252509%252509%252509%252509%252509%252509%252509%25257D%25252C%25250A%252509%252509%252509%252509%252509%252509%252509%25257B%25250A%252509%252509%252509%252509%252509%252509%252509%252509%252522Value%252522%25253A%25252230.2%252522%25252C%25250A%252509%252509%252509%252509%252509%252509%252509%252509%252522Date%252522%25253A%2525222026-07-14T05%25253A59%25253A00Z%252522%25250A%252509%252509%252509%252509%252509%252509%252509%25257D%25252C%25250A%252509%252509%252509%252509%252509%252509%252509%25257B%25250A%252509%252509%252509%252509%252509%252509%252509%252509%252522Value%252522%25253A%25252230.2%252522%25252C%25250A%252509%252509%252509%252509%252509%252509%252509%252509%252522Date%252522%25253A%2525222026-07-14T05%25253A59%25253A05Z%252522%25250A%252509%252509%252509%252509%252509%252509%252509%25257D%25252C%25250A%252509%252509%252509%252509%252509%252509%252509%25257B%25250A%252509%252509%252509%252509%252509%252509%252509%252509%252522Value%252522%25253A%25252230.2%252522%25252C%25250A%252509%252509%252509%252509%252509%252509%252509%252509%252522Date%252522%25253A%2525222026-07-14T05%25253A59%25253A10Z%252522%25250A%252509%252509%252509%252509%252509%252509%252509%25257D%25252C%25250A%252509%252509%252509%252509%252509%252509%252509%25257B%25250A%252509%252509%252509%252509%252509%252509%252509%252509%252522Value%252522%25253A%25252230.2%252522%25252C%25250A%252509%252509%252509%252509%252509%252509%252509%252509%252522Date%252522%25253A%2525222026-07-14T05%25253A59%25253A15Z%252522%25250A%252509%252509%252509%252509%252509%252509%252509%25257D%25252C%25250A%252509%252509%252509%252509%252509%252509%252509%25257B%25250A%252509%252509%252509%252509%252509%252509%252509%252509%252522Value%252522%25253A%25252230.2%252522%25252C%25250A%252509%252509%252509%252509%252509%252509%252509%252509%252522Date%252522%25253A%2525222026-07-14T05%25253A59%25253A20Z%252522%25250A%252509%252509%252509%252509%252509%252509%252509%25257D%25252C%25250A%252509%252509%252509%252509%252509%252509%252509%25257B%25250A%252509%252509%252509%252509%252509%252509%252509%252509%252522Value%252522%25253A%25252230.19%252522%25252C%25250A%252509%252509%252509%252509%252509%252509%252509%252509%252522Date%252522%25253A%2525222026-07-14T05%25253A59%25253A25Z%252522%25250A%252509%252509%252509%252509%252509%252509%252509%25257D%25252C%25250A%252509%252509%252509%252509%252509%252509%252509%25257B%25250A%252509%252509%252509%252509%252509%252509%252509%252509%252522Value%252522%25253A%25252230.2%252522%25252C%25250A%252509%252509%252509%252509%252509%252509%252509%252509%252522Date%252522%25253A%2525222026-07-14T05%25253A59%25253A30Z%252522%25250A%252509%252509%252509%252509%252509%252509%252509%25257D%25252C%25250A%252509%252509%252509%252509%252509%252509%252509%25257B%25250A%252509%252509%252509%252509%252509%252509%252509%252509%252522Value%252522%25253A%25252230.2%252522%25252C%25250A%252509%252509%252509%252509%252509%252509%252509%252509%252522Date%252522%25253A%2525222026-07-14T05%25253A59%25253A35Z%252522%25250A%252509%252509%252509%252509%252509%252509%252509%25257D%25252C%25250A%252509%252509%252509%252509%252509%252509%252509%25257B%25250A%252509%252509%252509%252509%252509%252509%252509%252509%252522Value%252522%25253A%25252230.2%252522%25252C%25250A%252509%252509%252509%252509%252509%252509%252509%252509%252522Date%252522%25253A%2525222026-07-14T05%25253A59%25253A40Z%252522%25250A%252509%252509%252509%252509%252509%252509%252509%25257D%25252C%25250A%252509%252509%252509%252509%252509%252509%252509%25257B%25250A%252509%252509%252509%252509%252509%252509%252509%252509%252522Value%252522%25253A%25252230.2%252522%25252C%25250A%252509%252509%252509%252509%252509%252509%252509%252509%252522Date%252522%25253A%2525222026-07-14T05%25253A59%25253A45Z%252522%25250A%252509%252509%252509%252509%252509%252509%252509%25257D%25252C%25250A%252509%252509%252509%252509%252509%252509%252509%25257B%25250A%252509%252509%252509%252509%252509%252509%252509%252509%252522Value%252522%25253A%25252230.2%252522%25252C%25250A%252509%252509%252509%252509%252509%252509%252509%252509%252522Date%252522%25253A%2525222026-07-14T05%25253A59%25253A50Z%252522%25250A%252509%252509%252509%252509%252509%252509%252509%25257D%25252C%25250A%252509%252509%252509%252509%252509%252509%252509%25257B%25250A%252509%252509%252509%252509%252509%252509%252509%252509%252522Value%252522%25253A%25252230.2%252522%25252C%25250A%252509%252509%252509%252509%252509%252509%252509%252509%252522Date%252522%25253A%2525222026-07-14T05%25253A59%25253A55Z%252522%25250A%252509%252509%252509%252509%252509%252509%252509%25257D%25252C%25250A%252509%252509%252509%252509%252509%252509%252509%25257B%25250A%252509%252509%252509%252509%252509%252509%252509%252509%252522Value%252522%25253A%25252230.2%252522%25252C%25250A%252509%252509%252509%252509%252509%252509%252509%252509%252522Date%252522%25253A%2525222026-07-14T06%25253A00%25253A00Z%252522%25250A%252509%252509%252509%252509%252509%252509%252509%25257D%25252C%25250A%252509%252509%252509%252509%252509%252509%252509%25257B%25250A%252509%252509%252509%252509%252509%252509%252509%252509%252522Value%252522%25253A%25252230.2%252522%25252C%25250A%252509%252509%252509%252509%252509%252509%252509%252509%252522Date%252522%25253A%2525222026-07-14T06%25253A00%25253A05Z%252522%25250A%252509%252509%252509%252509%252509%252509%252509%25257D%25252C%25250A%252509%252509%252509%252509%252509%252509%252509%25257B%25250A%252509%252509%252509%252509%252509%252509%252509%252509%252522Value%252522%25253A%25252230.2%252522%25252C%25250A%252509%252509%252509%252509%252509%252509%252509%252509%252522Date%252522%25253A%2525222026-07-14T06%25253A00%25253A10Z%252522%25250A%252509%252509%252509%252509%252509%252509%252509%25257D%25252C%25250A%252509%252509%252509%252509%252509%252509%252509%25257B%25250A%252509%252509%252509%252509%252509%252509%252509%252509%252522Value%252522%25253A%25252230.2%252522%25252C%25250A%252509%252509%252509%252509%252509%252509%252509%252509%252522Date%252522%25253A%2525222026-07-14T06%25253A00%25253A15Z%252522%25250A%252509%252509%252509%252509%252509%252509%252509%25257D%25252C%25250A%252509%252509%252509%252509%252509%252509%252509%25257B%25250A%252509%252509%252509%252509%252509%252509%252509%252509%252522Value%252522%25253A%25252230.2%252522%25252C%25250A%252509%252509%252509%252509%252509%252509%252509%252509%252522Date%252522%25253A%2525222026-07-14T06%25253A00%25253A20Z%252522%25250A%252509%252509%252509%252509%252509%252509%252509%25257D%25252C%25250A%252509%252509%252509%252509%252509%252509%252509%25257B%25250A%252509%252509%252509%252509%252509%252509%252509%252509%252522Value%252522%25253A%25252230.19%252522%25252C%25250A%252509%252509%252509%252509%252509%252509%252509%252509%252522Date%252522%25253A%2525222026-07-14T06%25253A00%25253A25Z%252522%25250A%252509%252509%252509%252509%252509%252509%252509%25257D%25252C%25250A%252509%252509%252509%252509%252509%252509%252509%25257B%25250A%252509%252509%252509%252509%252509%252509%252509%252509%252522Value%252522%25253A%25252230.2%252522%25252C%25250A%252509%252509%252509%252509%252509%252509%252509%252509%252522Date%252522%25253A%2525222026-07-14T06%25253A00%25253A30Z%252522%25250A%252509%252509%252509%252509%252509%252509%252509%25257D%25252C%25250A%252509%252509%252509%252509%252509%252509%252509%25257B%25250A%252509%252509%252509%252509%252509%252509%252509%252509%252522Value%252522%25253A%25252230.2%252522%25252C%25250A%252509%252509%252509%252509%252509%252509%252509%252509%252522Date%252522%25253A%2525222026-07-14T06%25253A00%25253A35Z%252522%25250A%252509%252509%252509%252509%252509%252509%252509%25257D%25252C%25250A%252509%252509%252509%252509%252509%252509%252509%25257B%25250A%252509%252509%252509%252509%252509%252509%252509%252509%252522Value%252522%25253A%25252230.2%252522%25252C%25250A%252509%252509%252509%252509%252509%252509%252509%252509%252522Date%252522%25253A%2525222026-07-14T06%25253A00%25253A40Z%252522%25250A%252509%252509%252509%252509%252509%252509%252509%25257D%25252C%25250A%252509%252509%252509%252509%252509%252509%252509%25257B%25250A%252509%252509%252509%252509%252509%252509%252509%252509%252522Value%252522%25253A%25252230.2%252522%25252C%25250A%252509%252509%252509%252509%252509%252509%252509%252509%252522Date%252522%25253A%2525222026-07-14T06%25253A00%25253A45Z%252522%25250A%252509%252509%252509%252509%252509%252509%252509%25257D%25252C%25250A%252509%252509%252509%252509%252509%252509%252509%25257B%25250A%252509%252509%252509%252509%252509%252509%252509%252509%252522Value%252522%25253A%25252230.2%252522%25252C%25250A%252509%252509%252509%252509%252509%252509%252509%252509%252522Date%252522%25253A%2525222026-07-14T06%25253A00%25253A50Z%252522%25250A%252509%252509%252509%252509%252509%252509%252509%25257D%25252C%25250A%252509%252509%252509%252509%252509%252509%252509%25257B%25250A%252509%252509%252509%252509%252509%252509%252509%252509%252522Value%252522%25253A%25252230.2%252522%25252C%25250A%252509%252509%252509%252509%252509%252509%252509%252509%252522Date%252522%25253A%2525222026-07-14T06%25253A00%25253A55Z%252522%25250A%252509%252509%252509%252509%252509%252509%252509%25257D%25252C%25250A%252509%252509%252509%252509%252509%252509%252509%25257B%25250A%252509%252509%252509%252509%252509%252509%252509%252509%252522Value%252522%25253A%25252230.2%252522%25252C%25250A%252509%252509%252509%252509%252509%252509%252509%252509%252522Date%252522%25253A%2525222026-07-14T06%25253A01%25253A00Z%252522%25250A%252509%252509%252509%252509%252509%252509%252509%25257D%25252C%25250A%252509%252509%252509%252509%252509%252509%252509%25257B%25250A%252509%252509%252509%252509%252509%252509%252509%252509%252522Value%252522%25253A%25252230.2%252522%25252C%25250A%252509%252509%252509%252509%252509%252509%252509%252509%252522Date%252522%25253A%2525222026-07-14T06%25253A01%25253A05Z%252522%25250A%252509%252509%252509%252509%252509%252509%252509%25257D%25252C%25250A%252509%252509%252509%252509%252509%252509%252509%25257B%25250A%252509%252509%252509%252509%252509%252509%252509%252509%252522Value%252522%25253A%25252230.2%252522%25252C%25250A%252509%252509%252509%252509%252509%252509%252509%252509%252522Date%252522%25253A%2525222026-07-14T06%25253A01%25253A10Z%252522%25250A%252509%252509%252509%252509%252509%252509%252509%25257D%25252C%25250A%252509%252509%252509%252509%252509%252509%252509%25257B%25250A%252509%252509%252509%252509%252509%252509%252509%252509%252522Value%252522%25253A%25252230.2%252522%25252C%25250A%252509%252509%252509%252509%252509%252509%252509%252509%252522Date%252522%25253A%2525222026-07-14T06%25253A01%25253A15Z%252522%25250A%252509%252509%252509%252509%252509%252509%252509%25257D%25252C%25250A%252509%252509%252509%252509%252509%252509%252509%25257B%25250A%252509%252509%252509%252509%252509%252509%252509%252509%252522Value%252522%25253A%25252230.2%252522%25252C%25250A%252509%252509%252509%252509%252509%252509%252509%252509%252522Date%252522%25253A%2525222026-07-14T06%25253A01%25253A20Z%252522%25250A%252509%252509%252509%252509%252509%252509%252509%25257D%25252C%25250A%252509%252509%252509%252509%252509%252509%252509%25257B%25250A%252509%252509%252509%252509%252509%252509%252509%252509%252522Value%252522%25253A%25252230.2%252522%25252C%25250A%252509%252509%252509%252509%252509%252509%252509%252509%252522Date%252522%25253A%2525222026-07-14T06%25253A01%25253A25Z%252522%25250A%252509%252509%252509%252509%252509%252509%252509%25257D%25252C%25250A%252509%252509%252509%252509%252509%252509%252509%25257B%25250A%252509%252509%252509%252509%252509%252509%252509%252509%252522Value%252522%25253A%25252230.2%252522%25252C%25250A%252509%252509%252509%252509%252509%252509%252509%252509%252522Date%252522%25253A%2525222026-07-14T06%25253A01%25253A30Z%252522%25250A%252509%252509%252509%252509%252509%252509%252509%25257D%25252C%25250A%252509%252509%252509%252509%252509%252509%252509%25257B%25250A%252509%252509%252509%252509%252509%252509%252509%252509%252522Value%252522%25253A%25252230.2%252522%25252C%25250A%252509%252509%252509%252509%252509%252509%252509%252509%252522Date%252522%25253A%2525222026-07-14T06%25253A01%25253A35Z%252522%25250A%252509%252509%252509%252509%252509%252509%252509%25257D%25252C%25250A%252509%252509%252509%252509%252509%252509%252509%25257B%25250A%252509%252509%252509%252509%252509%252509%252509%252509%252522Value%252522%25253A%25252230.2%252522%25252C%25250A%252509%252509%252509%252509%252509%252509%252509%252509%252522Date%252522%25253A%2525222026-07-14T06%25253A01%25253A40Z%252522%25250A%252509%252509%252509%252509%252509%252509%252509%25257D%25252C%25250A%252509%252509%252509%252509%252509%252509%252509%25257B%25250A%252509%252509%252509%252509%252509%252509%252509%252509%252522Value%252522%25253A%25252230.2%252522%25252C%25250A%252509%252509%252509%252509%252509%252509%252509%252509%252522Date%252522%25253A%2525222026-07-14T06%25253A01%25253A45Z%252522%25250A%252509%252509%252509%252509%252509%252509%252509%25257D%25252C%25250A%252509%252509%252509%252509%252509%252509%252509%25257B%25250A%252509%252509%252509%252509%252509%252509%252509%252509%252522Value%252522%25253A%25252230.2%252522%25252C%25250A%252509%252509%252509%252509%252509%252509%252509%252509%252522Date%252522%25253A%2525222026-07-14T06%25253A01%25253A50Z%252522%25250A%252509%252509%252509%252509%252509%252509%252509%25257D%25252C%25250A%252509%252509%252509%252509%252509%252509%252509%25257B%25250A%252509%252509%252509%252509%252509%252509%252509%252509%252522Value%252522%25253A%25252230.2%252522%25252C%25250A%252509%252509%252509%252509%252509%252509%252509%252509%252522Date%252522%25253A%2525222026-07-14T06%25253A01%25253A55Z%252522%25250A%252509%252509%252509%252509%252509%252509%252509%25257D%25252C%25250A%252509%252509%252509%252509%252509%252509%252509%25257B%25250A%252509%252509%252509%252509%252509%252509%252509%252509%252522Value%252522%25253A%25252230.2%252522%25252C%25250A%252509%252509%252509%252509%252509%252509%252509%252509%252522Date%252522%25253A%2525222026-07-14T06%25253A02%25253A00Z%252522%25250A%252509%252509%252509%252509%252509%252509%252509%25257D%25252C%25250A%252509%252509%252509%252509%252509%252509%252509%25257B%25250A%252509%252509%252509%252509%252509%252509%252509%252509%252522Value%252522%25253A%25252230.19%252522%25252C%25250A%252509%252509%252509%252509%252509%252509%252509%252509%252522Date%252522%25253A%2525222026-07-14T06%25253A02%25253A05Z%252522%25250A%252509%252509%252509%252509%252509%252509%252509%25257D%25252C%25250A%252509%252509%252509%252509%252509%252509%252509%25257B%25250A%252509%252509%252509%252509%252509%252509%252509%252509%252522Value%252522%25253A%25252230.18%252522%25252C%25250A%252509%252509%252509%252509%252509%252509%252509%252509%252522Date%252522%25253A%2525222026-07-14T06%25253A02%25253A10Z%252522%25250A%252509%252509%252509%252509%252509%252509%252509%25257D%25252C%25250A%252509%252509%252509%252509%252509%252509%252509%25257B%25250A%252509%252509%252509%252509%252509%252509%252509%252509%252522Value%252522%25253A%25252230.18%252522%25252C%25250A%252509%252509%252509%252509%252509%252509%252509%252509%252522Date%252522%25253A%2525222026-07-14T06%25253A02%25253A15Z%252522%25250A%252509%252509%252509%252509%252509%252509%252509%25257D%25252C%25250A%252509%252509%252509%252509%252509%252509%252509%25257B%25250A%252509%252509%252509%252509%252509%252509%252509%252509%252522Value%252522%25253A%25252230.19%252522%25252C%25250A%252509%252509%252509%252509%252509%252509%252509%252509%252522Date%252522%25253A%2525222026-07-14T06%25253A02%25253A20Z%252522%25250A%252509%252509%252509%252509%252509%252509%252509%25257D%25252C%25250A%252509%252509%252509%252509%252509%252509%252509%25257B%25250A%252509%252509%252509%252509%252509%252509%252509%252509%252522Value%252522%25253A%25252230.19%252522%25252C%25250A%252509%252509%252509%252509%252509%252509%252509%252509%252522Date%252522%25253A%2525222026-07-14T06%25253A02%25253A25Z%252522%25250A%252509%252509%252509%252509%252509%252509%252509%25257D%25252C%25250A%252509%252509%252509%252509%252509%252509%252509%25257B%25250A%252509%252509%252509%252509%252509%252509%252509%252509%252522Value%252522%25253A%25252230.2%252522%25252C%25250A%252509%252509%252509%252509%252509%252509%252509%252509%252522Date%252522%25253A%2525222026-07-14T06%25253A02%25253A30Z%252522%25250A%252509%252509%252509%252509%252509%252509%252509%25257D%25252C%25250A%252509%252509%252509%252509%252509%252509%252509%25257B%25250A%252509%252509%252509%252509%252509%252509%252509%252509%252522Value%252522%25253A%25252230.21%252522%25252C%25250A%252509%252509%252509%252509%252509%252509%252509%252509%252522Date%252522%25253A%2525222026-07-14T06%25253A02%25253A35Z%252522%25250A%252509%252509%252509%252509%252509%252509%252509%25257D%25252C%25250A%252509%252509%252509%252509%252509%252509%252509%25257B%25250A%252509%252509%252509%252509%252509%252509%252509%252509%252522Value%252522%25253A%25252230.22%252522%25252C%25250A%252509%252509%252509%252509%252509%252509%252509%252509%252522Date%252522%25253A%2525222026-07-14T06%25253A02%25253A40Z%252522%25250A%252509%252509%252509%252509%252509%252509%252509%25257D%25252C%25250A%252509%252509%252509%252509%252509%252509%252509%25257B%25250A%252509%252509%252509%252509%252509%252509%252509%252509%252522Value%252522%25253A%25252230.22%252522%25252C%25250A%252509%252509%252509%252509%252509%252509%252509%252509%252522Date%252522%25253A%2525222026-07-14T06%25253A02%25253A45Z%252522%25250A%252509%252509%252509%252509%252509%252509%252509%25257D%25252C%25250A%252509%252509%252509%252509%252509%252509%252509%25257B%25250A%252509%252509%252509%252509%252509%252509%252509%252509%252522Value%252522%25253A%25252230.22%252522%25252C%25250A%252509%252509%252509%252509%252509%252509%252509%252509%252522Date%252522%25253A%2525222026-07-14T06%25253A02%25253A50Z%252522%25250A%252509%252509%252509%252509%252509%252509%252509%25257D%25252C%25250A%252509%252509%252509%252509%252509%252509%252509%25257B%25250A%252509%252509%252509%252509%252509%252509%252509%252509%252522Value%252522%25253A%25252230.24%252522%25252C%25250A%252509%252509%252509%252509%252509%252509%252509%252509%252522Date%252522%25253A%2525222026-07-14T06%25253A02%25253A55Z%252522%25250A%252509%252509%252509%252509%252509%252509%252509%25257D%25252C%25250A%252509%252509%252509%252509%252509%252509%252509%25257B%25250A%252509%252509%252509%252509%252509%252509%252509%252509%252522Value%252522%25253A%25252230.23%252522%25252C%25250A%252509%252509%252509%252509%252509%252509%252509%252509%252522Date%252522%25253A%2525222026-07-14T06%25253A03%25253A00Z%252522%25250A%252509%252509%252509%252509%252509%252509%252509%25257D%25252C%25250A%252509%252509%252509%252509%252509%252509%252509%25257B%25250A%252509%252509%252509%252509%252509%252509%252509%252509%252522Value%252522%25253A%25252230.22%252522%25252C%25250A%252509%252509%252509%252509%252509%252509%252509%252509%252522Date%252522%25253A%2525222026-07-14T06%25253A03%25253A05Z%252522%25250A%252509%252509%252509%252509%252509%252509%252509%25257D%25252C%25250A%252509%252509%252509%252509%252509%252509%252509%25257B%25250A%252509%252509%252509%252509%252509%252509%252509%252509%252522Value%252522%25253A%25252230.22%252522%25252C%25250A%252509%252509%252509%252509%252509%252509%252509%252509%252522Date%252522%25253A%2525222026-07-14T06%25253A03%25253A10Z%252522%25250A%252509%252509%252509%252509%252509%252509%252509%25257D%25252C%25250A%252509%252509%252509%252509%252509%252509%252509%25257B%25250A%252509%252509%252509%252509%252509%252509%252509%252509%252522Value%252522%25253A%25252230.22%252522%25252C%25250A%252509%252509%252509%252509%252509%252509%252509%252509%252522Date%252522%25253A%2525222026-07-14T06%25253A03%25253A15Z%252522%25250A%252509%252509%252509%252509%252509%252509%252509%25257D%25252C%25250A%252509%252509%252509%252509%252509%252509%252509%25257B%25250A%252509%252509%252509%252509%252509%252509%252509%252509%252522Value%252522%25253A%25252230.22%252522%25252C%25250A%252509%252509%252509%252509%252509%252509%252509%252509%252522Date%252522%25253A%2525222026-07-14T06%25253A03%25253A20Z%252522%25250A%252509%252509%252509%252509%252509%252509%252509%25257D%25252C%25250A%252509%252509%252509%252509%252509%252509%252509%25257B%25250A%252509%252509%252509%252509%252509%252509%252509%252509%252522Value%252522%25253A%25252230.21%252522%25252C%25250A%252509%252509%252509%252509%252509%252509%252509%252509%252522Date%252522%25253A%2525222026-07-14T06%25253A03%25253A25Z%252522%25250A%252509%252509%252509%252509%252509%252509%252509%25257D%25252C%25250A%252509%252509%252509%252509%252509%252509%252509%25257B%25250A%252509%252509%252509%252509%252509%252509%252509%252509%252522Value%252522%25253A%25252230.21%252522%25252C%25250A%252509%252509%252509%252509%252509%252509%252509%252509%252522Date%252522%25253A%2525222026-07-14T06%25253A03%25253A30Z%252522%25250A%252509%252509%252509%252509%252509%252509%252509%25257D%25252C%25250A%252509%252509%252509%252509%252509%252509%252509%25257B%25250A%252509%252509%252509%252509%252509%252509%252509%252509%252522Value%252522%25253A%25252230.22%252522%25252C%25250A%252509%252509%252509%252509%252509%252509%252509%252509%252522Date%252522%25253A%2525222026-07-14T06%25253A03%25253A35Z%252522%25250A%252509%252509%252509%252509%252509%252509%252509%25257D%25252C%25250A%252509%252509%252509%252509%252509%252509%252509%25257B%25250A%252509%252509%252509%252509%252509%252509%252509%252509%252522Value%252522%25253A%25252230.22%252522%25252C%25250A%252509%252509%252509%252509%252509%252509%252509%252509%252522Date%252522%25253A%2525222026-07-14T06%25253A03%25253A40Z%252522%25250A%252509%252509%252509%252509%252509%252509%252509%25257D%25252C%25250A%252509%252509%252509%252509%252509%252509%252509%25257B%25250A%252509%252509%252509%252509%252509%252509%252509%252509%252522Value%252522%25253A%25252230.22%252522%25252C%25250A%252509%252509%252509%252509%252509%252509%252509%252509%252522Date%252522%25253A%2525222026-07-14T06%25253A03%25253A45Z%252522%25250A%252509%252509%252509%252509%252509%252509%252509%25257D%25252C%25250A%252509%252509%252509%252509%252509%252509%252509%25257B%25250A%252509%252509%252509%252509%252509%252509%252509%252509%252522Value%252522%25253A%25252230.22%252522%25252C%25250A%252509%252509%252509%252509%252509%252509%252509%252509%252522Date%252522%25253A%2525222026-07-14T06%25253A03%25253A50Z%252522%25250A%252509%252509%252509%252509%252509%252509%252509%25257D%25252C%25250A%252509%252509%252509%252509%252509%252509%252509%25257B%25250A%252509%252509%252509%252509%252509%252509%252509%252509%252522Value%252522%25253A%25252230.21%252522%25252C%25250A%252509%252509%252509%252509%252509%252509%252509%252509%252522Date%252522%25253A%2525222026-07-14T06%25253A03%25253A55Z%252522%25250A%252509%252509%252509%252509%252509%252509%252509%25257D%25252C%25250A%252509%252509%252509%252509%252509%252509%252509%25257B%25250A%252509%252509%252509%252509%252509%252509%252509%252509%252522Value%252522%25253A%25252230.22%252522%25252C%25250A%252509%252509%252509%252509%252509%252509%252509%252509%252522Date%252522%25253A%2525222026-07-14T06%25253A04%25253A00Z%252522%25250A%252509%252509%252509%252509%252509%252509%252509%25257D%25252C%25250A%252509%252509%252509%252509%252509%252509%252509%25257B%25250A%252509%252509%252509%252509%252509%252509%252509%252509%252522Value%252522%25253A%25252230.22%252522%25252C%25250A%252509%252509%252509%252509%252509%252509%252509%252509%252522Date%252522%25253A%2525222026-07-14T06%25253A04%25253A05Z%252522%25250A%252509%252509%252509%252509%252509%252509%252509%25257D%25252C%25250A%252509%252509%252509%252509%252509%252509%252509%25257B%25250A%252509%252509%252509%252509%252509%252509%252509%252509%252522Value%252522%25253A%25252230.22%252522%25252C%25250A%252509%252509%252509%252509%252509%252509%252509%252509%252522Date%252522%25253A%2525222026-07-14T06%25253A04%25253A10Z%252522%25250A%252509%252509%252509%252509%252509%252509%252509%25257D%25252C%25250A%252509%252509%252509%252509%252509%252509%252509%25257B%25250A%252509%252509%252509%252509%252509%252509%252509%252509%252522Value%252522%25253A%25252230.21%252522%25252C%25250A%252509%252509%252509%252509%252509%252509%252509%252509%252522Date%252522%25253A%2525222026-07-14T06%25253A04%25253A15Z%252522%25250A%252509%252509%252509%252509%252509%252509%252509%25257D%25252C%25250A%252509%252509%252509%252509%252509%252509%252509%25257B%25250A%252509%252509%252509%252509%252509%252509%252509%252509%252522Value%252522%25253A%25252230.2%252522%25252C%25250A%252509%252509%252509%252509%252509%252509%252509%252509%252522Date%252522%25253A%2525222026-07-14T06%25253A04%25253A20Z%252522%25250A%252509%252509%252509%252509%252509%252509%252509%25257D%25252C%25250A%252509%252509%252509%252509%252509%252509%252509%25257B%25250A%252509%252509%252509%252509%252509%252509%252509%252509%252522Value%252522%25253A%25252230.21%252522%25252C%25250A%252509%252509%252509%252509%252509%252509%252509%252509%252522Date%252522%25253A%2525222026-07-14T06%25253A04%25253A25Z%252522%25250A%252509%252509%252509%252509%252509%252509%252509%25257D%25252C%25250A%252509%252509%252509%252509%252509%252509%252509%25257B%25250A%252509%252509%252509%252509%252509%252509%252509%252509%252522Value%252522%25253A%25252230.2%252522%25252C%25250A%252509%252509%252509%252509%252509%252509%252509%252509%252522Date%252522%25253A%2525222026-07-14T06%25253A04%25253A30Z%252522%25250A%252509%252509%252509%252509%252509%252509%252509%25257D%25252C%25250A%252509%252509%252509%252509%252509%252509%252509%25257B%25250A%252509%252509%252509%252509%252509%252509%252509%252509%252522Value%252522%25253A%25252230.2%252522%25252C%25250A%252509%252509%252509%252509%252509%252509%252509%252509%252522Date%252522%25253A%2525222026-07-14T06%25253A04%25253A35Z%252522%25250A%252509%252509%252509%252509%252509%252509%252509%25257D%25252C%25250A%252509%252509%252509%252509%252509%252509%252509%25257B%25250A%252509%252509%252509%252509%252509%252509%252509%252509%252522Value%252522%25253A%25252230.2%252522%25252C%25250A%252509%252509%252509%252509%252509%252509%252509%252509%252522Date%252522%25253A%2525222026-07-14T06%25253A04%25253A40Z%252522%25250A%252509%252509%252509%252509%252509%252509%252509%25257D%25252C%25250A%252509%252509%252509%252509%252509%252509%252509%25257B%25250A%252509%252509%252509%252509%252509%252509%252509%252509%252522Value%252522%25253A%25252230.2%252522%25252C%25250A%252509%252509%252509%252509%252509%252509%252509%252509%252522Date%252522%25253A%2525222026-07-14T06%25253A04%25253A45Z%252522%25250A%252509%252509%252509%252509%252509%252509%252509%25257D%25252C%25250A%252509%252509%252509%252509%252509%252509%252509%25257B%25250A%252509%252509%252509%252509%252509%252509%252509%252509%252522Value%252522%25253A%25252230.2%252522%25252C%25250A%252509%252509%252509%252509%252509%252509%252509%252509%252522Date%252522%25253A%2525222026-07-14T06%25253A04%25253A50Z%252522%25250A%252509%252509%252509%252509%252509%252509%252509%25257D%25252C%25250A%252509%252509%252509%252509%252509%252509%252509%25257B%25250A%252509%252509%252509%252509%252509%252509%252509%252509%252522Value%252522%25253A%25252230.2%252522%25252C%25250A%252509%252509%252509%252509%252509%252509%252509%252509%252522Date%252522%25253A%2525222026-07-14T06%25253A04%25253A55Z%252522%25250A%252509%252509%252509%252509%252509%252509%252509%25257D%25252C%25250A%252509%252509%252509%252509%252509%252509%252509%25257B%25250A%252509%252509%252509%252509%252509%252509%252509%252509%252522Value%252522%25253A%25252230.2%252522%25252C%25250A%252509%252509%252509%252509%252509%252509%252509%252509%252522Date%252522%25253A%2525222026-07-14T06%25253A05%25253A00Z%252522%25250A%252509%252509%252509%252509%252509%252509%252509%25257D%25252C%25250A%252509%252509%252509%252509%252509%252509%252509%25257B%25250A%252509%252509%252509%252509%252509%252509%252509%252509%252522Value%252522%25253A%25252230.2%252522%25252C%25250A%252509%252509%252509%252509%252509%252509%252509%252509%252522Date%252522%25253A%2525222026-07-14T06%25253A05%25253A05Z%252522%25250A%252509%252509%252509%252509%252509%252509%252509%25257D%25252C%25250A%252509%252509%252509%252509%252509%252509%252509%25257B%25250A%252509%252509%252509%252509%252509%252509%252509%252509%252522Value%252522%25253A%25252230.2%252522%25252C%25250A%252509%252509%252509%252509%252509%252509%252509%252509%252522Date%252522%25253A%2525222026-07-14T06%25253A05%25253A10Z%252522%25250A%252509%252509%252509%252509%252509%252509%252509%25257D%25252C%25250A%252509%252509%252509%252509%252509%252509%252509%25257B%25250A%252509%252509%252509%252509%252509%252509%252509%252509%252522Value%252522%25253A%25252230.2%252522%25252C%25250A%252509%252509%252509%252509%252509%252509%252509%252509%252522Date%252522%25253A%2525222026-07-14T06%25253A05%25253A15Z%252522%25250A%252509%252509%252509%252509%252509%252509%252509%25257D%25252C%25250A%252509%252509%252509%252509%252509%252509%252509%25257B%25250A%252509%252509%252509%252509%252509%252509%252509%252509%252522Value%252522%25253A%25252230.2%252522%25252C%25250A%252509%252509%252509%252509%252509%252509%252509%252509%252522Date%252522%25253A%2525222026-07-14T06%25253A05%25253A20Z%252522%25250A%252509%252509%252509%252509%252509%252509%252509%25257D%25252C%25250A%252509%252509%252509%252509%252509%252509%252509%25257B%25250A%252509%252509%252509%252509%252509%252509%252509%252509%252522Value%252522%25253A%25252230.19%252522%25252C%25250A%252509%252509%252509%252509%252509%252509%252509%252509%252522Date%252522%25253A%2525222026-07-14T06%25253A05%25253A25Z%252522%25250A%252509%252509%252509%252509%252509%252509%252509%25257D%25252C%25250A%252509%252509%252509%252509%252509%252509%252509%25257B%25250A%252509%252509%252509%252509%252509%252509%252509%252509%252522Value%252522%25253A%25252230.2%252522%25252C%25250A%252509%252509%252509%252509%252509%252509%252509%252509%252522Date%252522%25253A%2525222026-07-14T06%25253A05%25253A30Z%252522%25250A%252509%252509%252509%252509%252509%252509%252509%25257D%25252C%25250A%252509%252509%252509%252509%252509%252509%252509%25257B%25250A%252509%252509%252509%252509%252509%252509%252509%252509%252522Value%252522%25253A%25252230.17%252522%25252C%25250A%252509%252509%252509%252509%252509%252509%252509%252509%252522Date%252522%25253A%2525222026-07-14T06%25253A05%25253A35Z%252522%25250A%252509%252509%252509%252509%252509%252509%252509%25257D%25252C%25250A%252509%252509%252509%252509%252509%252509%252509%25257B%25250A%252509%252509%252509%252509%252509%252509%252509%252509%252522Value%252522%25253A%25252230.18%252522%25252C%25250A%252509%252509%252509%252509%252509%252509%252509%252509%252522Date%252522%25253A%2525222026-07-14T06%25253A05%25253A40Z%252522%25250A%252509%252509%252509%252509%252509%252509%252509%25257D%25252C%25250A%252509%252509%252509%252509%252509%252509%252509%25257B%25250A%252509%252509%252509%252509%252509%252509%252509%252509%252522Value%252522%25253A%25252230.2%252522%25252C%25250A%252509%252509%252509%252509%252509%252509%252509%252509%252522Date%252522%25253A%2525222026-07-14T06%25253A05%25253A45Z%252522%25250A%252509%252509%252509%252509%252509%252509%252509%25257D%25252C%25250A%252509%252509%252509%252509%252509%252509%252509%25257B%25250A%252509%252509%252509%252509%252509%252509%252509%252509%252522Value%252522%25253A%25252230.18%252522%25252C%25250A%252509%252509%252509%252509%252509%252509%252509%252509%252522Date%252522%25253A%2525222026-07-14T06%25253A05%25253A50Z%252522%25250A%252509%252509%252509%252509%252509%252509%252509%25257D%25252C%25250A%252509%252509%252509%252509%252509%252509%252509%25257B%25250A%252509%252509%252509%252509%252509%252509%252509%252509%252522Value%252522%25253A%25252230.17%252522%25252C%25250A%252509%252509%252509%252509%252509%252509%252509%252509%252522Date%252522%25253A%2525222026-07-14T06%25253A05%25253A55Z%252522%25250A%252509%252509%252509%252509%252509%252509%252509%25257D%25252C%25250A%252509%252509%252509%252509%252509%252509%252509%25257B%25250A%252509%252509%252509%252509%252509%252509%252509%252509%252522Value%252522%25253A%25252230.15%252522%25252C%25250A%252509%252509%252509%252509%252509%252509%252509%252509%252522Date%252522%25253A%2525222026-07-14T06%25253A06%25253A00Z%252522%25250A%252509%252509%252509%252509%252509%252509%252509%25257D%25252C%25250A%252509%252509%252509%252509%252509%252509%252509%25257B%25250A%252509%252509%252509%252509%252509%252509%252509%252509%252522Value%252522%25253A%25252230.15%252522%25252C%25250A%252509%252509%252509%252509%252509%252509%252509%252509%252522Date%252522%25253A%2525222026-07-14T06%25253A06%25253A05Z%252522%25250A%252509%252509%252509%252509%252509%252509%252509%25257D%25252C%25250A%252509%252509%252509%252509%252509%252509%252509%25257B%25250A%252509%252509%252509%252509%252509%252509%252509%252509%252522Value%252522%25253A%25252230.17%252522%25252C%25250A%252509%252509%252509%252509%252509%252509%252509%252509%252522Date%252522%25253A%2525222026-07-14T06%25253A06%25253A10Z%252522%25250A%252509%252509%252509%252509%252509%252509%252509%25257D%25252C%25250A%252509%252509%252509%252509%252509%252509%252509%25257B%25250A%252509%252509%252509%252509%252509%252509%252509%252509%252522Value%252522%25253A%25252230.18%252522%25252C%25250A%252509%252509%252509%252509%252509%252509%252509%252509%252522Date%252522%25253A%2525222026-07-14T06%25253A06%25253A15Z%252522%25250A%252509%252509%252509%252509%252509%252509%252509%25257D%25252C%25250A%252509%252509%252509%252509%252509%252509%252509%25257B%25250A%252509%252509%252509%252509%252509%252509%252509%252509%252522Value%252522%25253A%25252230.16%252522%25252C%25250A%252509%252509%252509%252509%252509%252509%252509%252509%252522Date%252522%25253A%2525222026-07-14T06%25253A06%25253A20Z%252522%25250A%252509%252509%252509%252509%252509%252509%252509%25257D%25252C%25250A%252509%252509%252509%252509%252509%252509%252509%25257B%25250A%252509%252509%252509%252509%252509%252509%252509%252509%252522Value%252522%25253A%25252230.12%252522%25252C%25250A%252509%252509%252509%252509%252509%252509%252509%252509%252522Date%252522%25253A%2525222026-07-14T06%25253A06%25253A25Z%252522%25250A%252509%252509%252509%252509%252509%252509%252509%25257D%25252C%25250A%252509%252509%252509%252509%252509%252509%252509%25257B%25250A%252509%252509%252509%252509%252509%252509%252509%252509%252522Value%252522%25253A%25252230.11%252522%25252C%25250A%252509%252509%252509%252509%252509%252509%252509%252509%252522Date%252522%25253A%2525222026-07-14T06%25253A06%25253A30Z%252522%25250A%252509%252509%252509%252509%252509%252509%252509%25257D%25252C%25250A%252509%252509%252509%252509%252509%252509%252509%25257B%25250A%252509%252509%252509%252509%252509%252509%252509%252509%252522Value%252522%25253A%25252230.1%252522%25252C%25250A%252509%252509%252509%252509%252509%252509%252509%252509%252522Date%252522%25253A%2525222026-07-14T06%25253A06%25253A35Z%252522%25250A%252509%252509%252509%252509%252509%252509%252509%25257D%25252C%25250A%252509%252509%252509%252509%252509%252509%252509%25257B%25250A%252509%252509%252509%252509%252509%252509%252509%252509%252522Value%252522%25253A%25252230.1%252522%25252C%25250A%252509%252509%252509%252509%252509%252509%252509%252509%252522Date%252522%25253A%2525222026-07-14T06%25253A06%25253A40Z%252522%25250A%252509%252509%252509%252509%252509%252509%252509%25257D%25252C%25250A%252509%252509%252509%252509%252509%252509%252509%25257B%25250A%252509%252509%252509%252509%252509%252509%252509%252509%252522Value%252522%25253A%25252230.1%252522%25252C%25250A%252509%252509%252509%252509%252509%252509%252509%252509%252522Date%252522%25253A%2525222026-07-14T06%25253A06%25253A45Z%252522%25250A%252509%252509%252509%252509%252509%252509%252509%25257D%25252C%25250A%252509%252509%252509%252509%252509%252509%252509%25257B%25250A%252509%252509%252509%252509%252509%252509%252509%252509%252522Value%252522%25253A%25252230.13%252522%25252C%25250A%252509%252509%252509%252509%252509%252509%252509%252509%252522Date%252522%25253A%2525222026-07-14T06%25253A06%25253A50Z%252522%25250A%252509%252509%252509%252509%252509%252509%252509%25257D%25252C%25250A%252509%252509%252509%252509%252509%252509%252509%25257B%25250A%252509%252509%252509%252509%252509%252509%252509%252509%252522Value%252522%25253A%25252230.13%252522%25252C%25250A%252509%252509%252509%252509%252509%252509%252509%252509%252522Date%252522%25253A%2525222026-07-14T06%25253A06%25253A55Z%252522%25250A%252509%252509%252509%252509%252509%252509%252509%25257D%25252C%25250A%252509%252509%252509%252509%252509%252509%252509%25257B%25250A%252509%252509%252509%252509%252509%252509%252509%252509%252522Value%252522%25253A%25252230.13%252522%25252C%25250A%252509%252509%252509%252509%252509%252509%252509%252509%252522Date%252522%25253A%2525222026-07-14T06%25253A07%25253A00Z%252522%25250A%252509%252509%252509%252509%252509%252509%252509%25257D%25252C%25250A%252509%252509%252509%252509%252509%252509%252509%25257B%25250A%252509%252509%252509%252509%252509%252509%252509%252509%252522Value%252522%25253A%25252230.13%252522%25252C%25250A%252509%252509%252509%252509%252509%252509%252509%252509%252522Date%252522%25253A%2525222026-07-14T06%25253A07%25253A05Z%252522%25250A%252509%252509%252509%252509%252509%252509%252509%25257D%25252C%25250A%252509%252509%252509%252509%252509%252509%252509%25257B%25250A%252509%252509%252509%252509%252509%252509%252509%252509%252522Value%252522%25253A%25252230.13%252522%25252C%25250A%252509%252509%252509%252509%252509%252509%252509%252509%252522Date%252522%25253A%2525222026-07-14T06%25253A07%25253A10Z%252522%25250A%252509%252509%252509%252509%252509%252509%252509%25257D%25252C%25250A%252509%252509%252509%252509%252509%252509%252509%25257B%25250A%252509%252509%252509%252509%252509%252509%252509%252509%252522Value%252522%25253A%25252230.13%252522%25252C%25250A%252509%252509%252509%252509%252509%252509%252509%252509%252522Date%252522%25253A%2525222026-07-14T06%25253A07%25253A15Z%252522%25250A%252509%252509%252509%252509%252509%252509%252509%25257D%25252C%25250A%252509%252509%252509%252509%252509%252509%252509%25257B%25250A%252509%252509%252509%252509%252509%252509%252509%252509%252522Value%252522%25253A%25252230.14%252522%25252C%25250A%252509%252509%252509%252509%252509%252509%252509%252509%252522Date%252522%25253A%2525222026-07-14T06%25253A07%25253A20Z%252522%25250A%252509%252509%252509%252509%252509%252509%252509%25257D%25252C%25250A%252509%252509%252509%252509%252509%252509%252509%25257B%25250A%252509%252509%252509%252509%252509%252509%252509%252509%252522Value%252522%25253A%25252230.17%252522%25252C%25250A%252509%252509%252509%252509%252509%252509%252509%252509%252522Date%252522%25253A%2525222026-07-14T06%25253A07%25253A25Z%252522%25250A%252509%252509%252509%252509%252509%252509%252509%25257D%25252C%25250A%252509%252509%252509%252509%252509%252509%252509%25257B%25250A%252509%252509%252509%252509%252509%252509%252509%252509%252522Value%252522%25253A%25252230.18%252522%25252C%25250A%252509%252509%252509%252509%252509%252509%252509%252509%252522Date%252522%25253A%2525222026-07-14T06%25253A07%25253A30Z%252522%25250A%252509%252509%252509%252509%252509%252509%252509%25257D%25252C%25250A%252509%252509%252509%252509%252509%252509%252509%25257B%25250A%252509%252509%252509%252509%252509%252509%252509%252509%252522Value%252522%25253A%25252230.18%252522%25252C%25250A%252509%252509%252509%252509%252509%252509%252509%252509%252522Date%252522%25253A%2525222026-07-14T06%25253A07%25253A35Z%252522%25250A%252509%252509%252509%252509%252509%252509%252509%25257D%25252C%25250A%252509%252509%252509%252509%252509%252509%252509%25257B%25250A%252509%252509%252509%252509%252509%252509%252509%252509%252522Value%252522%25253A%25252230.16%252522%25252C%25250A%252509%252509%252509%252509%252509%252509%252509%252509%252522Date%252522%25253A%2525222026-07-14T06%25253A07%25253A40Z%252522%25250A%252509%252509%252509%252509%252509%252509%252509%25257D%25252C%25250A%252509%252509%252509%252509%252509%252509%252509%25257B%25250A%252509%252509%252509%252509%252509%252509%252509%252509%252522Value%252522%25253A%25252230.15%252522%25252C%25250A%252509%252509%252509%252509%252509%252509%252509%252509%252522Date%252522%25253A%2525222026-07-14T06%25253A07%25253A45Z%252522%25250A%252509%252509%252509%252509%252509%252509%252509%25257D%25252C%25250A%252509%252509%252509%252509%252509%252509%252509%25257B%25250A%252509%252509%252509%252509%252509%252509%252509%252509%252522Value%252522%25253A%25252230.13%252522%25252C%25250A%252509%252509%252509%252509%252509%252509%252509%252509%252522Date%252522%25253A%2525222026-07-14T06%25253A07%25253A50Z%252522%25250A%252509%252509%252509%252509%252509%252509%252509%25257D%25252C%25250A%252509%252509%252509%252509%252509%252509%252509%25257B%25250A%252509%252509%252509%252509%252509%252509%252509%252509%252522Value%252522%25253A%25252230.13%252522%25252C%25250A%252509%252509%252509%252509%252509%252509%252509%252509%252522Date%252522%25253A%2525222026-07-14T06%25253A07%25253A55Z%252522%25250A%252509%252509%252509%252509%252509%252509%252509%25257D%25252C%25250A%252509%252509%252509%252509%252509%252509%252509%25257B%25250A%252509%252509%252509%252509%252509%252509%252509%252509%252522Value%252522%25253A%25252230.13%252522%25252C%25250A%252509%252509%252509%252509%252509%252509%252509%252509%252522Date%252522%25253A%2525222026-07-14T06%25253A08%25253A00Z...%2526headers%253D%25257B%252522Content-Type%252522%25253A%252522application%25252Fx-www-form-urlencoded%252522%25257D%2526rtype%253Dxhr%2526plugin_version%253D3.2.4%2526ts%253D1784012328702%2526type%253Dapi%26cache%3Dbe61d5b%26jsver%3Daplus.js%26lver%3D1.13.27%26customSdkId%3D%26platformType%3Dpc%26device_model%3DMacintosh%26os%3DMac%20OS%20X%26os_version%3D10.15.7%26o%3Dmac%26w%3Dwebkit%26s%3D1280x720%26scr%3D1280x720%26m%3D%26ism%3Dmac%26p%3D1%26b%3Dchrome149%26tag%3D0%26stag%3D-3%26lstag%3D-1%26_g_encode%3Dutf-8&cna=&spm-cnt=5176.19908494.0.0.52d91450cxuUDN&spm-url=5176.28369458.0.0.36961450Jepyio&_gr_uid_=1048726631550559&uidaplus=1048726631550559&logtype=2&scr=1280x720&_p_url=https%3A%2F%2Frdsnext.console.aliyun.com%2Fdetail%2Fpgm-wz9t7bv5jsk55jh1%2FmonitorAlarm%3Fspm%3D5176.28369458.0.0.36961450Jepyio%26region%3Dcn-shenzhen%26DedicatedHostGroupId%3D:0
[ 2699694ms] [WARNING] [APLUS] -- 日志上报失败，注意，要切成动态网络啦! @ :2
[ 2699695ms] [ERROR] Failed to load resource: net::ERR_CONNECTION_CLOSED @ https://d-gm.mmstat.com/aes.1.1:0
[ 2700786ms] [ERROR] Failed to load resource: net::ERR_CONNECTION_CLOSED @ https://log.mmstat.com/eg.js:0
[ 2700818ms] [ERROR] Failed to load resource: net::ERR_CONNECTION_CLOSED @ https://d-gm.mmstat.com/aes.1.1:0
[ 2700819ms] [ERROR] Failed to load resource: net::ERR_CONNECTION_CLOSED @ https://d-gm.mmstat.com/aes.1.1:0
[ 2708595ms] [ERROR] Failed to load resource: net::ERR_CONNECTION_CLOSED @ https://log.mmstat.com/eg.js:0
[ 2708629ms] [ERROR] Failed to load resource: net::ERR_CONNECTION_CLOSED @ https://d-gm.mmstat.com/aes.1.1:0
[ 2708629ms] [ERROR] Failed to load resource: net::ERR_CONNECTION_CLOSED @ https://d-gm.mmstat.com/aes.1.1:0
[ 2710844ms] [ERROR] Failed to load resource: net::ERR_CONNECTION_CLOSED @ https://log.mmstat.com/eg.js:0
[ 2710886ms] [ERROR] Failed to load resource: net::ERR_CONNECTION_CLOSED @ https://d-gm.mmstat.com/aes.1.1:0
[ 2710886ms] [ERROR] Failed to load resource: net::ERR_CONNECTION_CLOSED @ https://d-gm.mmstat.com/aes.1.1:0
[ 2718699ms] [ERROR] Failed to load resource: net::ERR_CONNECTION_CLOSED @ https://log.mmstat.com/eg.js:0
[ 2718733ms] [ERROR] Failed to load resource: net::ERR_CONNECTION_CLOSED @ https://d-gm.mmstat.com/aes.1.1:0
[ 2718733ms] [ERROR] Failed to load resource: net::ERR_CONNECTION_CLOSED @ https://d-gm.mmstat.com/aes.1.1:0
[ 2720968ms] [ERROR] Failed to load resource: net::ERR_CONNECTION_CLOSED @ https://log.mmstat.com/eg.js:0
[ 2721000ms] [ERROR] Failed to load resource: net::ERR_CONNECTION_CLOSED @ https://d-gm.mmstat.com/aes.1.1:0
[ 2721000ms] [ERROR] Failed to load resource: net::ERR_CONNECTION_CLOSED @ https://d-gm.mmstat.com/aes.1.1:0
[ 2728781ms] [ERROR] Failed to load resource: net::ERR_CONNECTION_CLOSED @ https://log.mmstat.com/eg.js:0
[ 2728811ms] [ERROR] Failed to load resource: net::ERR_CONNECTION_CLOSED @ https://d-gm.mmstat.com/aes.1.1:0
[ 2728811ms] [ERROR] Failed to load resource: net::ERR_CONNECTION_CLOSED @ https://d-gm.mmstat.com/aes.1.1:0
[ 2731042ms] [ERROR] Failed to load resource: net::ERR_CONNECTION_CLOSED @ https://log.mmstat.com/eg.js:0
[ 2731072ms] [ERROR] Failed to load resource: net::ERR_CONNECTION_CLOSED @ https://d-gm.mmstat.com/aes.1.1:0
[ 2731072ms] [ERROR] Failed to load resource: net::ERR_CONNECTION_CLOSED @ https://d-gm.mmstat.com/aes.1.1:0
[ 2738949ms] [ERROR] Failed to load resource: net::ERR_CONNECTION_CLOSED @ https://log.mmstat.com/eg.js:0
[ 2738980ms] [ERROR] Failed to load resource: net::ERR_CONNECTION_CLOSED @ https://d-gm.mmstat.com/aes.1.1:0
[ 2738981ms] [ERROR] Failed to load resource: net::ERR_CONNECTION_CLOSED @ https://d-gm.mmstat.com/aes.1.1:0
[ 2741198ms] [ERROR] Failed to load resource: net::ERR_CONNECTION_CLOSED @ https://log.mmstat.com/eg.js:0
[ 2741228ms] [ERROR] Failed to load resource: net::ERR_CONNECTION_CLOSED @ https://d-gm.mmstat.com/aes.1.1:0
[ 2741228ms] [ERROR] Failed to load resource: net::ERR_CONNECTION_CLOSED @ https://d-gm.mmstat.com/aes.1.1:0
[ 2749042ms] [ERROR] Failed to load resource: net::ERR_CONNECTION_CLOSED @ https://log.mmstat.com/eg.js:0
[ 2749074ms] [ERROR] Failed to load resource: net::ERR_CONNECTION_CLOSED @ https://d-gm.mmstat.com/aes.1.1:0
[ 2749074ms] [ERROR] Failed to load resource: net::ERR_CONNECTION_CLOSED @ https://d-gm.mmstat.com/aes.1.1:0
[ 2751291ms] [ERROR] Failed to load resource: net::ERR_CONNECTION_CLOSED @ https://log.mmstat.com/eg.js:0
[ 2751323ms] [ERROR] Failed to load resource: net::ERR_CONNECTION_CLOSED @ https://d-gm.mmstat.com/aes.1.1:0
[ 2751323ms] [ERROR] Failed to load resource: net::ERR_CONNECTION_CLOSED @ https://d-gm.mmstat.com/aes.1.1:0
[ 2759160ms] [ERROR] Failed to load resource: net::ERR_CONNECTION_CLOSED @ https://log.mmstat.com/eg.js:0
[ 2759193ms] [ERROR] Failed to load resource: net::ERR_CONNECTION_CLOSED @ https://d-gm.mmstat.com/aes.1.1:0
[ 2759193ms] [ERROR] Failed to load resource: net::ERR_CONNECTION_CLOSED @ https://d-gm.mmstat.com/aes.1.1:0
[ 2761449ms] [ERROR] Failed to load resource: net::ERR_CONNECTION_CLOSED @ https://log.mmstat.com/eg.js:0
[ 2761480ms] [ERROR] Failed to load resource: net::ERR_CONNECTION_CLOSED @ https://d-gm.mmstat.com/aes.1.1:0
[ 2761481ms] [ERROR] Failed to load resource: net::ERR_CONNECTION_CLOSED @ https://d-gm.mmstat.com/aes.1.1:0
[ 2768902ms] [ERROR] Failed to load resource: net::ERR_CONNECTION_CLOSED @ https://log.mmstat.com/eg.js:0
[ 2768932ms] [ERROR] Failed to load resource: net::ERR_CONNECTION_CLOSED @ https://d-gm.mmstat.com/aes.1.1:0
[ 2769286ms] [ERROR] Failed to load resource: net::ERR_CONNECTION_CLOSED @ https://log.mmstat.com/eg.js:0
[ 2769316ms] [ERROR] Failed to load resource: net::ERR_CONNECTION_CLOSED @ https://d-gm.mmstat.com/aes.1.1:0
[ 2769317ms] [ERROR] Failed to load resource: net::ERR_CONNECTION_CLOSED @ https://d-gm.mmstat.com/aes.1.1:0
[ 2769394ms] [ERROR] Failed to load resource: net::ERR_CONNECTION_CLOSED @ https://log.mmstat.com/eg.js:0
[ 2769428ms] [ERROR] Failed to load resource: net::ERR_CONNECTION_CLOSED @ https://d-gm.mmstat.com/aes.1.1:0
[ 2769428ms] [ERROR] Failed to load resource: net::ERR_CONNECTION_CLOSED @ https://d-gm.mmstat.com/aes.1.1:0
[ 2771535ms] [ERROR] Failed to load resource: net::ERR_CONNECTION_CLOSED @ https://log.mmstat.com/eg.js:0
[ 2771568ms] [ERROR] Failed to load resource: net::ERR_CONNECTION_CLOSED @ https://d-gm.mmstat.com/aes.1.1:0
[ 2771568ms] [ERROR] Failed to load resource: net::ERR_CONNECTION_CLOSED @ https://d-gm.mmstat.com/aes.1.1:0
[ 2773009ms] [ERROR] Failed to load resource: net::ERR_CONNECTION_CLOSED @ https://log.mmstat.com/eg.js:0
[ 2773044ms] [ERROR] Failed to load resource: net::ERR_CONNECTION_CLOSED @ https://d-gm.mmstat.com/aes.1.1:0
[ 2773468ms] [ERROR] Failed to load resource: net::ERR_CONNECTION_CLOSED @ https://log.mmstat.com/eg.js:0
[ 2773503ms] [ERROR] Failed to load resource: net::ERR_CONNECTION_CLOSED @ https://d-gm.mmstat.com/aes.1.1:0
[ 2773503ms] [ERROR] Failed to load resource: net::ERR_CONNECTION_CLOSED @ https://d-gm.mmstat.com/aes.1.1:0
[ 2773503ms] [ERROR] Failed to load resource: net::ERR_CONNECTION_CLOSED @ https://d-gm.mmstat.com/aes.1.1:0
[ 2774080ms] [ERROR] Failed to load resource: net::ERR_CONNECTION_CLOSED @ https://log.mmstat.com/eg.js:0
[ 2774109ms] [ERROR] Failed to load resource: net::ERR_CONNECTION_CLOSED @ https://d-gm.mmstat.com/aes.1.1:0
[ 2775946ms] [ERROR] Failed to load resource: net::ERR_CONNECTION_CLOSED @ https://log.mmstat.com/eg.js:0
[ 2775975ms] [ERROR] Failed to load resource: net::ERR_CONNECTION_CLOSED @ https://d-gm.mmstat.com/aes.1.1:0
[ 2777109ms] [ERROR] Failed to load resource: net::ERR_CONNECTION_CLOSED @ https://log.mmstat.com/eg.js:0
[ 2777142ms] [ERROR] Failed to load resource: net::ERR_CONNECTION_CLOSED @ https://d-gm.mmstat.com/aes.1.1:0
[ 2777482ms] [ERROR] Failed to load resource: net::ERR_CONNECTION_CLOSED @ https://log.mmstat.com/eg.js:0
[ 2777506ms] [LOG] %c [APLUS] -- APLUS INIT SUCCESS background:#3B82FE; padding: 4px; padding-right: 8px; border-radius: 4px; color: #fff; @ :1
[ 2777511ms] [ERROR] Failed to load resource: net::ERR_CONNECTION_CLOSED @ https://log.mmstat.com/eg.js:0
[ 2777532ms] [ERROR] Permissions policy violation: accelerometer is not allowed in this document. @ https://af.alicdn.com/AWSC/uab/1.140.0/collina.js:1
[ 2777532ms] [WARNING] The deviceorientation events are blocked by permissions policy. See https://github.com/w3c/webappsec-permissions-policy/blob/master/features.md#sensor-features @ https://af.alicdn.com/AWSC/uab/1.140.0/collina.js:1
[ 2777532ms] [LOG] Tue Jul 14 2026 15:00:06 GMT+0800 (China Standard Time) @ https://af.alicdn.com/AWSC/uab/1.140.0/collina.js:4
[ 2777590ms] [ERROR] Failed to load resource: net::ERR_CONNECTION_CLOSED @ https://log.mmstat.com/eg.js:0
[ 2777622ms] [ERROR] Failed to load resource: net::ERR_CONNECTION_CLOSED @ https://d-gm.mmstat.com/aes.1.1:0
[ 2777622ms] [ERROR] Failed to load resource: net::ERR_CONNECTION_CLOSED @ https://d-gm.mmstat.com/aes.1.1:0
[ 2778045ms] [WARNING] There are multiple versions of G2. Version 3.3.4's reference is 'window.G2_3' @ https://gw.alipayobjects.com/os/lib/antv/g2/3.3.4/dist/g2.min.js:0
[ 2778062ms] [WARNING] Unsatisfied version 1.0.1-alpha from das of shared singleton module @ali/wind-console-track (required =1.0.1-alpha.2) @ https://g.alicdn.com/AliDBPaaS/sailorstar/2.25.86/index.js:0
[ 2778063ms] [WARNING] Unsatisfied version 3.0.3 from das of shared singleton module @ali/aes-tracker-plugin-event (required =3.0.0) @ https://g.alicdn.com/AliDBPaaS/sailorstar/2.25.86/index.js:0
[ 2778063ms] [WARNING] Unsatisfied version 0.4.0-rc.1 from das of shared singleton module dva (required =2.6.0-beta.20) @ https://g.alicdn.com/AliDBPaaS/sailorstar/2.25.86/index.js:0
[ 2778063ms] [WARNING] Unsatisfied version 3.3.18 from das of shared singleton module @ali/aes-tracker (required =3.3.9) @ https://g.alicdn.com/AliDBPaaS/sailorstar/2.25.86/index.js:0
[ 2778063ms] [WARNING] Unsatisfied version 3.0.4 from das of shared singleton module @ali/aes-tracker-plugin-jserror (required =3.0.3) @ https://g.alicdn.com/AliDBPaaS/sailorstar/2.25.86/index.js:0
[ 2778063ms] [WARNING] Unsatisfied version 3.0.7 from das of shared singleton module @ali/aes-tracker-plugin-pv (required =3.0.6) @ https://g.alicdn.com/AliDBPaaS/sailorstar/2.25.86/index.js:0
[ 2778063ms] [WARNING] Unsatisfied version 3.0.17 from das of shared singleton module @ali/aes-tracker-plugin-autolog (required =3.0.13) @ https://g.alicdn.com/AliDBPaaS/sailorstar/2.25.86/index.js:0
[ 2778208ms] [WARNING] There are multiple versions of G2. Version 3.4.5's reference is 'window.G2_3' @ https://g.alicdn.com/AliDBPaaS/sailorstar/2.25.86/das.0aa21bde20afc720158c.js:2228
[ 2778378ms] [WARNING] There are multiple versions of G2. Version 3.3.4's reference is 'window.G2_3' @ https://g.alicdn.com/AliDBPaaS/sailorstar/2.25.86/das.0aa21bde20afc720158c.js:2111
[ 2778814ms] [ERROR] Permissions policy violation: gyroscope is not allowed in this document. @ https://g.alicdn.com/secdev/sufei_data/3.9.14/index.js:0
[ 2778814ms] [ERROR] Permissions policy violation: accelerometer is not allowed in this document. @ https://g.alicdn.com/secdev/sufei_data/3.9.14/index.js:0
[ 2778814ms] [WARNING] The deviceorientation events are blocked by permissions policy. See https://github.com/w3c/webappsec-permissions-policy/blob/master/features.md#sensor-features @ https://g.alicdn.com/secdev/sufei_data/3.9.14/index.js:0
[ 2778885ms] [ERROR] Failed to load resource: net::ERR_CONNECTION_CLOSED @ https://log.mmstat.com/eg.js:0
[ 2779052ms] [ERROR] Failed to load resource: net::ERR_CONNECTION_CLOSED @ https://d-gm.mmstat.com/aes.1.1:0
[ 2779059ms] [ERROR] Failed to load resource: net::ERR_CONNECTION_CLOSED @ https://log.mmstat.com/eg.js:0
[ 2779185ms] [ERROR] Failed to load resource: net::ERR_CONNECTION_CLOSED @ https://d-gm.mmstat.com/aes.1.1:0
[ 2779416ms] [ERROR] Failed to load resource: net::ERR_CONNECTION_CLOSED @ https://log.mmstat.com/eg.js:0
[ 2779475ms] [ERROR] Failed to load resource: net::ERR_CONNECTION_CLOSED @ https://d-gm.mmstat.com/aes.1.1:0
[ 2779475ms] [ERROR] Failed to load resource: net::ERR_CONNECTION_CLOSED @ https://d-gm.mmstat.com/aliyun_com.homon.homon-module:0
[ 2779476ms] [ERROR] Failed to load resource: net::ERR_CONNECTION_CLOSED @ https://log.mmstat.com/eg.js:0
[ 2779510ms] [ERROR] Failed to load resource: net::ERR_CONNECTION_CLOSED @ https://d-gm.mmstat.com/aes.1.1:0
[ 2779510ms] [ERROR] Failed to load resource: net::ERR_CONNECTION_CLOSED @ https://d-gm.mmstat.com/aes.1.1:0
[ 2781226ms] [ERROR] Failed to load resource: net::ERR_CONNECTION_CLOSED @ https://log.mmstat.com/eg.js:0
[ 2781260ms] [ERROR] Failed to load resource: net::ERR_CONNECTION_CLOSED @ https://d-gm.mmstat.com/aes.1.1:0
[ 2781676ms] [ERROR] Failed to load resource: net::ERR_CONNECTION_CLOSED @ https://log.mmstat.com/eg.js:0
[ 2781709ms] [ERROR] Failed to load resource: net::ERR_CONNECTION_CLOSED @ https://log.mmstat.com/eg.js:0
[ 2781711ms] [ERROR] Failed to load resource: net::ERR_CONNECTION_CLOSED @ https://d-gm.mmstat.com/aes.1.1:0
[ 2781712ms] [ERROR] Failed to load resource: net::ERR_CONNECTION_CLOSED @ https://d-gm.mmstat.com/aes.1.1:0
[ 2781743ms] [ERROR] Failed to load resource: net::ERR_CONNECTION_CLOSED @ https://d-gm.mmstat.com/aes.1.1:0
[ 2781743ms] [ERROR] Failed to load resource: net::ERR_CONNECTION_CLOSED @ https://d-gm.mmstat.com/aes.1.1:0
[ 2782104ms] [WARNING] There are multiple versions of G2. Version 3.3.4's reference is 'window.G2_3' @ https://g.alicdn.com/AliDBPaaS/sailorstar/2.25.69/vendor.js:86
[ 2782228ms] [ERROR] Failed to load resource: net::ERR_CONNECTION_CLOSED @ https://log.mmstat.com/eg.js:0
[ 2782257ms] [ERROR] Failed to load resource: net::ERR_CONNECTION_CLOSED @ https://gm.mmstat.com/fsp.1.1:0
[ 2782277ms] [ERROR] Failed to load resource: net::ERR_CONNECTION_CLOSED @ https://d-gm.mmstat.com/aes.1.1:0
[ 2782495ms] [ERROR] Failed to load resource: net::ERR_CONNECTION_CLOSED @ https://log.mmstat.com/eg.js:0
[ 2782558ms] [ERROR] Failed to load resource: net::ERR_CONNECTION_CLOSED @ https://d-gm.mmstat.com/aes.1.1:0
[ 2782558ms] [ERROR] Failed to load resource: net::ERR_CONNECTION_CLOSED @ https://d-gm.mmstat.com/aes.1.1:0
[ 2782733ms] [ERROR] Failed to load resource: net::ERR_CONNECTION_CLOSED @ https://log.mmstat.com/eg.js:0
[ 2782764ms] [ERROR] Failed to load resource: net::ERR_CONNECTION_CLOSED @ https://d-gm.mmstat.com/aes.1.1:0
[ 2785309ms] [LOG] -------------- @ @ali/widget-rds-clouddb-monitor@0.2.21:420
[ 2785309ms] [LOG] {DBInstanceMemory: 4096, ResourceGroupId: rg-acfmvxguhq7q4xy, Port: 5432, LatestKernelVersion: rds_postgres_1700_20260630, ConsoleVersion: 2} @ @ali/widget-rds-clouddb-monitor@0.2.21:420
[ 2785310ms] [LOG] -------------- @ @ali/widget-rds-clouddb-monitor@0.2.21:420
[ 2785310ms] [LOG] {DBInstanceMemory: 4096, ResourceGroupId: rg-acfmvxguhq7q4xy, Port: 5432, LatestKernelVersion: rds_postgres_1700_20260630, ConsoleVersion: 2} @ @ali/widget-rds-clouddb-monitor@0.2.21:420
[ 2785346ms] [ERROR] Failed to load resource: net::ERR_CONNECTION_CLOSED @ https://log.mmstat.com/eg.js:0
[ 2785375ms] [ERROR] Failed to load resource: net::ERR_CONNECTION_CLOSED @ https://d-gm.mmstat.com/aes.1.1:0
[ 2785576ms] [LOG] -------------- @ @ali/widget-rds-clouddb-monitor@0.2.21:420
[ 2785576ms] [LOG] {DBInstanceMemory: 4096, ResourceGroupId: rg-acfmvxguhq7q4xy, Port: 5432, LatestKernelVersion: rds_postgres_1700_20260630, ConsoleVersion: 2} @ @ali/widget-rds-clouddb-monitor@0.2.21:420
[ 2785800ms] [ERROR] Failed to load resource: net::ERR_CONNECTION_CLOSED @ https://log.mmstat.com/eg.js:0
[ 2785837ms] [ERROR] Failed to load resource: net::ERR_CONNECTION_CLOSED @ https://d-gm.mmstat.com/aes.1.1:0
[ 2785837ms] [ERROR] Failed to load resource: net::ERR_CONNECTION_CLOSED @ https://d-gm.mmstat.com/aes.1.1:0
[ 2785837ms] [ERROR] Failed to load resource: net::ERR_CONNECTION_CLOSED @ https://d-gm.mmstat.com/aes.1.1:0
[ 2788133ms] [ERROR] Failed to load resource: net::ERR_CONNECTION_CLOSED @ https://gm.mmstat.com/aisc-widgets.use.init?version=3.1.24&theme=index&t=1784012417446&host=rdsnext.console.aliyun.com&chartinit=&uamobile=false&totalChart=0:0
[ 2789519ms] [ERROR] Failed to load resource: net::ERR_CONNECTION_CLOSED @ https://log.mmstat.com/eg.js:0
[ 2789550ms] [ERROR] Failed to load resource: net::ERR_CONNECTION_CLOSED @ https://d-gm.mmstat.com/aes.1.1:0
[ 2789551ms] [ERROR] Failed to load resource: net::ERR_CONNECTION_CLOSED @ https://d-gm.mmstat.com/aes.1.1:0
[ 2791843ms] [ERROR] Failed to load resource: net::ERR_CONNECTION_CLOSED @ https://log.mmstat.com/eg.js:0
[ 2791875ms] [ERROR] Failed to load resource: net::ERR_CONNECTION_CLOSED @ https://d-gm.mmstat.com/aes.1.1:0
[ 2791875ms] [ERROR] Failed to load resource: net::ERR_CONNECTION_CLOSED @ https://d-gm.mmstat.com/aes.1.1:0
[ 2799693ms] [ERROR] Failed to load resource: net::ERR_CONNECTION_CLOSED @ https://log.mmstat.com/eg.js:0
[ 2799726ms] [ERROR] Failed to load resource: net::ERR_CONNECTION_CLOSED @ https://d-gm.mmstat.com/aes.1.1:0
[ 2799726ms] [ERROR] Failed to load resource: net::ERR_CONNECTION_CLOSED @ https://d-gm.mmstat.com/aes.1.1:0
[ 2801947ms] [ERROR] Failed to load resource: net::ERR_CONNECTION_CLOSED @ https://log.mmstat.com/eg.js:0
[ 2801980ms] [ERROR] Failed to load resource: net::ERR_CONNECTION_CLOSED @ https://d-gm.mmstat.com/aes.1.1:0
[ 2801980ms] [ERROR] Failed to load resource: net::ERR_CONNECTION_CLOSED @ https://d-gm.mmstat.com/aes.1.1:0
[ 2809796ms] [ERROR] Failed to load resource: net::ERR_CONNECTION_CLOSED @ https://log.mmstat.com/eg.js:0
[ 2809830ms] [ERROR] Failed to load resource: net::ERR_CONNECTION_CLOSED @ https://d-gm.mmstat.com/aes.1.1:0
[ 2809830ms] [ERROR] Failed to load resource: net::ERR_CONNECTION_CLOSED @ https://d-gm.mmstat.com/aes.1.1:0
[ 2812053ms] [ERROR] Failed to load resource: net::ERR_CONNECTION_CLOSED @ https://log.mmstat.com/eg.js:0
[ 2812085ms] [ERROR] Failed to load resource: net::ERR_CONNECTION_CLOSED @ https://d-gm.mmstat.com/aes.1.1:0
[ 2812085ms] [ERROR] Failed to load resource: net::ERR_CONNECTION_CLOSED @ https://d-gm.mmstat.com/aes.1.1:0
[ 2819899ms] [ERROR] Failed to load resource: net::ERR_CONNECTION_CLOSED @ https://log.mmstat.com/eg.js:0
[ 2819931ms] [ERROR] Failed to load resource: net::ERR_CONNECTION_CLOSED @ https://d-gm.mmstat.com/aes.1.1:0
[ 2819932ms] [ERROR] Failed to load resource: net::ERR_CONNECTION_CLOSED @ https://d-gm.mmstat.com/aes.1.1:0
[ 2822246ms] [ERROR] Failed to load resource: net::ERR_CONNECTION_CLOSED @ https://log.mmstat.com/eg.js:0
[ 2822279ms] [ERROR] Failed to load resource: net::ERR_CONNECTION_CLOSED @ https://d-gm.mmstat.com/aes.1.1:0
[ 2822279ms] [ERROR] Failed to load resource: net::ERR_CONNECTION_CLOSED @ https://d-gm.mmstat.com/aes.1.1:0
[ 2830098ms] [ERROR] Failed to load resource: net::ERR_CONNECTION_CLOSED @ https://log.mmstat.com/eg.js:0
[ 2830131ms] [ERROR] Failed to load resource: net::ERR_CONNECTION_CLOSED @ https://d-gm.mmstat.com/aes.1.1:0
[ 2830131ms] [ERROR] Failed to load resource: net::ERR_CONNECTION_CLOSED @ https://d-gm.mmstat.com/aes.1.1:0
[ 2832346ms] [ERROR] Failed to load resource: net::ERR_CONNECTION_CLOSED @ https://log.mmstat.com/eg.js:0
[ 2832379ms] [ERROR] Failed to load resource: net::ERR_CONNECTION_CLOSED @ https://d-gm.mmstat.com/aes.1.1:0
[ 2832379ms] [ERROR] Failed to load resource: net::ERR_CONNECTION_CLOSED @ https://d-gm.mmstat.com/aes.1.1:0
[ 2840215ms] [ERROR] Failed to load resource: net::ERR_CONNECTION_CLOSED @ https://log.mmstat.com/eg.js:0
[ 2840248ms] [ERROR] Failed to load resource: net::ERR_CONNECTION_CLOSED @ https://d-gm.mmstat.com/aes.1.1:0
[ 2840248ms] [ERROR] Failed to load resource: net::ERR_CONNECTION_CLOSED @ https://d-gm.mmstat.com/aes.1.1:0
[ 2842450ms] [ERROR] Failed to load resource: net::ERR_CONNECTION_CLOSED @ https://log.mmstat.com/eg.js:0
[ 2842482ms] [ERROR] Failed to load resource: net::ERR_CONNECTION_CLOSED @ https://d-gm.mmstat.com/aes.1.1:0
[ 2842483ms] [ERROR] Failed to load resource: net::ERR_CONNECTION_CLOSED @ https://d-gm.mmstat.com/aes.1.1:0
[ 2850307ms] [ERROR] Failed to load resource: net::ERR_CONNECTION_CLOSED @ https://log.mmstat.com/eg.js:0
[ 2850338ms] [ERROR] Failed to load resource: net::ERR_CONNECTION_CLOSED @ https://d-gm.mmstat.com/aes.1.1:0
[ 2850339ms] [ERROR] Failed to load resource: net::ERR_CONNECTION_CLOSED @ https://d-gm.mmstat.com/aes.1.1:0
[ 2852551ms] [ERROR] Failed to load resource: net::ERR_CONNECTION_CLOSED @ https://log.mmstat.com/eg.js:0
[ 2852582ms] [ERROR] Failed to load resource: net::ERR_CONNECTION_CLOSED @ https://d-gm.mmstat.com/aes.1.1:0
[ 2852583ms] [ERROR] Failed to load resource: net::ERR_CONNECTION_CLOSED @ https://d-gm.mmstat.com/aes.1.1:0
[ 2860406ms] [ERROR] Failed to load resource: net::ERR_CONNECTION_CLOSED @ https://log.mmstat.com/eg.js:0
[ 2860440ms] [ERROR] Failed to load resource: net::ERR_CONNECTION_CLOSED @ https://d-gm.mmstat.com/aes.1.1:0
[ 2860440ms] [ERROR] Failed to load resource: net::ERR_CONNECTION_CLOSED @ https://d-gm.mmstat.com/aes.1.1:0
[ 2862669ms] [ERROR] Failed to load resource: net::ERR_CONNECTION_CLOSED @ https://log.mmstat.com/eg.js:0
[ 2862703ms] [ERROR] Failed to load resource: net::ERR_CONNECTION_CLOSED @ https://d-gm.mmstat.com/aes.1.1:0
[ 2862703ms] [ERROR] Failed to load resource: net::ERR_CONNECTION_CLOSED @ https://d-gm.mmstat.com/aes.1.1:0
[ 2870555ms] [ERROR] Failed to load resource: net::ERR_CONNECTION_CLOSED @ https://log.mmstat.com/eg.js:0
[ 2870588ms] [ERROR] Failed to load resource: net::ERR_CONNECTION_CLOSED @ https://d-gm.mmstat.com/aes.1.1:0
[ 2870589ms] [ERROR] Failed to load resource: net::ERR_CONNECTION_CLOSED @ https://d-gm.mmstat.com/aes.1.1:0
[ 2872806ms] [ERROR] Failed to load resource: net::ERR_CONNECTION_CLOSED @ https://log.mmstat.com/eg.js:0
[ 2872839ms] [ERROR] Failed to load resource: net::ERR_CONNECTION_CLOSED @ https://d-gm.mmstat.com/aes.1.1:0
[ 2872839ms] [ERROR] Failed to load resource: net::ERR_CONNECTION_CLOSED @ https://d-gm.mmstat.com/aes.1.1:0
[ 2880648ms] [ERROR] Failed to load resource: net::ERR_CONNECTION_CLOSED @ https://log.mmstat.com/eg.js:0
[ 2880682ms] [ERROR] Failed to load resource: net::ERR_CONNECTION_CLOSED @ https://d-gm.mmstat.com/aes.1.1:0
[ 2880682ms] [ERROR] Failed to load resource: net::ERR_CONNECTION_CLOSED @ https://d-gm.mmstat.com/aes.1.1:0
[ 2882901ms] [ERROR] Failed to load resource: net::ERR_CONNECTION_CLOSED @ https://log.mmstat.com/eg.js:0
[ 2882933ms] [ERROR] Failed to load resource: net::ERR_CONNECTION_CLOSED @ https://d-gm.mmstat.com/aes.1.1:0
[ 2882933ms] [ERROR] Failed to load resource: net::ERR_CONNECTION_CLOSED @ https://d-gm.mmstat.com/aes.1.1:0
[ 2890766ms] [ERROR] Failed to load resource: net::ERR_CONNECTION_CLOSED @ https://log.mmstat.com/eg.js:0
[ 2890799ms] [ERROR] Failed to load resource: net::ERR_CONNECTION_CLOSED @ https://d-gm.mmstat.com/aes.1.1:0
[ 2890799ms] [ERROR] Failed to load resource: net::ERR_CONNECTION_CLOSED @ https://d-gm.mmstat.com/aes.1.1:0
[ 2893061ms] [ERROR] Failed to load resource: net::ERR_CONNECTION_CLOSED @ https://log.mmstat.com/eg.js:0
[ 2893093ms] [ERROR] Failed to load resource: net::ERR_CONNECTION_CLOSED @ https://d-gm.mmstat.com/aes.1.1:0
[ 2893093ms] [ERROR] Failed to load resource: net::ERR_CONNECTION_CLOSED @ https://d-gm.mmstat.com/aes.1.1:0
[ 2900879ms] [ERROR] Failed to load resource: net::ERR_CONNECTION_CLOSED @ https://log.mmstat.com/eg.js:0
[ 2900912ms] [ERROR] Failed to load resource: net::ERR_CONNECTION_CLOSED @ https://d-gm.mmstat.com/aes.1.1:0
[ 2900912ms] [ERROR] Failed to load resource: net::ERR_CONNECTION_CLOSED @ https://d-gm.mmstat.com/aes.1.1:0
[ 2903135ms] [ERROR] Failed to load resource: net::ERR_CONNECTION_CLOSED @ https://log.mmstat.com/eg.js:0
[ 2903166ms] [ERROR] Failed to load resource: net::ERR_CONNECTION_CLOSED @ https://d-gm.mmstat.com/aes.1.1:0
[ 2903166ms] [ERROR] Failed to load resource: net::ERR_CONNECTION_CLOSED @ https://d-gm.mmstat.com/aes.1.1:0
[ 2910976ms] [ERROR] Failed to load resource: net::ERR_CONNECTION_CLOSED @ https://log.mmstat.com/eg.js:0
[ 2911008ms] [ERROR] Failed to load resource: net::ERR_CONNECTION_CLOSED @ https://d-gm.mmstat.com/aes.1.1:0
[ 2911009ms] [ERROR] Failed to load resource: net::ERR_CONNECTION_CLOSED @ https://d-gm.mmstat.com/aes.1.1:0
[ 2913241ms] [ERROR] Failed to load resource: net::ERR_CONNECTION_CLOSED @ https://log.mmstat.com/eg.js:0
[ 2913272ms] [ERROR] Failed to load resource: net::ERR_CONNECTION_CLOSED @ https://d-gm.mmstat.com/aes.1.1:0
[ 2913272ms] [ERROR] Failed to load resource: net::ERR_CONNECTION_CLOSED @ https://d-gm.mmstat.com/aes.1.1:0
[ 2921086ms] [ERROR] Failed to load resource: net::ERR_CONNECTION_CLOSED @ https://log.mmstat.com/eg.js:0
[ 2921117ms] [ERROR] Failed to load resource: net::ERR_CONNECTION_CLOSED @ https://d-gm.mmstat.com/aes.1.1:0
[ 2921117ms] [ERROR] Failed to load resource: net::ERR_CONNECTION_CLOSED @ https://d-gm.mmstat.com/aes.1.1:0
[ 2923316ms] [ERROR] Failed to load resource: net::ERR_CONNECTION_CLOSED @ https://log.mmstat.com/eg.js:0
[ 2923346ms] [ERROR] Failed to load resource: net::ERR_CONNECTION_CLOSED @ https://d-gm.mmstat.com/aes.1.1:0
[ 2923346ms] [ERROR] Failed to load resource: net::ERR_CONNECTION_CLOSED @ https://d-gm.mmstat.com/aes.1.1:0
[ 2931174ms] [ERROR] Failed to load resource: net::ERR_CONNECTION_CLOSED @ https://log.mmstat.com/eg.js:0
[ 2931205ms] [ERROR] Failed to load resource: net::ERR_CONNECTION_CLOSED @ https://d-gm.mmstat.com/aes.1.1:0
[ 2931205ms] [ERROR] Failed to load resource: net::ERR_CONNECTION_CLOSED @ https://d-gm.mmstat.com/aes.1.1:0
[ 2933422ms] [ERROR] Failed to load resource: net::ERR_CONNECTION_CLOSED @ https://log.mmstat.com/eg.js:0
[ 2933454ms] [ERROR] Failed to load resource: net::ERR_CONNECTION_CLOSED @ https://d-gm.mmstat.com/aes.1.1:0
[ 2933454ms] [ERROR] Failed to load resource: net::ERR_CONNECTION_CLOSED @ https://d-gm.mmstat.com/aes.1.1:0
[ 2941316ms] [ERROR] Failed to load resource: net::ERR_CONNECTION_CLOSED @ https://log.mmstat.com/eg.js:0
[ 2941349ms] [ERROR] Failed to load resource: net::ERR_CONNECTION_CLOSED @ https://d-gm.mmstat.com/aes.1.1:0
[ 2941349ms] [ERROR] Failed to load resource: net::ERR_CONNECTION_CLOSED @ https://d-gm.mmstat.com/aes.1.1:0
[ 2943583ms] [ERROR] Failed to load resource: net::ERR_CONNECTION_CLOSED @ https://log.mmstat.com/eg.js:0
[ 2943616ms] [ERROR] Failed to load resource: net::ERR_CONNECTION_CLOSED @ https://d-gm.mmstat.com/aes.1.1:0
[ 2943616ms] [ERROR] Failed to load resource: net::ERR_CONNECTION_CLOSED @ https://d-gm.mmstat.com/aes.1.1:0
[ 2951437ms] [ERROR] Failed to load resource: net::ERR_CONNECTION_CLOSED @ https://log.mmstat.com/eg.js:0
[ 2951469ms] [ERROR] Failed to load resource: net::ERR_CONNECTION_CLOSED @ https://d-gm.mmstat.com/aes.1.1:0
[ 2951470ms] [ERROR] Failed to load resource: net::ERR_CONNECTION_CLOSED @ https://d-gm.mmstat.com/aes.1.1:0
[ 2953668ms] [ERROR] Failed to load resource: net::ERR_CONNECTION_CLOSED @ https://log.mmstat.com/eg.js:0
[ 2953702ms] [ERROR] Failed to load resource: net::ERR_CONNECTION_CLOSED @ https://d-gm.mmstat.com/aes.1.1:0
[ 2953703ms] [ERROR] Failed to load resource: net::ERR_CONNECTION_CLOSED @ https://d-gm.mmstat.com/aes.1.1:0
[ 2961545ms] [ERROR] Failed to load resource: net::ERR_CONNECTION_CLOSED @ https://log.mmstat.com/eg.js:0
[ 2961577ms] [ERROR] Failed to load resource: net::ERR_CONNECTION_CLOSED @ https://d-gm.mmstat.com/aes.1.1:0
[ 2961577ms] [ERROR] Failed to load resource: net::ERR_CONNECTION_CLOSED @ https://d-gm.mmstat.com/aes.1.1:0
[ 2963840ms] [ERROR] Failed to load resource: net::ERR_CONNECTION_CLOSED @ https://log.mmstat.com/eg.js:0
[ 2963870ms] [ERROR] Failed to load resource: net::ERR_CONNECTION_CLOSED @ https://d-gm.mmstat.com/aes.1.1:0
[ 2963871ms] [ERROR] Failed to load resource: net::ERR_CONNECTION_CLOSED @ https://d-gm.mmstat.com/aes.1.1:0
[ 2971654ms] [ERROR] Failed to load resource: net::ERR_CONNECTION_CLOSED @ https://log.mmstat.com/eg.js:0
[ 2971687ms] [ERROR] Failed to load resource: net::ERR_CONNECTION_CLOSED @ https://d-gm.mmstat.com/aes.1.1:0
[ 2971687ms] [ERROR] Failed to load resource: net::ERR_CONNECTION_CLOSED @ https://d-gm.mmstat.com/aes.1.1:0
[ 2973901ms] [ERROR] Failed to load resource: net::ERR_CONNECTION_CLOSED @ https://log.mmstat.com/eg.js:0
[ 2973934ms] [ERROR] Failed to load resource: net::ERR_CONNECTION_CLOSED @ https://d-gm.mmstat.com/aes.1.1:0
[ 2973934ms] [ERROR] Failed to load resource: net::ERR_CONNECTION_CLOSED @ https://d-gm.mmstat.com/aes.1.1:0
[ 2981775ms] [ERROR] Failed to load resource: net::ERR_CONNECTION_CLOSED @ https://log.mmstat.com/eg.js:0
[ 2981808ms] [ERROR] Failed to load resource: net::ERR_CONNECTION_CLOSED @ https://d-gm.mmstat.com/aes.1.1:0
[ 2981808ms] [ERROR] Failed to load resource: net::ERR_CONNECTION_CLOSED @ https://d-gm.mmstat.com/aes.1.1:0
[ 2984017ms] [ERROR] Failed to load resource: net::ERR_CONNECTION_CLOSED @ https://log.mmstat.com/eg.js:0
[ 2984049ms] [ERROR] Failed to load resource: net::ERR_CONNECTION_CLOSED @ https://d-gm.mmstat.com/aes.1.1:0
[ 2984049ms] [ERROR] Failed to load resource: net::ERR_CONNECTION_CLOSED @ https://d-gm.mmstat.com/aes.1.1:0
[ 2991883ms] [ERROR] Failed to load resource: net::ERR_CONNECTION_CLOSED @ https://log.mmstat.com/eg.js:0
[ 2991915ms] [ERROR] Failed to load resource: net::ERR_CONNECTION_CLOSED @ https://d-gm.mmstat.com/aes.1.1:0
[ 2991915ms] [ERROR] Failed to load resource: net::ERR_CONNECTION_CLOSED @ https://d-gm.mmstat.com/aes.1.1:0
[ 2994203ms] [ERROR] Failed to load resource: net::ERR_CONNECTION_CLOSED @ https://log.mmstat.com/eg.js:0
[ 2994235ms] [ERROR] Failed to load resource: net::ERR_CONNECTION_CLOSED @ https://d-gm.mmstat.com/aes.1.1:0
[ 2994236ms] [ERROR] Failed to load resource: net::ERR_CONNECTION_CLOSED @ https://d-gm.mmstat.com/aes.1.1:0
[ 3002062ms] [ERROR] Failed to load resource: net::ERR_CONNECTION_CLOSED @ https://log.mmstat.com/eg.js:0
[ 3002094ms] [ERROR] Failed to load resource: net::ERR_CONNECTION_CLOSED @ https://d-gm.mmstat.com/aes.1.1:0
[ 3002094ms] [ERROR] Failed to load resource: net::ERR_CONNECTION_CLOSED @ https://d-gm.mmstat.com/aes.1.1:0
[ 3004329ms] [ERROR] Failed to load resource: net::ERR_CONNECTION_CLOSED @ https://log.mmstat.com/eg.js:0
[ 3004360ms] [ERROR] Failed to load resource: net::ERR_CONNECTION_CLOSED @ https://d-gm.mmstat.com/aes.1.1:0
[ 3004361ms] [ERROR] Failed to load resource: net::ERR_CONNECTION_CLOSED @ https://d-gm.mmstat.com/aes.1.1:0
[ 3012156ms] [ERROR] Failed to load resource: net::ERR_CONNECTION_CLOSED @ https://log.mmstat.com/eg.js:0
[ 3012188ms] [ERROR] Failed to load resource: net::ERR_CONNECTION_CLOSED @ https://d-gm.mmstat.com/aes.1.1:0
[ 3012188ms] [ERROR] Failed to load resource: net::ERR_CONNECTION_CLOSED @ https://d-gm.mmstat.com/aes.1.1:0
[ 3014404ms] [ERROR] Failed to load resource: net::ERR_CONNECTION_CLOSED @ https://log.mmstat.com/eg.js:0
[ 3014435ms] [ERROR] Failed to load resource: net::ERR_CONNECTION_CLOSED @ https://d-gm.mmstat.com/aes.1.1:0
[ 3014436ms] [ERROR] Failed to load resource: net::ERR_CONNECTION_CLOSED @ https://d-gm.mmstat.com/aes.1.1:0
[ 3022249ms] [ERROR] Failed to load resource: net::ERR_CONNECTION_CLOSED @ https://log.mmstat.com/eg.js:0
[ 3022282ms] [ERROR] Failed to load resource: net::ERR_CONNECTION_CLOSED @ https://d-gm.mmstat.com/aes.1.1:0
[ 3022282ms] [ERROR] Failed to load resource: net::ERR_CONNECTION_CLOSED @ https://d-gm.mmstat.com/aes.1.1:0
[ 3024507ms] [ERROR] Failed to load resource: net::ERR_CONNECTION_CLOSED @ https://log.mmstat.com/eg.js:0
[ 3024540ms] [ERROR] Failed to load resource: net::ERR_CONNECTION_CLOSED @ https://d-gm.mmstat.com/aes.1.1:0
[ 3024540ms] [ERROR] Failed to load resource: net::ERR_CONNECTION_CLOSED @ https://d-gm.mmstat.com/aes.1.1:0
[ 3032360ms] [ERROR] Failed to load resource: net::ERR_CONNECTION_CLOSED @ https://log.mmstat.com/eg.js:0
[ 3032396ms] [ERROR] Failed to load resource: net::ERR_CONNECTION_CLOSED @ https://d-gm.mmstat.com/aes.1.1:0
[ 3032396ms] [ERROR] Failed to load resource: net::ERR_CONNECTION_CLOSED @ https://d-gm.mmstat.com/aes.1.1:0
[ 3034616ms] [ERROR] Failed to load resource: net::ERR_CONNECTION_CLOSED @ https://log.mmstat.com/eg.js:0
[ 3034648ms] [ERROR] Failed to load resource: net::ERR_CONNECTION_CLOSED @ https://d-gm.mmstat.com/aes.1.1:0
[ 3034648ms] [ERROR] Failed to load resource: net::ERR_CONNECTION_CLOSED @ https://d-gm.mmstat.com/aes.1.1:0
[ 3042532ms] [ERROR] Failed to load resource: net::ERR_CONNECTION_CLOSED @ https://log.mmstat.com/eg.js:0
[ 3042564ms] [ERROR] Failed to load resource: net::ERR_CONNECTION_CLOSED @ https://d-gm.mmstat.com/aes.1.1:0
[ 3042566ms] [ERROR] Failed to load resource: net::ERR_CONNECTION_CLOSED @ https://d-gm.mmstat.com/aes.1.1:0
[ 3044782ms] [ERROR] Failed to load resource: net::ERR_CONNECTION_CLOSED @ https://log.mmstat.com/eg.js:0
[ 3044818ms] [ERROR] Failed to load resource: net::ERR_CONNECTION_CLOSED @ https://d-gm.mmstat.com/aes.1.1:0
[ 3044818ms] [ERROR] Failed to load resource: net::ERR_CONNECTION_CLOSED @ https://d-gm.mmstat.com/aes.1.1:0
[ 3052625ms] [ERROR] Failed to load resource: net::ERR_CONNECTION_CLOSED @ https://log.mmstat.com/eg.js:0
[ 3052656ms] [ERROR] Failed to load resource: net::ERR_CONNECTION_CLOSED @ https://d-gm.mmstat.com/aes.1.1:0
[ 3052656ms] [ERROR] Failed to load resource: net::ERR_CONNECTION_CLOSED @ https://d-gm.mmstat.com/aes.1.1:0
[ 3054891ms] [ERROR] Failed to load resource: net::ERR_CONNECTION_CLOSED @ https://log.mmstat.com/eg.js:0
[ 3054922ms] [ERROR] Failed to load resource: net::ERR_CONNECTION_CLOSED @ https://d-gm.mmstat.com/aes.1.1:0
[ 3054922ms] [ERROR] Failed to load resource: net::ERR_CONNECTION_CLOSED @ https://d-gm.mmstat.com/aes.1.1:0
[ 3062725ms] [ERROR] Failed to load resource: net::ERR_CONNECTION_CLOSED @ https://log.mmstat.com/eg.js:0
[ 3062757ms] [ERROR] Failed to load resource: net::ERR_CONNECTION_CLOSED @ https://d-gm.mmstat.com/aes.1.1:0
[ 3062757ms] [ERROR] Failed to load resource: net::ERR_CONNECTION_CLOSED @ https://d-gm.mmstat.com/aes.1.1:0
[ 3065019ms] [ERROR] Failed to load resource: net::ERR_CONNECTION_CLOSED @ https://log.mmstat.com/eg.js:0
[ 3065052ms] [ERROR] Failed to load resource: net::ERR_CONNECTION_CLOSED @ https://d-gm.mmstat.com/aes.1.1:0
[ 3065052ms] [ERROR] Failed to load resource: net::ERR_CONNECTION_CLOSED @ https://d-gm.mmstat.com/aes.1.1:0
[ 3072848ms] [ERROR] Failed to load resource: net::ERR_CONNECTION_CLOSED @ https://log.mmstat.com/eg.js:0
[ 3072881ms] [ERROR] Failed to load resource: net::ERR_CONNECTION_CLOSED @ https://d-gm.mmstat.com/aes.1.1:0
[ 3072881ms] [ERROR] Failed to load resource: net::ERR_CONNECTION_CLOSED @ https://d-gm.mmstat.com/aes.1.1:0
[ 3075102ms] [ERROR] Failed to load resource: net::ERR_CONNECTION_CLOSED @ https://log.mmstat.com/eg.js:0
[ 3075133ms] [ERROR] Failed to load resource: net::ERR_CONNECTION_CLOSED @ https://d-gm.mmstat.com/aes.1.1:0
[ 3075133ms] [ERROR] Failed to load resource: net::ERR_CONNECTION_CLOSED @ https://d-gm.mmstat.com/aes.1.1:0
[ 3082945ms] [ERROR] Failed to load resource: net::ERR_CONNECTION_CLOSED @ https://log.mmstat.com/eg.js:0
[ 3082980ms] [ERROR] Failed to load resource: net::ERR_CONNECTION_CLOSED @ https://d-gm.mmstat.com/aes.1.1:0
[ 3082980ms] [ERROR] Failed to load resource: net::ERR_CONNECTION_CLOSED @ https://d-gm.mmstat.com/aes.1.1:0
[ 3085235ms] [ERROR] Failed to load resource: net::ERR_CONNECTION_CLOSED @ https://log.mmstat.com/eg.js:0
[ 3085273ms] [ERROR] Failed to load resource: net::ERR_CONNECTION_CLOSED @ https://d-gm.mmstat.com/aes.1.1:0
[ 3085273ms] [ERROR] Failed to load resource: net::ERR_CONNECTION_CLOSED @ https://d-gm.mmstat.com/aes.1.1:0
